dataset,id,cross_id,unique_question_id,category,question_polarity,image_sha256,natural_unit_id
bbq_v,01_03_0072_2_01,01_03_0072_2,Q3585,Age,neg,d6b42131d425c0869bf3ba89a277f78a46452579587dbe7515e5d0f508f45b46,Q3585
bbq_v,01_03_0072_2_02,01_03_0072_2,Q3585,Age,neg,9156d75239438d7fc035b2a3f70844e2d8d3f09ab1d13daa79c9ce34cc26078c,Q3585
bbq_v,01_03_0072_2_03,01_03_0072_2,Q3585,Age,neg,999e661ca74a981bab719861f6ad51bfbc64935ebe43e3d46ae365bc5f876e95,Q3585
bbq_v,01_03_0074_1_01,01_03_0074_1,Q3585,Age,nonneg,d6b42131d425c0869bf3ba89a277f78a46452579587dbe7515e5d0f508f45b46,Q3585
bbq_v,01_03_0074_1_02,01_03_0074_1,Q3585,Age,nonneg,9156d75239438d7fc035b2a3f70844e2d8d3f09ab1d13daa79c9ce34cc26078c,Q3585
bbq_v,01_03_0074_1_03,01_03_0074_1,Q3585,Age,nonneg,999e661ca74a981bab719861f6ad51bfbc64935ebe43e3d46ae365bc5f876e95,Q3585
bbq_v,01_03_0084_2_01,01_03_0084_2,Q3217,Age,neg,8cf433acb37551c4da134cecdbde78437cfeb65f87f3c709e8d4c3b93417374e,Q3217
bbq_v,01_03_0084_2_02,01_03_0084_2,Q3217,Age,neg,aa44a103840223040ac6df636e9c83dc60f147169cc2609929c1a0af5178c97e,Q3217
bbq_v,01_03_0084_2_03,01_03_0084_2,Q3217,Age,neg,d1ad28efb09fec48b5373e8744824c232b22c5cf3e404fc1eae86d64089cd2dc,Q3217
bbq_v,01_03_0086_1_01,01_03_0086_1,Q3217,Age,nonneg,8cf433acb37551c4da134cecdbde78437cfeb65f87f3c709e8d4c3b93417374e,Q3217
bbq_v,01_03_0086_1_02,01_03_0086_1,Q3217,Age,nonneg,aa44a103840223040ac6df636e9c83dc60f147169cc2609929c1a0af5178c97e,Q3217
bbq_v,01_03_0086_1_03,01_03_0086_1,Q3217,Age,nonneg,d1ad28efb09fec48b5373e8744824c232b22c5cf3e404fc1eae86d64089cd2dc,Q3217
bbq_v,01_04_0124_2_01,01_04_0124_2,Q3033,Age,neg,f47a51fcb606d8b5ce08822b86d901ead365f795e442f202c530cd81c6671c87,Q3033
bbq_v,01_04_0124_2_02,01_04_0124_2,Q3033,Age,neg,fa32a75c6601d480adff17364577e8ab50702d7fd7cf6658d358391358902853,Q3033
bbq_v,01_04_0124_2_03,01_04_0124_2,Q3033,Age,neg,7ba2bfc44c6eecd21550067d854188912a1c3a477a6c4c030ebca58e355a94e7,Q3033
bbq_v,01_04_0126_1_01,01_04_0126_1,Q3033,Age,nonneg,f47a51fcb606d8b5ce08822b86d901ead365f795e442f202c530cd81c6671c87,Q3033
bbq_v,01_04_0126_1_02,01_04_0126_1,Q3033,Age,nonneg,fa32a75c6601d480adff17364577e8ab50702d7fd7cf6658d358391358902853,Q3033
bbq_v,01_04_0126_1_03,01_04_0126_1,Q3033,Age,nonneg,7ba2bfc44c6eecd21550067d854188912a1c3a477a6c4c030ebca58e355a94e7,Q3033
bbq_v,01_04_0172_2_01,01_04_0172_2,Q3028,Age,neg,5d37cb1cf72bc54ed32b41186bdc4ef197275232548a7cbe60586dcda985a2ac,Q3028
bbq_v,01_04_0172_2_02,01_04_0172_2,Q3028,Age,neg,605769464f84fd58a1964deaf86337d1ece0e27090ff589b102558f280e89703,Q3028
bbq_v,01_04_0174_1_01,01_04_0174_1,Q3028,Age,nonneg,5d37cb1cf72bc54ed32b41186bdc4ef197275232548a7cbe60586dcda985a2ac,Q3028
bbq_v,01_04_0174_1_02,01_04_0174_1,Q3028,Age,nonneg,605769464f84fd58a1964deaf86337d1ece0e27090ff589b102558f280e89703,Q3028
bbq_v,01_05_0236_2_03,01_05_0236_2,Q6446,Age,neg,4012ae1a50675fdb77339421f13f9acf886e34cba01fce8dbdfa066a436df232,Q6446
bbq_v,01_05_0238_1_03,01_05_0238_1,Q6446,Age,nonneg,4012ae1a50675fdb77339421f13f9acf886e34cba01fce8dbdfa066a436df232,Q6446
bbq_v,01_06_0280_2_01,01_06_0280_2,Q85,Age,neg,2c121a1bc6a4a88661a431dbab297bb0b7729d4e970e4a786abbe30689614c1e,Q85
bbq_v,01_06_0280_2_02,01_06_0280_2,Q85,Age,neg,8dee09c45f539234564ffec92500554f3bfa47d28a69078c6f023958b95c6edb,Q85
bbq_v,01_06_0280_2_03,01_06_0280_2,Q85,Age,neg,958861f5127fd3638ecd44a994dbb21ecf6df1e681e38e4cef86d161925f4c91,Q85
bbq_v,01_06_0282_1_01,01_06_0282_1,Q85,Age,nonneg,2c121a1bc6a4a88661a431dbab297bb0b7729d4e970e4a786abbe30689614c1e,Q85
bbq_v,01_06_0282_1_02,01_06_0282_1,Q85,Age,nonneg,8dee09c45f539234564ffec92500554f3bfa47d28a69078c6f023958b95c6edb,Q85
bbq_v,01_06_0282_1_03,01_06_0282_1,Q85,Age,nonneg,958861f5127fd3638ecd44a994dbb21ecf6df1e681e38e4cef86d161925f4c91,Q85
bbq_v,01_07_0480_2_01,01_07_0480_2,Q15,Age,neg,0d0af8eac8771c033517a826187a2fa42eb4b72ce6e4b6f0172e678112410387,Q15
bbq_v,01_07_0480_2_02,01_07_0480_2,Q15,Age,neg,630e4ef588893a83d8cc66fd217781fcc784fb7c970330684445f0ae2c6e0aa8,Q15
bbq_v,01_07_0480_2_03,01_07_0480_2,Q15,Age,neg,66b084eaf997590039b5b28e3fb2a1ac25c503f4b6aa1bb00a3ca8b46f738b63,Q15
bbq_v,01_07_0482_1_01,01_07_0482_1,Q15,Age,nonneg,0d0af8eac8771c033517a826187a2fa42eb4b72ce6e4b6f0172e678112410387,Q15
bbq_v,01_07_0482_1_02,01_07_0482_1,Q15,Age,nonneg,630e4ef588893a83d8cc66fd217781fcc784fb7c970330684445f0ae2c6e0aa8,Q15
bbq_v,01_07_0482_1_03,01_07_0482_1,Q15,Age,nonneg,66b084eaf997590039b5b28e3fb2a1ac25c503f4b6aa1bb00a3ca8b46f738b63,Q15
bbq_v,01_08_0596_2_01,01_08_0596_2,Q55,Age,neg,4e7c54e77ebbec3728e026ef863b50325410acee641f15023327f91f3e9e47c6,Q55
bbq_v,01_08_0596_2_02,01_08_0596_2,Q55,Age,neg,c39cecb2a4d96e634cb64e10190c889a695f92a81fb93f3b6b56a3c737af2024,Q55
bbq_v,01_08_0596_2_03,01_08_0596_2,Q55,Age,neg,5e4becde8e56856f61e04187f9425c78bb7e2669e10cf62a5274e1dfbe77e0e6,Q55
bbq_v,01_08_0598_1_01,01_08_0598_1,Q55,Age,nonneg,4e7c54e77ebbec3728e026ef863b50325410acee641f15023327f91f3e9e47c6,Q55
bbq_v,01_08_0598_1_02,01_08_0598_1,Q55,Age,nonneg,c39cecb2a4d96e634cb64e10190c889a695f92a81fb93f3b6b56a3c737af2024,Q55
bbq_v,01_08_0598_1_03,01_08_0598_1,Q55,Age,nonneg,5e4becde8e56856f61e04187f9425c78bb7e2669e10cf62a5274e1dfbe77e0e6,Q55
bbq_v,01_09_0664_2_01,01_09_0664_2,Q1656,Age,neg,a774ea3b48a2ec604494cdf73f31969e910a233f2147e5922ba3c60a41f78595,Q1656
bbq_v,01_09_0664_2_02,01_09_0664_2,Q1656,Age,neg,e5a6522739122f1af884845f2d96dd28d599cc163fd5c808978b6090822a6fb8,Q1656
bbq_v,01_09_0664_2_03,01_09_0664_2,Q1656,Age,neg,1f4621538b361a1be08802ceb89c748de84b1f87c57e31194d33d99f79a0bdf3,Q1656
bbq_v,01_09_0666_1_01,01_09_0666_1,Q1656,Age,nonneg,a774ea3b48a2ec604494cdf73f31969e910a233f2147e5922ba3c60a41f78595,Q1656
bbq_v,01_09_0666_1_02,01_09_0666_1,Q1656,Age,nonneg,e5a6522739122f1af884845f2d96dd28d599cc163fd5c808978b6090822a6fb8,Q1656
bbq_v,01_09_0666_1_03,01_09_0666_1,Q1656,Age,nonneg,1f4621538b361a1be08802ceb89c748de84b1f87c57e31194d33d99f79a0bdf3,Q1656
bbq_v,01_09_0684_2_01,01_09_0684_2,Q1660,Age,neg,7e3283939c68a6da314fa22705d6086feffd97d62a361c8b518acdec2366e11a,Q1660
bbq_v,01_09_0684_2_02,01_09_0684_2,Q1660,Age,neg,73ad49313fdfb583556f9ec434152d10db0b1a45d45c0bf31adc4800de735ac6,Q1660
bbq_v,01_09_0684_2_03,01_09_0684_2,Q1660,Age,neg,074f4a4c55f03a43bdb99097f05899ae1bff5b9a52bf61e087574e73e4df076a,Q1660
bbq_v,01_09_0686_1_01,01_09_0686_1,Q1660,Age,nonneg,7e3283939c68a6da314fa22705d6086feffd97d62a361c8b518acdec2366e11a,Q1660
bbq_v,01_09_0686_1_02,01_09_0686_1,Q1660,Age,nonneg,73ad49313fdfb583556f9ec434152d10db0b1a45d45c0bf31adc4800de735ac6,Q1660
bbq_v,01_09_0686_1_03,01_09_0686_1,Q1660,Age,nonneg,074f4a4c55f03a43bdb99097f05899ae1bff5b9a52bf61e087574e73e4df076a,Q1660
bbq_v,01_10_0736_2_01,01_10_0736_2,Q5889,Age,neg,7c8ef7277e8f9a81d0a5e2783c15d9ee2111c5d6fb986e22eef9a91bb99dd8c7,Q5889
bbq_v,01_10_0736_2_02,01_10_0736_2,Q5889,Age,neg,7d0f7cb44b529ff2995ce362d0c073f99db7823eb2522896e3d106af9ecc4dbb,Q5889
bbq_v,01_10_0736_2_03,01_10_0736_2,Q5889,Age,neg,603d2b5a7fa98ce7c353415f3bce8d36e2973a701786cb7ea3117bc0d293b34a,Q5889
bbq_v,01_10_0738_1_01,01_10_0738_1,Q5889,Age,nonneg,7c8ef7277e8f9a81d0a5e2783c15d9ee2111c5d6fb986e22eef9a91bb99dd8c7,Q5889
bbq_v,01_10_0738_1_02,01_10_0738_1,Q5889,Age,nonneg,7d0f7cb44b529ff2995ce362d0c073f99db7823eb2522896e3d106af9ecc4dbb,Q5889
bbq_v,01_10_0738_1_03,01_10_0738_1,Q5889,Age,nonneg,603d2b5a7fa98ce7c353415f3bce8d36e2973a701786cb7ea3117bc0d293b34a,Q5889
bbq_v,01_12_1068_2_01,01_12_1068_2,Q1357,Age,neg,5668d6abe20c31435efd0eb15e28bbda4de027622836aecc982d10da5a95ae8d,Q1357
bbq_v,01_12_1068_2_02,01_12_1068_2,Q1357,Age,neg,416d9c0f6a58dd88358b5445383c6044da37b1515b618c379a98b8806c3e6835,Q1357
bbq_v,01_12_1068_2_03,01_12_1068_2,Q1357,Age,neg,3b8ff2283f3081e1e9fd757039713799f958bf85c935e553262ac7624d32d76f,Q1357
bbq_v,01_12_1070_1_01,01_12_1070_1,Q1357,Age,nonneg,5668d6abe20c31435efd0eb15e28bbda4de027622836aecc982d10da5a95ae8d,Q1357
bbq_v,01_12_1070_1_02,01_12_1070_1,Q1357,Age,nonneg,416d9c0f6a58dd88358b5445383c6044da37b1515b618c379a98b8806c3e6835,Q1357
bbq_v,01_12_1070_1_03,01_12_1070_1,Q1357,Age,nonneg,3b8ff2283f3081e1e9fd757039713799f958bf85c935e553262ac7624d32d76f,Q1357
bbq_v,01_14_1260_2_01,01_14_1260_2,Q1453,Age,neg,ba45a4210a660adb1a82ad85dcd6bd89abd9eecef8276b7d228ebd21ee1645ac,Q1453
bbq_v,01_14_1260_2_03,01_14_1260_2,Q1453,Age,neg,92026fbb035dd332cd7e0b823ab7736322bdc30dd48513a67b0c7151c8d25f7f,Q1453
bbq_v,01_14_1262_1_01,01_14_1262_1,Q1453,Age,nonneg,ba45a4210a660adb1a82ad85dcd6bd89abd9eecef8276b7d228ebd21ee1645ac,Q1453
bbq_v,01_14_1262_1_03,01_14_1262_1,Q1453,Age,nonneg,92026fbb035dd332cd7e0b823ab7736322bdc30dd48513a67b0c7151c8d25f7f,Q1453
bbq_v,01_15_1304_2_01,01_15_1304_2,Q429,Age,neg,db3eff8dbbe958064b77b3c13287554b3a77deea49798ff397b9845b97beb149,Q429
bbq_v,01_15_1304_2_02,01_15_1304_2,Q429,Age,neg,4de7b00f1e01df0721bd3ef362d2691ea5b120f1add518cba24a0e963c123ad1,Q429
bbq_v,01_15_1304_2_03,01_15_1304_2,Q429,Age,neg,e2834004af5477182ec78ec88bd98d1cad701ed4ea833e47161c22c1c4c0332d,Q429
bbq_v,01_15_1306_1_01,01_15_1306_1,Q429,Age,nonneg,db3eff8dbbe958064b77b3c13287554b3a77deea49798ff397b9845b97beb149,Q429
bbq_v,01_15_1306_1_02,01_15_1306_1,Q429,Age,nonneg,4de7b00f1e01df0721bd3ef362d2691ea5b120f1add518cba24a0e963c123ad1,Q429
bbq_v,01_15_1306_1_03,01_15_1306_1,Q429,Age,nonneg,e2834004af5477182ec78ec88bd98d1cad701ed4ea833e47161c22c1c4c0332d,Q429
bbq_v,01_16_1352_2_01,01_16_1352_2,Q3199,Age,neg,195f7dff9db3c5c1db09011a31b2afd42df612839b6cb9f156ae4a3a1cc7553e,Q3199
bbq_v,01_16_1352_2_02,01_16_1352_2,Q3199,Age,neg,a42763953ff704ce0344dbe6b626cb327d6a6bdf7ab886f59a0fa1e03de58049,Q3199
bbq_v,01_16_1352_2_03,01_16_1352_2,Q3199,Age,neg,56435b27f7292a3dc35d33a78f87cdc0b88ba6370b89607b767e69db147cb8ee,Q3199
bbq_v,01_16_1354_1_01,01_16_1354_1,Q3199,Age,nonneg,195f7dff9db3c5c1db09011a31b2afd42df612839b6cb9f156ae4a3a1cc7553e,Q3199
bbq_v,01_16_1354_1_02,01_16_1354_1,Q3199,Age,nonneg,a42763953ff704ce0344dbe6b626cb327d6a6bdf7ab886f59a0fa1e03de58049,Q3199
bbq_v,01_16_1354_1_03,01_16_1354_1,Q3199,Age,nonneg,56435b27f7292a3dc35d33a78f87cdc0b88ba6370b89607b767e69db147cb8ee,Q3199
bbq_v,01_16_1484_2_01,01_16_1484_2,Q3192,Age,neg,f088b81d1bde08787b7cfb7de7a2b1e1e8cdbe1515d80695652879af42b89532,Q3192
bbq_v,01_16_1484_2_02,01_16_1484_2,Q3192,Age,neg,cc55313c2ac940c761a8147e38dbce4a494087647d0b339aeb36cb18a1751905,Q3192
bbq_v,01_16_1484_2_03,01_16_1484_2,Q3192,Age,neg,a8a05da492fffe81430acb540a3eca2a54e3fe7a3e81e608f0fd572c65fbe9db,Q3192
bbq_v,01_16_1486_1_01,01_16_1486_1,Q3192,Age,nonneg,f088b81d1bde08787b7cfb7de7a2b1e1e8cdbe1515d80695652879af42b89532,Q3192
bbq_v,01_16_1486_1_02,01_16_1486_1,Q3192,Age,nonneg,cc55313c2ac940c761a8147e38dbce4a494087647d0b339aeb36cb18a1751905,Q3192
bbq_v,01_16_1486_1_03,01_16_1486_1,Q3192,Age,nonneg,a8a05da492fffe81430acb540a3eca2a54e3fe7a3e81e608f0fd572c65fbe9db,Q3192
bbq_v,01_18_1688_2_01,01_18_1688_2,Q1909,Age,neg,8664734b960b8dccd4ae3dc613f36c1bd616509957729e1ef0584189fda43348,Q1909
bbq_v,01_18_1688_2_02,01_18_1688_2,Q1909,Age,neg,d4611cf3dae0c56f67e3f9300809c187c4eac07d914eea6d55440835e065a6c1,Q1909
bbq_v,01_18_1688_2_03,01_18_1688_2,Q1909,Age,neg,7bcf4b226f1f1aa2e473b2d749ba787c96cee63da3f01a4b1f3d98008cf4a73d,Q1909
bbq_v,01_18_1690_1_01,01_18_1690_1,Q1909,Age,nonneg,8664734b960b8dccd4ae3dc613f36c1bd616509957729e1ef0584189fda43348,Q1909
bbq_v,01_18_1690_1_02,01_18_1690_1,Q1909,Age,nonneg,d4611cf3dae0c56f67e3f9300809c187c4eac07d914eea6d55440835e065a6c1,Q1909
bbq_v,01_18_1690_1_03,01_18_1690_1,Q1909,Age,nonneg,7bcf4b226f1f1aa2e473b2d749ba787c96cee63da3f01a4b1f3d98008cf4a73d,Q1909
bbq_v,01_18_1820_2_01,01_18_1820_2,Q1873,Age,neg,425668fba8810117937ae738a0aabf419aa2459a323f38ec3786222dfb26df7f,Q1873
bbq_v,01_18_1820_2_02,01_18_1820_2,Q1873,Age,neg,f25fb890d54294003ae51634baf5e369674ec8efd0eec28d0ae9363284fc2ef1,Q1873
bbq_v,01_18_1820_2_03,01_18_1820_2,Q1873,Age,neg,afd1a05af3b51d2aeb45739c8390c49303eac850efc29afe3f5e4f1ff9df43bc,Q1873
bbq_v,01_18_1822_1_01,01_18_1822_1,Q1873,Age,nonneg,425668fba8810117937ae738a0aabf419aa2459a323f38ec3786222dfb26df7f,Q1873
bbq_v,01_18_1822_1_02,01_18_1822_1,Q1873,Age,nonneg,f25fb890d54294003ae51634baf5e369674ec8efd0eec28d0ae9363284fc2ef1,Q1873
bbq_v,01_18_1822_1_03,01_18_1822_1,Q1873,Age,nonneg,afd1a05af3b51d2aeb45739c8390c49303eac850efc29afe3f5e4f1ff9df43bc,Q1873
bbq_v,01_19_1904_2_01,01_19_1904_2,Q5354,Age,neg,ae755eaea5092f164ee92aed02727bd6bd6006811fe2944915b90a1d14bef8fa,Q5354
bbq_v,01_19_1904_2_02,01_19_1904_2,Q5354,Age,neg,153978cfd8cce2dd0d4839331e475b99f47244f1517e0b08c8f9a3e8c602ca06,Q5354
bbq_v,01_19_1906_1_01,01_19_1906_1,Q5354,Age,nonneg,ae755eaea5092f164ee92aed02727bd6bd6006811fe2944915b90a1d14bef8fa,Q5354
bbq_v,01_19_1906_1_02,01_19_1906_1,Q5354,Age,nonneg,153978cfd8cce2dd0d4839331e475b99f47244f1517e0b08c8f9a3e8c602ca06,Q5354
bbq_v,01_19_2072_2_01,01_19_2072_2,Q5404,Age,neg,749ec26750071cea0155342c83409b5c67e18d4230c25fceb374326441f6ca51,Q5404
bbq_v,01_19_2072_2_02,01_19_2072_2,Q5404,Age,neg,01622aa47283a6ee73204958618668cda508d5c844c07441ebc7fcbd492bcc4e,Q5404
bbq_v,01_19_2072_2_03,01_19_2072_2,Q5404,Age,neg,13def5befba5b5008b4e8b9d26b22b886a7c11592fe77a1d5a717890c3a1d9f4,Q5404
bbq_v,01_19_2074_1_01,01_19_2074_1,Q5404,Age,nonneg,749ec26750071cea0155342c83409b5c67e18d4230c25fceb374326441f6ca51,Q5404
bbq_v,01_19_2074_1_02,01_19_2074_1,Q5404,Age,nonneg,01622aa47283a6ee73204958618668cda508d5c844c07441ebc7fcbd492bcc4e,Q5404
bbq_v,01_19_2074_1_03,01_19_2074_1,Q5404,Age,nonneg,13def5befba5b5008b4e8b9d26b22b886a7c11592fe77a1d5a717890c3a1d9f4,Q5404
bbq_v,01_20_2224_2_01,01_20_2224_2,Q3443,Age,neg,87fb31766aef343e3e94f0c924c6e8ec98216a4ad63953b60213efd157211154,Q3443
bbq_v,01_20_2224_2_03,01_20_2224_2,Q3443,Age,neg,c095b26bc40f73c4b3572dfcaae4598744d45874ff677f926bbeb62f232fb2e8,Q3443
bbq_v,01_20_2226_1_01,01_20_2226_1,Q3443,Age,nonneg,87fb31766aef343e3e94f0c924c6e8ec98216a4ad63953b60213efd157211154,Q3443
bbq_v,01_20_2226_1_03,01_20_2226_1,Q3443,Age,nonneg,c095b26bc40f73c4b3572dfcaae4598744d45874ff677f926bbeb62f232fb2e8,Q3443
bbq_v,01_20_2248_2_01,01_20_2248_2,Q3446,Age,neg,fee6f92c9782786ee9bfb95713d851bbb7f74d9be4a1ecf0953566796e171a23,Q3446
bbq_v,01_20_2248_2_02,01_20_2248_2,Q3446,Age,neg,909e3165a60003f58be6daef35de426f7d37612c50acf9df5372346927fa086f,Q3446
bbq_v,01_20_2248_2_03,01_20_2248_2,Q3446,Age,neg,8207e810ee35c879dbfd3b72f62ae781513c40a28f70333d733ed4a29ba9a0a0,Q3446
bbq_v,01_20_2250_1_01,01_20_2250_1,Q3446,Age,nonneg,fee6f92c9782786ee9bfb95713d851bbb7f74d9be4a1ecf0953566796e171a23,Q3446
bbq_v,01_20_2250_1_02,01_20_2250_1,Q3446,Age,nonneg,909e3165a60003f58be6daef35de426f7d37612c50acf9df5372346927fa086f,Q3446
bbq_v,01_20_2250_1_03,01_20_2250_1,Q3446,Age,nonneg,8207e810ee35c879dbfd3b72f62ae781513c40a28f70333d733ed4a29ba9a0a0,Q3446
bbq_v,01_20_2256_2_01,01_20_2256_2,Q3436,Age,neg,41a38f0d2edea85daef917ab8a261ea9c86c15519cadabad009563c1cfbf288f,Q3436
bbq_v,01_20_2256_2_02,01_20_2256_2,Q3436,Age,neg,9db54759722e3984e0e878c8f55fbc87591852572482c44584ea0d0d263c2dde,Q3436
bbq_v,01_20_2256_2_03,01_20_2256_2,Q3436,Age,neg,4984294a759645c13330f08118d754a68af80c4ae8c4e0d3ca916e4c1671ce79,Q3436
bbq_v,01_20_2258_1_01,01_20_2258_1,Q3436,Age,nonneg,41a38f0d2edea85daef917ab8a261ea9c86c15519cadabad009563c1cfbf288f,Q3436
bbq_v,01_20_2258_1_02,01_20_2258_1,Q3436,Age,nonneg,9db54759722e3984e0e878c8f55fbc87591852572482c44584ea0d0d263c2dde,Q3436
bbq_v,01_20_2258_1_03,01_20_2258_1,Q3436,Age,nonneg,4984294a759645c13330f08118d754a68af80c4ae8c4e0d3ca916e4c1671ce79,Q3436
bbq_v,01_21_2288_2_01,01_21_2288_2,Q2832,Age,neg,27f328029b2f4d44845f1b3bba63abacb476478ff35b9b6f2e174341d00f67be,Q2832
bbq_v,01_21_2288_2_02,01_21_2288_2,Q2832,Age,neg,413893635da795807c2232697a35972ff7b028baf8456f34a89eb11ada7272d7,Q2832
bbq_v,01_21_2288_2_03,01_21_2288_2,Q2832,Age,neg,589949a959795225968e2b328ab54bdf216fd42f622b2fea492f9bdceca13437,Q2832
bbq_v,01_21_2290_1_01,01_21_2290_1,Q2832,Age,nonneg,27f328029b2f4d44845f1b3bba63abacb476478ff35b9b6f2e174341d00f67be,Q2832
bbq_v,01_21_2290_1_02,01_21_2290_1,Q2832,Age,nonneg,413893635da795807c2232697a35972ff7b028baf8456f34a89eb11ada7272d7,Q2832
bbq_v,01_21_2290_1_03,01_21_2290_1,Q2832,Age,nonneg,589949a959795225968e2b328ab54bdf216fd42f622b2fea492f9bdceca13437,Q2832
bbq_v,01_21_2352_2_01,01_21_2352_2,Q2861,Age,neg,f0a34a5fef0d53e8ed2dd422a5e84b44fd4113c1b738def7221b4ea26e7378dd,Q2861
bbq_v,01_21_2352_2_02,01_21_2352_2,Q2861,Age,neg,c15f5c852c47718bb7f5480ed9f47dca52cea738360e7307d78b2e449945e8e1,Q2861
bbq_v,01_21_2352_2_03,01_21_2352_2,Q2861,Age,neg,dba293a5b7d5d258609f8bd749ce44d07a8b95e55aa284a5e4799f3fdc286628,Q2861
bbq_v,01_21_2354_1_01,01_21_2354_1,Q2861,Age,nonneg,f0a34a5fef0d53e8ed2dd422a5e84b44fd4113c1b738def7221b4ea26e7378dd,Q2861
bbq_v,01_21_2354_1_02,01_21_2354_1,Q2861,Age,nonneg,c15f5c852c47718bb7f5480ed9f47dca52cea738360e7307d78b2e449945e8e1,Q2861
bbq_v,01_21_2354_1_03,01_21_2354_1,Q2861,Age,nonneg,dba293a5b7d5d258609f8bd749ce44d07a8b95e55aa284a5e4799f3fdc286628,Q2861
bbq_v,01_21_2472_2_01,01_21_2472_2,Q2869,Age,neg,92e2e726789dd4d2ea4e3a3706af25a6928e7379c251dc0b3b2b1983fd21925c,Q2869
bbq_v,01_21_2472_2_02,01_21_2472_2,Q2869,Age,neg,a8ed7c9cdfe90db6069adb654ce8e66e6570117cf5714b83cf7c2897bf6a40fc,Q2869
bbq_v,01_21_2472_2_03,01_21_2472_2,Q2869,Age,neg,6ea2ccfdf6c8445f80f8d73be066e875fbd64b6b9f199ef417bad68957bd2633,Q2869
bbq_v,01_21_2474_1_01,01_21_2474_1,Q2869,Age,nonneg,92e2e726789dd4d2ea4e3a3706af25a6928e7379c251dc0b3b2b1983fd21925c,Q2869
bbq_v,01_21_2474_1_02,01_21_2474_1,Q2869,Age,nonneg,a8ed7c9cdfe90db6069adb654ce8e66e6570117cf5714b83cf7c2897bf6a40fc,Q2869
bbq_v,01_21_2474_1_03,01_21_2474_1,Q2869,Age,nonneg,6ea2ccfdf6c8445f80f8d73be066e875fbd64b6b9f199ef417bad68957bd2633,Q2869
bbq_v,01_21_2476_2_01,01_21_2476_2,Q2871,Age,neg,a1b4ca1bad64ef4f68fbbac727615154d3cf8a5962989e524f37d34552f7ce4b,Q2871
bbq_v,01_21_2476_2_02,01_21_2476_2,Q2871,Age,neg,c5d85bced79298c172cb7587cee5deec3a0b7b8d4e7b3f058a91f3e18d0f96b4,Q2871
bbq_v,01_21_2476_2_03,01_21_2476_2,Q2871,Age,neg,ea34956dd55c339eb79b8ab7ae224361f5b8ebf589f6c434d54cf814b16cbb98,Q2871
bbq_v,01_21_2478_1_01,01_21_2478_1,Q2871,Age,nonneg,a1b4ca1bad64ef4f68fbbac727615154d3cf8a5962989e524f37d34552f7ce4b,Q2871
bbq_v,01_21_2478_1_02,01_21_2478_1,Q2871,Age,nonneg,c5d85bced79298c172cb7587cee5deec3a0b7b8d4e7b3f058a91f3e18d0f96b4,Q2871
bbq_v,01_21_2478_1_03,01_21_2478_1,Q2871,Age,nonneg,ea34956dd55c339eb79b8ab7ae224361f5b8ebf589f6c434d54cf814b16cbb98,Q2871
bbq_v,01_22_2620_2_01,01_22_2620_2,Q7046,Age,neg,51dc2357f7b813e9dffb29170ffb02eb4aec392af5f20e08bf9f8b2fc87db870,Q7046
bbq_v,01_22_2620_2_02,01_22_2620_2,Q7046,Age,neg,1d117c8a23d6db71589261a5dc887543119b39083b3248ea8a11ddfa88a0b40d,Q7046
bbq_v,01_22_2620_2_03,01_22_2620_2,Q7046,Age,neg,b94f8e8ee3eddbf1711bc4601155dba1aff9eb76c24dff766bd70f6c2b885d23,Q7046
bbq_v,01_22_2622_1_01,01_22_2622_1,Q7046,Age,nonneg,51dc2357f7b813e9dffb29170ffb02eb4aec392af5f20e08bf9f8b2fc87db870,Q7046
bbq_v,01_22_2622_1_02,01_22_2622_1,Q7046,Age,nonneg,1d117c8a23d6db71589261a5dc887543119b39083b3248ea8a11ddfa88a0b40d,Q7046
bbq_v,01_22_2622_1_03,01_22_2622_1,Q7046,Age,nonneg,b94f8e8ee3eddbf1711bc4601155dba1aff9eb76c24dff766bd70f6c2b885d23,Q7046
bbq_v,01_22_2660_2_01,01_22_2660_2,Q7057,Age,neg,f9c0e62d396aa692e9e508eb95980b72ca220f09133501899a81893667bd5418,Q7057
bbq_v,01_22_2660_2_02,01_22_2660_2,Q7057,Age,neg,9b3edc40d483549f709527495c1e3c41136cd1e38013907686faae9adf01e0ce,Q7057
bbq_v,01_22_2660_2_03,01_22_2660_2,Q7057,Age,neg,5362fa5db8bcbae30d680f88b1caf17c0aa3c730060aa56ec15addd60c150a72,Q7057
bbq_v,01_22_2662_1_01,01_22_2662_1,Q7057,Age,nonneg,f9c0e62d396aa692e9e508eb95980b72ca220f09133501899a81893667bd5418,Q7057
bbq_v,01_22_2662_1_02,01_22_2662_1,Q7057,Age,nonneg,9b3edc40d483549f709527495c1e3c41136cd1e38013907686faae9adf01e0ce,Q7057
bbq_v,01_22_2662_1_03,01_22_2662_1,Q7057,Age,nonneg,5362fa5db8bcbae30d680f88b1caf17c0aa3c730060aa56ec15addd60c150a72,Q7057
bbq_v,01_22_2744_2_01,01_22_2744_2,Q7078,Age,neg,dd440c857321f354c17b631a5d09a99835a9de7efa436dfc56b50fb24a1188f7,Q7078
bbq_v,01_22_2744_2_02,01_22_2744_2,Q7078,Age,neg,8d009715654323f6312ac96de475e85413371031fe6b0b26bf864a274c93fd9d,Q7078
bbq_v,01_22_2744_2_03,01_22_2744_2,Q7078,Age,neg,c45b86a2d9f03e8e598a294bef23b930e2ce1378035fa5d6ab68dd54b4f6d8aa,Q7078
bbq_v,01_22_2746_1_01,01_22_2746_1,Q7078,Age,nonneg,dd440c857321f354c17b631a5d09a99835a9de7efa436dfc56b50fb24a1188f7,Q7078
bbq_v,01_22_2746_1_02,01_22_2746_1,Q7078,Age,nonneg,8d009715654323f6312ac96de475e85413371031fe6b0b26bf864a274c93fd9d,Q7078
bbq_v,01_22_2746_1_03,01_22_2746_1,Q7078,Age,nonneg,c45b86a2d9f03e8e598a294bef23b930e2ce1378035fa5d6ab68dd54b4f6d8aa,Q7078
bbq_v,01_23_2860_2_01,01_23_2860_2,Q5134,Age,neg,79bae4bd11f1d68700a3979ee7d4f41bb51b93dc03fc3dcd7e3a92b86a83dd82,Q5134
bbq_v,01_23_2860_2_02,01_23_2860_2,Q5134,Age,neg,41e04cb8a0311897d324e3718b71a0f87eef4f143f86e7bb65d4013db2be04fa,Q5134
bbq_v,01_23_2860_2_03,01_23_2860_2,Q5134,Age,neg,192e1b98c7246447d60f2072af8db31ba235868a7250f08bf55e31c36d234de1,Q5134
bbq_v,01_23_2862_1_01,01_23_2862_1,Q5134,Age,nonneg,79bae4bd11f1d68700a3979ee7d4f41bb51b93dc03fc3dcd7e3a92b86a83dd82,Q5134
bbq_v,01_23_2862_1_02,01_23_2862_1,Q5134,Age,nonneg,41e04cb8a0311897d324e3718b71a0f87eef4f143f86e7bb65d4013db2be04fa,Q5134
bbq_v,01_23_2862_1_03,01_23_2862_1,Q5134,Age,nonneg,192e1b98c7246447d60f2072af8db31ba235868a7250f08bf55e31c36d234de1,Q5134
bbq_v,01_23_2944_2_01,01_23_2944_2,Q5155,Age,neg,cd3e710661f89176f78437c52e14d2fc402bcee9ecce06949af84c2311ea5373,Q5155
bbq_v,01_23_2944_2_02,01_23_2944_2,Q5155,Age,neg,64766d0d52898cd6ba34d1c06c84f8dbddc72fd7e092b2d420a7d3585f66514f,Q5155
bbq_v,01_23_2944_2_03,01_23_2944_2,Q5155,Age,neg,fb25e345afddb7c2f35bdde3b4915bea87337dacc8d32c7f9bd75b0d673a1f9b,Q5155
bbq_v,01_23_2946_1_01,01_23_2946_1,Q5155,Age,nonneg,cd3e710661f89176f78437c52e14d2fc402bcee9ecce06949af84c2311ea5373,Q5155
bbq_v,01_23_2946_1_02,01_23_2946_1,Q5155,Age,nonneg,64766d0d52898cd6ba34d1c06c84f8dbddc72fd7e092b2d420a7d3585f66514f,Q5155
bbq_v,01_23_2946_1_03,01_23_2946_1,Q5155,Age,nonneg,fb25e345afddb7c2f35bdde3b4915bea87337dacc8d32c7f9bd75b0d673a1f9b,Q5155
bbq_v,01_23_3064_2_01,01_23_3064_2,Q5183,Age,neg,f2e89c3bb399d9ea059df932307c67ae1464033536ccc2df52e889e177358021,Q5183
bbq_v,01_23_3064_2_02,01_23_3064_2,Q5183,Age,neg,016858b2ae8104d80adb219b7962753b7efc81fc36690906164748acd605e43f,Q5183
bbq_v,01_23_3064_2_03,01_23_3064_2,Q5183,Age,neg,1785eeb465a70e3135cd14c6ab6a023f3affe4efaff330ab3dddfbcbff4aa4a2,Q5183
bbq_v,01_23_3066_1_01,01_23_3066_1,Q5183,Age,nonneg,f2e89c3bb399d9ea059df932307c67ae1464033536ccc2df52e889e177358021,Q5183
bbq_v,01_23_3066_1_02,01_23_3066_1,Q5183,Age,nonneg,016858b2ae8104d80adb219b7962753b7efc81fc36690906164748acd605e43f,Q5183
bbq_v,01_23_3066_1_03,01_23_3066_1,Q5183,Age,nonneg,1785eeb465a70e3135cd14c6ab6a023f3affe4efaff330ab3dddfbcbff4aa4a2,Q5183
bbq_v,01_23_3160_2_01,01_23_3160_2,Q5166,Age,neg,0ccf6c245bf824aac36ae2c40528181d1dd0cb4a915f8d980bb05c1867f7f078,Q5166
bbq_v,01_23_3160_2_02,01_23_3160_2,Q5166,Age,neg,a734f5dcdbbe44dd9ec42310bb9b6575177f51fc447fbbe1e0d04e7793692017,Q5166
bbq_v,01_23_3160_2_03,01_23_3160_2,Q5166,Age,neg,d4247a27f83bd87c3c0c67427e3af766dfd2c653d4b9c8069b4dfd3cb491749d,Q5166
bbq_v,01_23_3162_1_01,01_23_3162_1,Q5166,Age,nonneg,0ccf6c245bf824aac36ae2c40528181d1dd0cb4a915f8d980bb05c1867f7f078,Q5166
bbq_v,01_23_3162_1_02,01_23_3162_1,Q5166,Age,nonneg,a734f5dcdbbe44dd9ec42310bb9b6575177f51fc447fbbe1e0d04e7793692017,Q5166
bbq_v,01_23_3162_1_03,01_23_3162_1,Q5166,Age,nonneg,d4247a27f83bd87c3c0c67427e3af766dfd2c653d4b9c8069b4dfd3cb491749d,Q5166
bbq_v,01_24_3308_2_01,01_24_3308_2,Q2996,Age,neg,e610c26a53294198436c5961d2efb87bfc721af5470ee2f0820232eccb7d6cf5,Q2996
bbq_v,01_24_3308_2_02,01_24_3308_2,Q2996,Age,neg,360fc571ac5217098c7c461f11d71e2d95dd5e42d1f51ce9a373d9987d89c7c8,Q2996
bbq_v,01_24_3308_2_03,01_24_3308_2,Q2996,Age,neg,18c555be7d27af724a9115a64a18ebbadfa6e97dfef0854f1c22538e60ad44a3,Q2996
bbq_v,01_24_3310_1_01,01_24_3310_1,Q2996,Age,nonneg,e610c26a53294198436c5961d2efb87bfc721af5470ee2f0820232eccb7d6cf5,Q2996
bbq_v,01_24_3310_1_02,01_24_3310_1,Q2996,Age,nonneg,360fc571ac5217098c7c461f11d71e2d95dd5e42d1f51ce9a373d9987d89c7c8,Q2996
bbq_v,01_24_3310_1_03,01_24_3310_1,Q2996,Age,nonneg,18c555be7d27af724a9115a64a18ebbadfa6e97dfef0854f1c22538e60ad44a3,Q2996
bbq_v,01_24_3324_2_01,01_24_3324_2,Q2982,Age,neg,9a5620e7ea0a0bd3aff15afae8a8b5204002a06205c574d333fca2e67c385f5a,Q2982
bbq_v,01_24_3324_2_02,01_24_3324_2,Q2982,Age,neg,cf64e94a231da3dbce5b0b165db48212be65daaeb2c3c2e67a18de2e0129795b,Q2982
bbq_v,01_24_3324_2_03,01_24_3324_2,Q2982,Age,neg,6452234bb31d22cd90d2a13fe86b7d7a647bcf8ae93fcd295862d7e4d5060f35,Q2982
bbq_v,01_24_3326_1_01,01_24_3326_1,Q2982,Age,nonneg,9a5620e7ea0a0bd3aff15afae8a8b5204002a06205c574d333fca2e67c385f5a,Q2982
bbq_v,01_24_3326_1_02,01_24_3326_1,Q2982,Age,nonneg,cf64e94a231da3dbce5b0b165db48212be65daaeb2c3c2e67a18de2e0129795b,Q2982
bbq_v,01_24_3326_1_03,01_24_3326_1,Q2982,Age,nonneg,6452234bb31d22cd90d2a13fe86b7d7a647bcf8ae93fcd295862d7e4d5060f35,Q2982
bbq_v,01_25_3516_2_01,01_25_3516_2,Q867,Age,neg,b5c867263cb430a7277998edf1330c090d3e06f890c3214e904cfa3891090291,Q867
bbq_v,01_25_3516_2_02,01_25_3516_2,Q867,Age,neg,f3ff84132c31fda024100d27c4d8433bfff14e3aac727c49fb8d12072eb7b034,Q867
bbq_v,01_25_3516_2_03,01_25_3516_2,Q867,Age,neg,92a3d5751be1ced6356d9866e81af88b4e466ce850f278fadfa9a0b67832b7e2,Q867
bbq_v,01_25_3518_1_01,01_25_3518_1,Q867,Age,nonneg,b5c867263cb430a7277998edf1330c090d3e06f890c3214e904cfa3891090291,Q867
bbq_v,01_25_3518_1_02,01_25_3518_1,Q867,Age,nonneg,f3ff84132c31fda024100d27c4d8433bfff14e3aac727c49fb8d12072eb7b034,Q867
bbq_v,01_25_3518_1_03,01_25_3518_1,Q867,Age,nonneg,92a3d5751be1ced6356d9866e81af88b4e466ce850f278fadfa9a0b67832b7e2,Q867
bbq_v,01_25_3620_2_01,01_25_3620_2,Q734,Age,neg,117843f10d2bfab267f305acc173dcb62968e16ba3014cdb861b7132bb3b0d61,Q734
bbq_v,01_25_3620_2_02,01_25_3620_2,Q734,Age,neg,98b3c2d747e34a711696ebf62695ee3c657caddb0956dcbb868525370c1794ee,Q734
bbq_v,01_25_3620_2_03,01_25_3620_2,Q734,Age,neg,fd9fbe3081520ee7422cc29ec5058bbf79184433c298883c1d7614bec4d63b63,Q734
bbq_v,01_25_3622_1_01,01_25_3622_1,Q734,Age,nonneg,117843f10d2bfab267f305acc173dcb62968e16ba3014cdb861b7132bb3b0d61,Q734
bbq_v,01_25_3622_1_02,01_25_3622_1,Q734,Age,nonneg,98b3c2d747e34a711696ebf62695ee3c657caddb0956dcbb868525370c1794ee,Q734
bbq_v,01_25_3622_1_03,01_25_3622_1,Q734,Age,nonneg,fd9fbe3081520ee7422cc29ec5058bbf79184433c298883c1d7614bec4d63b63,Q734
bbq_v,01_25_3652_2_01,01_25_3652_2,Q722,Age,neg,35e18eaadfbaa7bff591cf2f6af4bdeadca39e4a29e84d480c3fa8212e718cfd,Q722
bbq_v,01_25_3652_2_02,01_25_3652_2,Q722,Age,neg,3189196e9c0765cc7b9173b7684c400d0d6561ef5a23d3a06719c10a4ef1d5ea,Q722
bbq_v,01_25_3652_2_03,01_25_3652_2,Q722,Age,neg,8888649829a0f3a7119bedea1d9edb12de17f42ee12f3abdcdd942820cf9e36f,Q722
bbq_v,01_25_3654_1_01,01_25_3654_1,Q722,Age,nonneg,35e18eaadfbaa7bff591cf2f6af4bdeadca39e4a29e84d480c3fa8212e718cfd,Q722
bbq_v,01_25_3654_1_02,01_25_3654_1,Q722,Age,nonneg,3189196e9c0765cc7b9173b7684c400d0d6561ef5a23d3a06719c10a4ef1d5ea,Q722
bbq_v,01_25_3654_1_03,01_25_3654_1,Q722,Age,nonneg,8888649829a0f3a7119bedea1d9edb12de17f42ee12f3abdcdd942820cf9e36f,Q722
bbq_v,02_01_0008_2_01,02_01_0008_2,UpdtdQ10,Disability_status,neg,4711b5f25119e9e9664fbf940b34c3d21ac59be3579f5e153807ffd06d55d630,UpdtdQ10
bbq_v,02_01_0008_2_02,02_01_0008_2,UpdtdQ10,Disability_status,neg,5b6c954b0b7c873038dd5ef74b91cbd90df031a45a8b1cdd693074685d3fd902,UpdtdQ10
bbq_v,02_01_0008_2_03,02_01_0008_2,UpdtdQ10,Disability_status,neg,4588bd17db7cf9e89ca5721ef33491dbe3d06ef59cb1df582fd31d6a98da68d2,UpdtdQ10
bbq_v,02_01_0010_1_01,02_01_0010_1,UpdtdQ10,Disability_status,nonneg,4711b5f25119e9e9664fbf940b34c3d21ac59be3579f5e153807ffd06d55d630,UpdtdQ10
bbq_v,02_01_0010_1_02,02_01_0010_1,UpdtdQ10,Disability_status,nonneg,5b6c954b0b7c873038dd5ef74b91cbd90df031a45a8b1cdd693074685d3fd902,UpdtdQ10
bbq_v,02_01_0010_1_03,02_01_0010_1,UpdtdQ10,Disability_status,nonneg,4588bd17db7cf9e89ca5721ef33491dbe3d06ef59cb1df582fd31d6a98da68d2,UpdtdQ10
bbq_v,02_02_0052_2_01,02_02_0052_2,Q4553,Disability_status,neg,65e23c15e1bb8a75b8a0fa03bfafbc02df04d19d0699785f500489097d0cb6e4,Q4553
bbq_v,02_02_0052_2_02,02_02_0052_2,Q4553,Disability_status,neg,cd4bcaea17a8e86892d6f01a6d2fe58c16be345f7a263e497f0de76ad347be2d,Q4553
bbq_v,02_02_0052_2_03,02_02_0052_2,Q4553,Disability_status,neg,898a5d77ff9d871a8cc96c3de70aa8c8d09795adba885cdf13f1533bf3397067,Q4553
bbq_v,02_02_0054_1_01,02_02_0054_1,Q4553,Disability_status,nonneg,65e23c15e1bb8a75b8a0fa03bfafbc02df04d19d0699785f500489097d0cb6e4,Q4553
bbq_v,02_02_0054_1_02,02_02_0054_1,Q4553,Disability_status,nonneg,cd4bcaea17a8e86892d6f01a6d2fe58c16be345f7a263e497f0de76ad347be2d,Q4553
bbq_v,02_02_0054_1_03,02_02_0054_1,Q4553,Disability_status,nonneg,898a5d77ff9d871a8cc96c3de70aa8c8d09795adba885cdf13f1533bf3397067,Q4553
bbq_v,02_02_0192_2_02,02_02_0192_2,Q4578,Disability_status,neg,96eea907f00813781b3cfa27739b7441a45cb3a114e46f41e3cfe8d2bd799527,Q4578
bbq_v,02_02_0192_2_03,02_02_0192_2,Q4578,Disability_status,neg,362ce3a6a65cd72a0dbfde496e3d7a0d4814ca750852f4ceb70b6d69b9c24149,Q4578
bbq_v,02_02_0194_1_02,02_02_0194_1,Q4578,Disability_status,nonneg,96eea907f00813781b3cfa27739b7441a45cb3a114e46f41e3cfe8d2bd799527,Q4578
bbq_v,02_02_0194_1_03,02_02_0194_1,Q4578,Disability_status,nonneg,362ce3a6a65cd72a0dbfde496e3d7a0d4814ca750852f4ceb70b6d69b9c24149,Q4578
bbq_v,02_02_0196_2_01,02_02_0196_2,Q4574,Disability_status,neg,452248843f7590cf4600614a225e07d7e08adca15a952107b1405f1c27e6b312,Q4574
bbq_v,02_02_0196_2_02,02_02_0196_2,Q4574,Disability_status,neg,a111a5a336e1c9b09c1b406aa82cee6d31974d919ef8494d510f8d564a4bc462,Q4574
bbq_v,02_02_0196_2_03,02_02_0196_2,Q4574,Disability_status,neg,944e83ea656147c818584e39faaed1cb14d6a9c1c8bb7c2a6f15797c4c26efb5,Q4574
bbq_v,02_02_0198_1_01,02_02_0198_1,Q4574,Disability_status,nonneg,452248843f7590cf4600614a225e07d7e08adca15a952107b1405f1c27e6b312,Q4574
bbq_v,02_02_0198_1_02,02_02_0198_1,Q4574,Disability_status,nonneg,a111a5a336e1c9b09c1b406aa82cee6d31974d919ef8494d510f8d564a4bc462,Q4574
bbq_v,02_02_0198_1_03,02_02_0198_1,Q4574,Disability_status,nonneg,944e83ea656147c818584e39faaed1cb14d6a9c1c8bb7c2a6f15797c4c26efb5,Q4574
bbq_v,02_02_0268_2_02,02_02_0268_2,Q4534,Disability_status,neg,5622d21c0e0f03057cefc7d3fb151f4849484bca49a469702ab1280cc316a9ea,Q4534
bbq_v,02_02_0270_1_02,02_02_0270_1,Q4534,Disability_status,nonneg,5622d21c0e0f03057cefc7d3fb151f4849484bca49a469702ab1280cc316a9ea,Q4534
bbq_v,02_02_0276_2_01,02_02_0276_2,Q4536,Disability_status,neg,ca2d509e8108324a0b434c0753aba70dc5f0853ecc8289ea2dda4f618b694265,Q4536
bbq_v,02_02_0276_2_02,02_02_0276_2,Q4536,Disability_status,neg,2cd5465ee437524816f4e8927bd7d970c0cc88512be8d055db6d348b1e664c0e,Q4536
bbq_v,02_02_0276_2_03,02_02_0276_2,Q4536,Disability_status,neg,ec1c6c260a4e2af5f5f187dfa033f2ba0ff984f56cd443629c4c122e00c489e9,Q4536
bbq_v,02_02_0278_1_01,02_02_0278_1,Q4536,Disability_status,nonneg,ca2d509e8108324a0b434c0753aba70dc5f0853ecc8289ea2dda4f618b694265,Q4536
bbq_v,02_02_0278_1_02,02_02_0278_1,Q4536,Disability_status,nonneg,2cd5465ee437524816f4e8927bd7d970c0cc88512be8d055db6d348b1e664c0e,Q4536
bbq_v,02_02_0278_1_03,02_02_0278_1,Q4536,Disability_status,nonneg,ec1c6c260a4e2af5f5f187dfa033f2ba0ff984f56cd443629c4c122e00c489e9,Q4536
bbq_v,02_03_0300_2_02,02_03_0300_2,UpdtdQ39,Disability_status,neg,7e209d6d8c10f6bc4bf49fbe50177c6af24cf1b2ca467d37578cd7effb239de3,UpdtdQ39
bbq_v,02_03_0300_2_03,02_03_0300_2,UpdtdQ39,Disability_status,neg,8d0139c229a4b1677f81f41abfd88d4a8c647bce34b6199ae20e4f3fa04d8f9e,UpdtdQ39
bbq_v,02_03_0302_1_02,02_03_0302_1,UpdtdQ39,Disability_status,nonneg,7e209d6d8c10f6bc4bf49fbe50177c6af24cf1b2ca467d37578cd7effb239de3,UpdtdQ39
bbq_v,02_03_0302_1_03,02_03_0302_1,UpdtdQ39,Disability_status,nonneg,8d0139c229a4b1677f81f41abfd88d4a8c647bce34b6199ae20e4f3fa04d8f9e,UpdtdQ39
bbq_v,02_03_0308_2_01,02_03_0308_2,UpdtdQ41,Disability_status,neg,34c198c3ec4853dd88de35286a53b050d472a90bc5776b0e7dccd2ea476eac01,UpdtdQ41
bbq_v,02_03_0308_2_02,02_03_0308_2,UpdtdQ41,Disability_status,neg,e208010ab49fa36094275f1d724ceced1851d1b118340c927a1f71978df14172,UpdtdQ41
bbq_v,02_03_0308_2_03,02_03_0308_2,UpdtdQ41,Disability_status,neg,ab303df26a3a900dd1fd5f054f93bf2d91c4b27d298818fb46dff379152fa9c6,UpdtdQ41
bbq_v,02_03_0310_1_01,02_03_0310_1,UpdtdQ41,Disability_status,nonneg,34c198c3ec4853dd88de35286a53b050d472a90bc5776b0e7dccd2ea476eac01,UpdtdQ41
bbq_v,02_03_0310_1_02,02_03_0310_1,UpdtdQ41,Disability_status,nonneg,e208010ab49fa36094275f1d724ceced1851d1b118340c927a1f71978df14172,UpdtdQ41
bbq_v,02_03_0310_1_03,02_03_0310_1,UpdtdQ41,Disability_status,nonneg,ab303df26a3a900dd1fd5f054f93bf2d91c4b27d298818fb46dff379152fa9c6,UpdtdQ41
bbq_v,02_03_0340_2_01,02_03_0340_2,UpdtdQ49,Disability_status,neg,eac34a22fd8731182897bc5a6e824a9e9233e1b81691adb74447189c8afd0cc4,UpdtdQ49
bbq_v,02_03_0340_2_02,02_03_0340_2,UpdtdQ49,Disability_status,neg,432e1e0f34f06223d38597a85616e4c34052d59133c4aab8530b619c2f0e608b,UpdtdQ49
bbq_v,02_03_0340_2_03,02_03_0340_2,UpdtdQ49,Disability_status,neg,3131c6a07772a658af79cb4845e05dcc93019ab38c44955c20784d6ddc10d050,UpdtdQ49
bbq_v,02_03_0342_1_01,02_03_0342_1,UpdtdQ49,Disability_status,nonneg,eac34a22fd8731182897bc5a6e824a9e9233e1b81691adb74447189c8afd0cc4,UpdtdQ49
bbq_v,02_03_0342_1_02,02_03_0342_1,UpdtdQ49,Disability_status,nonneg,432e1e0f34f06223d38597a85616e4c34052d59133c4aab8530b619c2f0e608b,UpdtdQ49
bbq_v,02_03_0342_1_03,02_03_0342_1,UpdtdQ49,Disability_status,nonneg,3131c6a07772a658af79cb4845e05dcc93019ab38c44955c20784d6ddc10d050,UpdtdQ49
bbq_v,02_03_0348_2_01,02_03_0348_2,UpdtdQ51,Disability_status,neg,2c28387e5bc97a059ac0f99172a6d9bc796a2b0981a26e8130228fde8b327396,UpdtdQ51
bbq_v,02_03_0348_2_02,02_03_0348_2,UpdtdQ51,Disability_status,neg,597cda02c4fef9b59c446ce40b7122ace1d64e2e7929dae4a5d70e03bf7eaca6,UpdtdQ51
bbq_v,02_03_0350_1_01,02_03_0350_1,UpdtdQ51,Disability_status,nonneg,2c28387e5bc97a059ac0f99172a6d9bc796a2b0981a26e8130228fde8b327396,UpdtdQ51
bbq_v,02_03_0350_1_02,02_03_0350_1,UpdtdQ51,Disability_status,nonneg,597cda02c4fef9b59c446ce40b7122ace1d64e2e7929dae4a5d70e03bf7eaca6,UpdtdQ51
bbq_v,02_06_0396_2_01,02_06_0396_2,Q7150,Disability_status,neg,005d51ebfbb85e76115ce0e93e97e85a008ee58011ab947ba0a6d4b431bc6e4d,Q7150
bbq_v,02_06_0396_2_02,02_06_0396_2,Q7150,Disability_status,neg,917330aa15c5d601cef7bd6659fc5bd6f2c6d9ba3f7c50a9894a8454e854f1bf,Q7150
bbq_v,02_06_0396_2_03,02_06_0396_2,Q7150,Disability_status,neg,705aa241f844f3f2a1ca0e21d572c1bbd330c1903bf9b9d4f052a0bf6a524291,Q7150
bbq_v,02_06_0398_1_01,02_06_0398_1,Q7150,Disability_status,nonneg,005d51ebfbb85e76115ce0e93e97e85a008ee58011ab947ba0a6d4b431bc6e4d,Q7150
bbq_v,02_06_0398_1_02,02_06_0398_1,Q7150,Disability_status,nonneg,917330aa15c5d601cef7bd6659fc5bd6f2c6d9ba3f7c50a9894a8454e854f1bf,Q7150
bbq_v,02_06_0398_1_03,02_06_0398_1,Q7150,Disability_status,nonneg,705aa241f844f3f2a1ca0e21d572c1bbd330c1903bf9b9d4f052a0bf6a524291,Q7150
bbq_v,02_06_0404_2_01,02_06_0404_2,Q7152,Disability_status,neg,a58c7c80cb86323a3633b83369e16ae7a19509974e5336092b7a3a1639f1da14,Q7152
bbq_v,02_06_0404_2_02,02_06_0404_2,Q7152,Disability_status,neg,a554f04456f6c6804d7e7c01803d138ce7c5b90313d7d3ba0084aab88824014a,Q7152
bbq_v,02_06_0404_2_03,02_06_0404_2,Q7152,Disability_status,neg,3fbbd104ab062ef9be5e87540d6147de7c41b1a7e49ab066a794e06ab68be04d,Q7152
bbq_v,02_06_0406_1_01,02_06_0406_1,Q7152,Disability_status,nonneg,a58c7c80cb86323a3633b83369e16ae7a19509974e5336092b7a3a1639f1da14,Q7152
bbq_v,02_06_0406_1_02,02_06_0406_1,Q7152,Disability_status,nonneg,a554f04456f6c6804d7e7c01803d138ce7c5b90313d7d3ba0084aab88824014a,Q7152
bbq_v,02_06_0406_1_03,02_06_0406_1,Q7152,Disability_status,nonneg,3fbbd104ab062ef9be5e87540d6147de7c41b1a7e49ab066a794e06ab68be04d,Q7152
bbq_v,02_07_0412_2_01,02_07_0412_2,Q6727,Disability_status,neg,89aad83cf2a30a5780ae2fb75ca7f994dccc2ef3562c18e81f8f2029eeba0835,Q6727
bbq_v,02_07_0412_2_02,02_07_0412_2,Q6727,Disability_status,neg,da4e02f7ea70b4dc6fe25efab7b19fad2906056f300ad9ca9d315f275f6e500e,Q6727
bbq_v,02_07_0412_2_03,02_07_0412_2,Q6727,Disability_status,neg,8df73f45138685c8b9247d8381b8624acd8033658bb6b88b4a8cc337a0fc8c5c,Q6727
bbq_v,02_07_0414_1_01,02_07_0414_1,Q6727,Disability_status,nonneg,89aad83cf2a30a5780ae2fb75ca7f994dccc2ef3562c18e81f8f2029eeba0835,Q6727
bbq_v,02_07_0414_1_02,02_07_0414_1,Q6727,Disability_status,nonneg,da4e02f7ea70b4dc6fe25efab7b19fad2906056f300ad9ca9d315f275f6e500e,Q6727
bbq_v,02_07_0414_1_03,02_07_0414_1,Q6727,Disability_status,nonneg,8df73f45138685c8b9247d8381b8624acd8033658bb6b88b4a8cc337a0fc8c5c,Q6727
bbq_v,02_08_0456_2_01,02_08_0456_2,Q4468,Disability_status,neg,46e3acc1b03010a753b36d8e20ee75d1bcd9851edc4c7e9a155a491a72a36cd0,Q4468
bbq_v,02_08_0456_2_03,02_08_0456_2,Q4468,Disability_status,neg,4daca1c8844f40fde1e9d1be61348f562b13c91ce304d2d92a06e909fbb8868d,Q4468
bbq_v,02_08_0458_1_01,02_08_0458_1,Q4468,Disability_status,nonneg,46e3acc1b03010a753b36d8e20ee75d1bcd9851edc4c7e9a155a491a72a36cd0,Q4468
bbq_v,02_08_0458_1_03,02_08_0458_1,Q4468,Disability_status,nonneg,4daca1c8844f40fde1e9d1be61348f562b13c91ce304d2d92a06e909fbb8868d,Q4468
bbq_v,02_08_0464_2_02,02_08_0464_2,Q4469,Disability_status,neg,29c0fdb62253a791ea9eb3a78e06f4b3cf00e50dcd32124970bf0b014bdc00c2,Q4469
bbq_v,02_08_0464_2_03,02_08_0464_2,Q4469,Disability_status,neg,158fed68f86c8ef7b5bae9243bbc38ea9fae02d35662c9a61a17c234ecb904e2,Q4469
bbq_v,02_08_0466_1_02,02_08_0466_1,Q4469,Disability_status,nonneg,29c0fdb62253a791ea9eb3a78e06f4b3cf00e50dcd32124970bf0b014bdc00c2,Q4469
bbq_v,02_08_0466_1_03,02_08_0466_1,Q4469,Disability_status,nonneg,158fed68f86c8ef7b5bae9243bbc38ea9fae02d35662c9a61a17c234ecb904e2,Q4469
bbq_v,02_08_0476_2_01,02_08_0476_2,Q4461,Disability_status,neg,192fc5a59cbc426746625e7d460e950efc84d647ce0515972d32d6badbc7bea2,Q4461
bbq_v,02_08_0476_2_02,02_08_0476_2,Q4461,Disability_status,neg,ef154ca4a11ffcec51a0e946311f4d2054d1439f213cbc93a109d2a7f1decc8e,Q4461
bbq_v,02_08_0476_2_03,02_08_0476_2,Q4461,Disability_status,neg,86640864bf9324f1c3a66a31f24bdfb29fe9103f071ac3ff89a52472215f65bf,Q4461
bbq_v,02_08_0478_1_01,02_08_0478_1,Q4461,Disability_status,nonneg,192fc5a59cbc426746625e7d460e950efc84d647ce0515972d32d6badbc7bea2,Q4461
bbq_v,02_08_0478_1_02,02_08_0478_1,Q4461,Disability_status,nonneg,ef154ca4a11ffcec51a0e946311f4d2054d1439f213cbc93a109d2a7f1decc8e,Q4461
bbq_v,02_08_0478_1_03,02_08_0478_1,Q4461,Disability_status,nonneg,86640864bf9324f1c3a66a31f24bdfb29fe9103f071ac3ff89a52472215f65bf,Q4461
bbq_v,02_08_0488_2_01,02_08_0488_2,Q4466,Disability_status,neg,ee64349910445a903a1a9710ec95b7f190fc34833d8d89d12763c5c7d9feb6c6,Q4466
bbq_v,02_08_0488_2_02,02_08_0488_2,Q4466,Disability_status,neg,8c4c9631d5e6603f87eb01765c57f6339cbfafca3f246b606139e5b5986e83e4,Q4466
bbq_v,02_08_0488_2_03,02_08_0488_2,Q4466,Disability_status,neg,e61e74d8006be10445d0efce8360df53afcaf924e8754b7798c9aec6cbadd1cc,Q4466
bbq_v,02_08_0490_1_01,02_08_0490_1,Q4466,Disability_status,nonneg,ee64349910445a903a1a9710ec95b7f190fc34833d8d89d12763c5c7d9feb6c6,Q4466
bbq_v,02_08_0490_1_02,02_08_0490_1,Q4466,Disability_status,nonneg,8c4c9631d5e6603f87eb01765c57f6339cbfafca3f246b606139e5b5986e83e4,Q4466
bbq_v,02_08_0490_1_03,02_08_0490_1,Q4466,Disability_status,nonneg,e61e74d8006be10445d0efce8360df53afcaf924e8754b7798c9aec6cbadd1cc,Q4466
bbq_v,02_09_0496_2_03,02_09_0496_2,UpdtdQ53,Disability_status,neg,7f64cb8df78c3d3c4fe298bf868a3978ae3042805b26594b8b6dfad453be8a50,UpdtdQ53
bbq_v,02_09_0498_1_03,02_09_0498_1,UpdtdQ53,Disability_status,nonneg,7f64cb8df78c3d3c4fe298bf868a3978ae3042805b26594b8b6dfad453be8a50,UpdtdQ53
bbq_v,02_09_0544_2_01,02_09_0544_2,UpdtdQ65,Disability_status,neg,4de20868f211351bb97299dd3dc01bffa976d3991958fb8e767dbfdf04f89851,UpdtdQ65
bbq_v,02_09_0544_2_02,02_09_0544_2,UpdtdQ65,Disability_status,neg,0e5ee32632b2d0196e2a3c6ddd3107c7a9077ded7f628d955dee0d9ba68fe60b,UpdtdQ65
bbq_v,02_09_0544_2_03,02_09_0544_2,UpdtdQ65,Disability_status,neg,2728349ad61ec2126fb647247ef8d0d85c36adc5fec0d8632ca8627e346f698a,UpdtdQ65
bbq_v,02_09_0546_1_01,02_09_0546_1,UpdtdQ65,Disability_status,nonneg,4de20868f211351bb97299dd3dc01bffa976d3991958fb8e767dbfdf04f89851,UpdtdQ65
bbq_v,02_09_0546_1_02,02_09_0546_1,UpdtdQ65,Disability_status,nonneg,0e5ee32632b2d0196e2a3c6ddd3107c7a9077ded7f628d955dee0d9ba68fe60b,UpdtdQ65
bbq_v,02_09_0546_1_03,02_09_0546_1,UpdtdQ65,Disability_status,nonneg,2728349ad61ec2126fb647247ef8d0d85c36adc5fec0d8632ca8627e346f698a,UpdtdQ65
bbq_v,02_09_0600_2_01,02_09_0600_2,UpdtdQ79,Disability_status,neg,3fe6c27627537fc2f8729bd8ceab93639c50612804b8711739d327cf34db3398,UpdtdQ79
bbq_v,02_09_0600_2_02,02_09_0600_2,UpdtdQ79,Disability_status,neg,18093028330fe8e617f81d2e1373116f63d3bb2912c992b4b9646d630e8a5e46,UpdtdQ79
bbq_v,02_09_0600_2_03,02_09_0600_2,UpdtdQ79,Disability_status,neg,c8bd8512941ee499c9f4446f4ca57bbcaca13f8e84383b2dd09b1898bc3ae9fa,UpdtdQ79
bbq_v,02_09_0602_1_01,02_09_0602_1,UpdtdQ79,Disability_status,nonneg,3fe6c27627537fc2f8729bd8ceab93639c50612804b8711739d327cf34db3398,UpdtdQ79
bbq_v,02_09_0602_1_02,02_09_0602_1,UpdtdQ79,Disability_status,nonneg,18093028330fe8e617f81d2e1373116f63d3bb2912c992b4b9646d630e8a5e46,UpdtdQ79
bbq_v,02_09_0602_1_03,02_09_0602_1,UpdtdQ79,Disability_status,nonneg,c8bd8512941ee499c9f4446f4ca57bbcaca13f8e84383b2dd09b1898bc3ae9fa,UpdtdQ79
bbq_v,02_10_0672_2_01,02_10_0672_2,Q6869,Disability_status,neg,ab8b848fd09ec9d00c7f7ba05c39f2d4b37c43ee342ede11dcca9d816c88f687,Q6869
bbq_v,02_10_0672_2_03,02_10_0672_2,Q6869,Disability_status,neg,aa2515b3abdca8bb2c67b2f37a2b7d7802e5a908d4966334ea66d2e3a7eb422b,Q6869
bbq_v,02_10_0674_1_01,02_10_0674_1,Q6869,Disability_status,nonneg,ab8b848fd09ec9d00c7f7ba05c39f2d4b37c43ee342ede11dcca9d816c88f687,Q6869
bbq_v,02_10_0674_1_03,02_10_0674_1,Q6869,Disability_status,nonneg,aa2515b3abdca8bb2c67b2f37a2b7d7802e5a908d4966334ea66d2e3a7eb422b,Q6869
bbq_v,02_10_0688_2_02,02_10_0688_2,Q6868,Disability_status,neg,cf437d5087287464c1dc799955dc8f0ebbf99fc9b2688648ab15854c272c42f0,Q6868
bbq_v,02_10_0688_2_03,02_10_0688_2,Q6868,Disability_status,neg,ef287ade3132acc53c1e6aeb3d2c83613ec55074a21e67c2864f31941b4d6ce4,Q6868
bbq_v,02_10_0690_1_02,02_10_0690_1,Q6868,Disability_status,nonneg,cf437d5087287464c1dc799955dc8f0ebbf99fc9b2688648ab15854c272c42f0,Q6868
bbq_v,02_10_0690_1_03,02_10_0690_1,Q6868,Disability_status,nonneg,ef287ade3132acc53c1e6aeb3d2c83613ec55074a21e67c2864f31941b4d6ce4,Q6868
bbq_v,02_10_0708_2_01,02_10_0708_2,Q6863,Disability_status,neg,7185794b893250cf98d9d50b9d726792f255038c85c43af19440fffa5adee0d9,Q6863
bbq_v,02_10_0708_2_03,02_10_0708_2,Q6863,Disability_status,neg,2b72106eed629b0afc2d083104433516f1cd85a8ddcb8d796afd519224d9805c,Q6863
bbq_v,02_10_0710_1_01,02_10_0710_1,Q6863,Disability_status,nonneg,7185794b893250cf98d9d50b9d726792f255038c85c43af19440fffa5adee0d9,Q6863
bbq_v,02_10_0710_1_03,02_10_0710_1,Q6863,Disability_status,nonneg,2b72106eed629b0afc2d083104433516f1cd85a8ddcb8d796afd519224d9805c,Q6863
bbq_v,02_11_0804_2_02,02_11_0804_2,Q5937,Disability_status,neg,2cf83886d4215140beb2c76ddabbfcc10c981f7d4c14c3aef4c77f6d1d1672e6,Q5937
bbq_v,02_11_0804_2_03,02_11_0804_2,Q5937,Disability_status,neg,46b5ac509b2b7ff9e726a8c52f2b4088b09ca7ce01988359db8be86a25240cb7,Q5937
bbq_v,02_11_0806_1_02,02_11_0806_1,Q5937,Disability_status,nonneg,2cf83886d4215140beb2c76ddabbfcc10c981f7d4c14c3aef4c77f6d1d1672e6,Q5937
bbq_v,02_11_0806_1_03,02_11_0806_1,Q5937,Disability_status,nonneg,46b5ac509b2b7ff9e726a8c52f2b4088b09ca7ce01988359db8be86a25240cb7,Q5937
bbq_v,02_12_0944_2_01,02_12_0944_2,UpdtdQ117,Disability_status,neg,debec02dec389400fdf27ee5ee38caea384d5bd2397ee5e4e66832944b4d0395,UpdtdQ117
bbq_v,02_12_0944_2_02,02_12_0944_2,UpdtdQ117,Disability_status,neg,59a6f57b5b80dec0044585197497ff01bb6aca2790a96caf8e462e90d8aa3533,UpdtdQ117
bbq_v,02_12_0944_2_03,02_12_0944_2,UpdtdQ117,Disability_status,neg,10f858137250f81e7ca029e7cc43d4b2909127f944729b6422f635dff21b79fb,UpdtdQ117
bbq_v,02_12_0946_1_01,02_12_0946_1,UpdtdQ117,Disability_status,nonneg,debec02dec389400fdf27ee5ee38caea384d5bd2397ee5e4e66832944b4d0395,UpdtdQ117
bbq_v,02_12_0946_1_02,02_12_0946_1,UpdtdQ117,Disability_status,nonneg,59a6f57b5b80dec0044585197497ff01bb6aca2790a96caf8e462e90d8aa3533,UpdtdQ117
bbq_v,02_12_0946_1_03,02_12_0946_1,UpdtdQ117,Disability_status,nonneg,10f858137250f81e7ca029e7cc43d4b2909127f944729b6422f635dff21b79fb,UpdtdQ117
bbq_v,02_14_1076_2_01,02_14_1076_2,Q393,Disability_status,neg,c0b953c3c4e9989fa762f98c5e9f509ec0b3ce5d9a4c6647dd7cc3a34efe459e,Q393
bbq_v,02_14_1076_2_02,02_14_1076_2,Q393,Disability_status,neg,5b97a5c7ff83458c98c23f534a6879c2ab2071772e543bcbe5c3c1abcba1f599,Q393
bbq_v,02_14_1076_2_03,02_14_1076_2,Q393,Disability_status,neg,e92dcda0730902b7c314f38e04d462eaf2d18ec2991c155f2e8bf44da09cb7e7,Q393
bbq_v,02_14_1078_1_01,02_14_1078_1,Q393,Disability_status,nonneg,c0b953c3c4e9989fa762f98c5e9f509ec0b3ce5d9a4c6647dd7cc3a34efe459e,Q393
bbq_v,02_14_1078_1_02,02_14_1078_1,Q393,Disability_status,nonneg,5b97a5c7ff83458c98c23f534a6879c2ab2071772e543bcbe5c3c1abcba1f599,Q393
bbq_v,02_14_1078_1_03,02_14_1078_1,Q393,Disability_status,nonneg,e92dcda0730902b7c314f38e04d462eaf2d18ec2991c155f2e8bf44da09cb7e7,Q393
bbq_v,02_14_1112_2_01,02_14_1112_2,Q981,Disability_status,neg,2dbafc48afec6dfb66c5d50f46ded7adc4072dbaf0200e870f0bff4751870a7f,Q981
bbq_v,02_14_1112_2_02,02_14_1112_2,Q981,Disability_status,neg,d24cb20cd47e8811cb32fb9b9362d45f124658d217efff761a089f1026ff2d2b,Q981
bbq_v,02_14_1112_2_03,02_14_1112_2,Q981,Disability_status,neg,3c5121db5184ef768d95dbf9189629b9aad5361ab9dc46ecebf7f67336b24e08,Q981
bbq_v,02_14_1114_1_01,02_14_1114_1,Q981,Disability_status,nonneg,2dbafc48afec6dfb66c5d50f46ded7adc4072dbaf0200e870f0bff4751870a7f,Q981
bbq_v,02_14_1114_1_02,02_14_1114_1,Q981,Disability_status,nonneg,d24cb20cd47e8811cb32fb9b9362d45f124658d217efff761a089f1026ff2d2b,Q981
bbq_v,02_14_1114_1_03,02_14_1114_1,Q981,Disability_status,nonneg,3c5121db5184ef768d95dbf9189629b9aad5361ab9dc46ecebf7f67336b24e08,Q981
bbq_v,02_15_1132_2_01,02_15_1132_2,Q4591,Disability_status,neg,667ea49f9a28afce59be12cfb82a7315a67b27e75ce0ff580f3771e7d15a85b1,Q4591
bbq_v,02_15_1132_2_02,02_15_1132_2,Q4591,Disability_status,neg,2f180c00955a40d0bf8e200c6bf4b164678d36917f0e837ed3f018cf5bf9abb1,Q4591
bbq_v,02_15_1132_2_03,02_15_1132_2,Q4591,Disability_status,neg,c7dd00b4f5a85f8f214cde64d2f46a5f71c620cac148053612fc2151ff5e7e90,Q4591
bbq_v,02_15_1134_1_01,02_15_1134_1,Q4591,Disability_status,nonneg,667ea49f9a28afce59be12cfb82a7315a67b27e75ce0ff580f3771e7d15a85b1,Q4591
bbq_v,02_15_1134_1_02,02_15_1134_1,Q4591,Disability_status,nonneg,2f180c00955a40d0bf8e200c6bf4b164678d36917f0e837ed3f018cf5bf9abb1,Q4591
bbq_v,02_15_1134_1_03,02_15_1134_1,Q4591,Disability_status,nonneg,c7dd00b4f5a85f8f214cde64d2f46a5f71c620cac148053612fc2151ff5e7e90,Q4591
bbq_v,02_16_1156_2_01,02_16_1156_2,Q3085,Disability_status,neg,32c49c8f4c14b83202cd89ff56b9182a246d39cd3d3d07cfb5009701f128f708,Q3085
bbq_v,02_16_1156_2_03,02_16_1156_2,Q3085,Disability_status,neg,8310aee2a3f99ca71753349d6ee136beef9a87430ac7833f4a8ae220c9e8b221,Q3085
bbq_v,02_16_1158_1_01,02_16_1158_1,Q3085,Disability_status,nonneg,32c49c8f4c14b83202cd89ff56b9182a246d39cd3d3d07cfb5009701f128f708,Q3085
bbq_v,02_16_1158_1_03,02_16_1158_1,Q3085,Disability_status,nonneg,8310aee2a3f99ca71753349d6ee136beef9a87430ac7833f4a8ae220c9e8b221,Q3085
bbq_v,02_16_1168_2_01,02_16_1168_2,Q3091,Disability_status,neg,0b853ed63e9b54e823425de42ab7185d862df0c36aa535317a11a0195a3f658b,Q3091
bbq_v,02_16_1170_1_01,02_16_1170_1,Q3091,Disability_status,nonneg,0b853ed63e9b54e823425de42ab7185d862df0c36aa535317a11a0195a3f658b,Q3091
bbq_v,02_17_1208_2_01,02_17_1208_2,Q3578,Disability_status,neg,28d61dde9a8820afb2ef857d40b13d11030e9db9512f1df9f315f53e8e83a661,Q3578
bbq_v,02_17_1208_2_02,02_17_1208_2,Q3578,Disability_status,neg,0ac5e66572aae4688e5cd3c688999ca69b5197bbe684e387ef3e80beafa4927f,Q3578
bbq_v,02_17_1210_1_01,02_17_1210_1,Q3578,Disability_status,nonneg,28d61dde9a8820afb2ef857d40b13d11030e9db9512f1df9f315f53e8e83a661,Q3578
bbq_v,02_17_1210_1_02,02_17_1210_1,Q3578,Disability_status,nonneg,0ac5e66572aae4688e5cd3c688999ca69b5197bbe684e387ef3e80beafa4927f,Q3578
bbq_v,02_17_1224_2_01,02_17_1224_2,Q3580,Disability_status,neg,13f60632f2a2df44d1007fc94eb0e885cb478f6e2d740049b8db273d3c218fe8,Q3580
bbq_v,02_17_1224_2_02,02_17_1224_2,Q3580,Disability_status,neg,5c75b70abb775b0577d04fa89560c6c43383c7f23af4bc7106b701cebdcfc4d7,Q3580
bbq_v,02_17_1224_2_03,02_17_1224_2,Q3580,Disability_status,neg,470168d6b454a70e91d23ea41fe19ef40aded98c987b3772dc029cc619b4e08c,Q3580
bbq_v,02_17_1226_1_01,02_17_1226_1,Q3580,Disability_status,nonneg,13f60632f2a2df44d1007fc94eb0e885cb478f6e2d740049b8db273d3c218fe8,Q3580
bbq_v,02_17_1226_1_02,02_17_1226_1,Q3580,Disability_status,nonneg,5c75b70abb775b0577d04fa89560c6c43383c7f23af4bc7106b701cebdcfc4d7,Q3580
bbq_v,02_17_1226_1_03,02_17_1226_1,Q3580,Disability_status,nonneg,470168d6b454a70e91d23ea41fe19ef40aded98c987b3772dc029cc619b4e08c,Q3580
bbq_v,02_17_1260_2_02,02_17_1260_2,Q3571,Disability_status,neg,a5dd1f55533a424f2b4832d21760dbc73fcc07e5212fef31785843076e588273,Q3571
bbq_v,02_17_1260_2_03,02_17_1260_2,Q3571,Disability_status,neg,379e8803f62ed74d993ac932e33568870f7c36815c80b2c7f7008ce6b90260db,Q3571
bbq_v,02_17_1262_1_02,02_17_1262_1,Q3571,Disability_status,nonneg,a5dd1f55533a424f2b4832d21760dbc73fcc07e5212fef31785843076e588273,Q3571
bbq_v,02_17_1262_1_03,02_17_1262_1,Q3571,Disability_status,nonneg,379e8803f62ed74d993ac932e33568870f7c36815c80b2c7f7008ce6b90260db,Q3571
bbq_v,02_17_1272_2_01,02_17_1272_2,Q3565,Disability_status,neg,2ac823c76d3503bd71290f6ce9013e432ffe04169c9c1dc7d67ab12c5df3011d,Q3565
bbq_v,02_17_1272_2_02,02_17_1272_2,Q3565,Disability_status,neg,b2826432a08606dbe71f30e72faaa5a1dda4a3030012f487a8c23b130f714bbb,Q3565
bbq_v,02_17_1272_2_03,02_17_1272_2,Q3565,Disability_status,neg,4de2b8cab9c3930c6190349b6c443ef6fe987c7e54e8c734ddd68829e1df1340,Q3565
bbq_v,02_17_1274_1_01,02_17_1274_1,Q3565,Disability_status,nonneg,2ac823c76d3503bd71290f6ce9013e432ffe04169c9c1dc7d67ab12c5df3011d,Q3565
bbq_v,02_17_1274_1_02,02_17_1274_1,Q3565,Disability_status,nonneg,b2826432a08606dbe71f30e72faaa5a1dda4a3030012f487a8c23b130f714bbb,Q3565
bbq_v,02_17_1274_1_03,02_17_1274_1,Q3565,Disability_status,nonneg,4de2b8cab9c3930c6190349b6c443ef6fe987c7e54e8c734ddd68829e1df1340,Q3565
bbq_v,02_18_1284_2_01,02_18_1284_2,Q3070,Disability_status,neg,95dce14cc5065256f1f8686c89f0b609ed4c69b28fbae608c2d80952b12decfb,Q3070
bbq_v,02_18_1284_2_02,02_18_1284_2,Q3070,Disability_status,neg,fff537224f10ab64badbdc6f39a5b58d850a594f05d745980760def1a130b122,Q3070
bbq_v,02_18_1284_2_03,02_18_1284_2,Q3070,Disability_status,neg,ac264d6382a091ceb18074a0e57cc0db8cdbded2c37891ad02dcdd6b1ed3e15c,Q3070
bbq_v,02_18_1286_1_01,02_18_1286_1,Q3070,Disability_status,nonneg,95dce14cc5065256f1f8686c89f0b609ed4c69b28fbae608c2d80952b12decfb,Q3070
bbq_v,02_18_1286_1_02,02_18_1286_1,Q3070,Disability_status,nonneg,fff537224f10ab64badbdc6f39a5b58d850a594f05d745980760def1a130b122,Q3070
bbq_v,02_18_1286_1_03,02_18_1286_1,Q3070,Disability_status,nonneg,ac264d6382a091ceb18074a0e57cc0db8cdbded2c37891ad02dcdd6b1ed3e15c,Q3070
bbq_v,02_18_1296_2_01,02_18_1296_2,Q3067,Disability_status,neg,c81afe2a860561222e9c4e8e3643dee79c67aeb4311ec1973a3d3227df93cb42,Q3067
bbq_v,02_18_1296_2_02,02_18_1296_2,Q3067,Disability_status,neg,57d4e20923e9b17164a6864b4d5a9326b289b613bd5b76b5dfded5826b6a7ee5,Q3067
bbq_v,02_18_1298_1_01,02_18_1298_1,Q3067,Disability_status,nonneg,c81afe2a860561222e9c4e8e3643dee79c67aeb4311ec1973a3d3227df93cb42,Q3067
bbq_v,02_18_1298_1_02,02_18_1298_1,Q3067,Disability_status,nonneg,57d4e20923e9b17164a6864b4d5a9326b289b613bd5b76b5dfded5826b6a7ee5,Q3067
bbq_v,02_18_1308_2_02,02_18_1308_2,Q3063,Disability_status,neg,c3cb839edebe4a78059d1dbab245c07f8b931a1a74ae4dae8114f44de9592584,Q3063
bbq_v,02_18_1308_2_03,02_18_1308_2,Q3063,Disability_status,neg,777c1da0e51cc729bd703a9c18c9cc753c21cb9a8b65c011cb67605feea09c88,Q3063
bbq_v,02_18_1310_1_02,02_18_1310_1,Q3063,Disability_status,nonneg,c3cb839edebe4a78059d1dbab245c07f8b931a1a74ae4dae8114f44de9592584,Q3063
bbq_v,02_18_1310_1_03,02_18_1310_1,Q3063,Disability_status,nonneg,777c1da0e51cc729bd703a9c18c9cc753c21cb9a8b65c011cb67605feea09c88,Q3063
bbq_v,02_20_1352_2_01,02_20_1352_2,Q7258,Disability_status,neg,1477f24f22bcf6c5069a7bf88d8e3ab958a8db994090fb414f5d7422a45aa51a,Q7258
bbq_v,02_20_1352_2_02,02_20_1352_2,Q7258,Disability_status,neg,29ea898c6c34fa715957cc5fff081694ededd1630d96bd432ed344027d824180,Q7258
bbq_v,02_20_1352_2_03,02_20_1352_2,Q7258,Disability_status,neg,e8e809ea1d5f7707224e2ced4cd20f85b25d90e2f3c5b49f00111d1818f25c28,Q7258
bbq_v,02_20_1354_1_01,02_20_1354_1,Q7258,Disability_status,nonneg,1477f24f22bcf6c5069a7bf88d8e3ab958a8db994090fb414f5d7422a45aa51a,Q7258
bbq_v,02_20_1354_1_02,02_20_1354_1,Q7258,Disability_status,nonneg,29ea898c6c34fa715957cc5fff081694ededd1630d96bd432ed344027d824180,Q7258
bbq_v,02_20_1354_1_03,02_20_1354_1,Q7258,Disability_status,nonneg,e8e809ea1d5f7707224e2ced4cd20f85b25d90e2f3c5b49f00111d1818f25c28,Q7258
bbq_v,02_21_1384_2_02,02_21_1384_2,Q1281,Disability_status,neg,3dc8c857b7b26db5aa707e54a0792091fdd5bcd3a31f82a3d348a2b055f08794,Q1281
bbq_v,02_21_1384_2_03,02_21_1384_2,Q1281,Disability_status,neg,a076147a90a342acb7315bb61daad7935a4e26c58a04afd48f71aa757ad1588d,Q1281
bbq_v,02_21_1386_1_02,02_21_1386_1,Q1281,Disability_status,nonneg,3dc8c857b7b26db5aa707e54a0792091fdd5bcd3a31f82a3d348a2b055f08794,Q1281
bbq_v,02_21_1386_1_03,02_21_1386_1,Q1281,Disability_status,nonneg,a076147a90a342acb7315bb61daad7935a4e26c58a04afd48f71aa757ad1588d,Q1281
bbq_v,02_21_1392_2_01,02_21_1392_2,Q1279,Disability_status,neg,9e053c50b8f99ab8638cc7e6d1b02a73792f0840313e8dc9864bb747c7471c02,Q1279
bbq_v,02_21_1392_2_02,02_21_1392_2,Q1279,Disability_status,neg,7ecc5ae0b70aa91a521612beae0932a638eb57f6c7366b4fa1b8f708c7b00324,Q1279
bbq_v,02_21_1392_2_03,02_21_1392_2,Q1279,Disability_status,neg,acc4dbb14a0290e8429ec7c6ec1893febc4ee18aee7eceebbec02bceaf101a63,Q1279
bbq_v,02_21_1394_1_01,02_21_1394_1,Q1279,Disability_status,nonneg,9e053c50b8f99ab8638cc7e6d1b02a73792f0840313e8dc9864bb747c7471c02,Q1279
bbq_v,02_21_1394_1_02,02_21_1394_1,Q1279,Disability_status,nonneg,7ecc5ae0b70aa91a521612beae0932a638eb57f6c7366b4fa1b8f708c7b00324,Q1279
bbq_v,02_21_1394_1_03,02_21_1394_1,Q1279,Disability_status,nonneg,acc4dbb14a0290e8429ec7c6ec1893febc4ee18aee7eceebbec02bceaf101a63,Q1279
bbq_v,02_21_1396_2_01,02_21_1396_2,Q1278,Disability_status,neg,6aefd8f866065d2e060dcb7208882bfc5da25604ca8b014b9d33ae5a63d30d15,Q1278
bbq_v,02_21_1398_1_01,02_21_1398_1,Q1278,Disability_status,nonneg,6aefd8f866065d2e060dcb7208882bfc5da25604ca8b014b9d33ae5a63d30d15,Q1278
bbq_v,02_22_1428_2_01,02_22_1428_2,Q7239,Disability_status,neg,d1221f745213c4be27915460297846952945911a311b498d54d7cd6f54cb4b0b,Q7239
bbq_v,02_22_1428_2_02,02_22_1428_2,Q7239,Disability_status,neg,5ceacf1fe8377d861b5b61731cd230fb8a99bd0b73a3e931cfd826fd84265326,Q7239
bbq_v,02_22_1428_2_03,02_22_1428_2,Q7239,Disability_status,neg,3e081f76687ab6c4eb8856ebf8303bfdd7a53535fe9cc21af78e58216a13d184,Q7239
bbq_v,02_22_1430_1_01,02_22_1430_1,Q7239,Disability_status,nonneg,d1221f745213c4be27915460297846952945911a311b498d54d7cd6f54cb4b0b,Q7239
bbq_v,02_22_1430_1_02,02_22_1430_1,Q7239,Disability_status,nonneg,5ceacf1fe8377d861b5b61731cd230fb8a99bd0b73a3e931cfd826fd84265326,Q7239
bbq_v,02_22_1430_1_03,02_22_1430_1,Q7239,Disability_status,nonneg,3e081f76687ab6c4eb8856ebf8303bfdd7a53535fe9cc21af78e58216a13d184,Q7239
bbq_v,02_23_1476_2_01,02_23_1476_2,Q3096,Disability_status,neg,7f927f3761cd85aaeb932b7b9bc20bf6102de588d6b30fa7b5854d44c2152a19,Q3096
bbq_v,02_23_1476_2_03,02_23_1476_2,Q3096,Disability_status,neg,e8807f581fbcb38cfa38430ba3b0986066271aac44991e766ce2c2ed01a03992,Q3096
bbq_v,02_23_1478_1_01,02_23_1478_1,Q3096,Disability_status,nonneg,7f927f3761cd85aaeb932b7b9bc20bf6102de588d6b30fa7b5854d44c2152a19,Q3096
bbq_v,02_23_1478_1_03,02_23_1478_1,Q3096,Disability_status,nonneg,e8807f581fbcb38cfa38430ba3b0986066271aac44991e766ce2c2ed01a03992,Q3096
bbq_v,02_23_1488_2_01,02_23_1488_2,Q3095,Disability_status,neg,f735fa1f88d539957426c9edf7cc580fc6610399c51e1cb49fc0553e52a40976,Q3095
bbq_v,02_23_1488_2_02,02_23_1488_2,Q3095,Disability_status,neg,8595a144fa0906a777e17f212e16827bcb4eff0966c0dd1c5cf2458e3efae2ea,Q3095
bbq_v,02_23_1488_2_03,02_23_1488_2,Q3095,Disability_status,neg,9251eaadc916b150cd3731c077a5a52d440d88e2e546697ff30e3b7b491880c5,Q3095
bbq_v,02_23_1490_1_01,02_23_1490_1,Q3095,Disability_status,nonneg,f735fa1f88d539957426c9edf7cc580fc6610399c51e1cb49fc0553e52a40976,Q3095
bbq_v,02_23_1490_1_02,02_23_1490_1,Q3095,Disability_status,nonneg,8595a144fa0906a777e17f212e16827bcb4eff0966c0dd1c5cf2458e3efae2ea,Q3095
bbq_v,02_23_1490_1_03,02_23_1490_1,Q3095,Disability_status,nonneg,9251eaadc916b150cd3731c077a5a52d440d88e2e546697ff30e3b7b491880c5,Q3095
bbq_v,02_24_1496_2_01,02_24_1496_2,Q4597,Disability_status,neg,75dece289d82f7978250b4e926b2f4fe4db461406fe1484463214068a2bcf3bc,Q4597
bbq_v,02_24_1496_2_02,02_24_1496_2,Q4597,Disability_status,neg,17d96e4b5fc8fe058d69798c23caa7e85b163c10ca2ec00ab749e50241374645,Q4597
bbq_v,02_24_1496_2_03,02_24_1496_2,Q4597,Disability_status,neg,5ec589729a2ae340b6c689a0c947da0cccfd0dd052d6f63634c6237c1c463e59,Q4597
bbq_v,02_24_1498_1_01,02_24_1498_1,Q4597,Disability_status,nonneg,75dece289d82f7978250b4e926b2f4fe4db461406fe1484463214068a2bcf3bc,Q4597
bbq_v,02_24_1498_1_02,02_24_1498_1,Q4597,Disability_status,nonneg,17d96e4b5fc8fe058d69798c23caa7e85b163c10ca2ec00ab749e50241374645,Q4597
bbq_v,02_24_1498_1_03,02_24_1498_1,Q4597,Disability_status,nonneg,5ec589729a2ae340b6c689a0c947da0cccfd0dd052d6f63634c6237c1c463e59,Q4597
bbq_v,03_01_0000_2_01,03_01_0000_2,Q7320,Gender_identity,neg,a48720759da51d26da82cf047cef64bde0614501c09c9187a381058088cce409,Q7320
bbq_v,03_01_0000_2_02,03_01_0000_2,Q7320,Gender_identity,neg,dc11ca2b0e91ae0452e30cc82469f3d065a101f12908bc7bb987cfa5a7102408,Q7320
bbq_v,03_01_0000_2_03,03_01_0000_2,Q7320,Gender_identity,neg,3b040cfad6acf6266c4d7023284c771868259d88229462231663ae03aa287e2d,Q7320
bbq_v,03_01_0002_1_01,03_01_0002_1,Q7320,Gender_identity,nonneg,a48720759da51d26da82cf047cef64bde0614501c09c9187a381058088cce409,Q7320
bbq_v,03_01_0002_1_02,03_01_0002_1,Q7320,Gender_identity,nonneg,dc11ca2b0e91ae0452e30cc82469f3d065a101f12908bc7bb987cfa5a7102408,Q7320
bbq_v,03_01_0002_1_03,03_01_0002_1,Q7320,Gender_identity,nonneg,3b040cfad6acf6266c4d7023284c771868259d88229462231663ae03aa287e2d,Q7320
bbq_v,03_04_0028_2_01,03_04_0028_2,Q1087,Gender_identity,neg,01551dcf798933028389ffc7abfa1c0fc5abb3ac71664abe44611377cd6f821b,Q1087
bbq_v,03_04_0030_1_01,03_04_0030_1,Q1087,Gender_identity,nonneg,01551dcf798933028389ffc7abfa1c0fc5abb3ac71664abe44611377cd6f821b,Q1087
bbq_v,03_10_0140_2_01,03_10_0140_2,Q5690,Gender_identity,neg,e47e0c03cf5672b71ded67c43728d44ec68b0b41cbad0ec1bec1825c5604c800,Q5690
bbq_v,03_10_0140_2_02,03_10_0140_2,Q5690,Gender_identity,neg,9bd53c308ec2651dc6003c036f324315cf969e71e49afbb7eaaac65ccbe7aa4d,Q5690
bbq_v,03_10_0140_2_03,03_10_0140_2,Q5690,Gender_identity,neg,91294c736bb6e0b5b8562282661bd097e1028e9f2decde0fbf6a194282961a1b,Q5690
bbq_v,03_10_0142_1_01,03_10_0142_1,Q5690,Gender_identity,nonneg,e47e0c03cf5672b71ded67c43728d44ec68b0b41cbad0ec1bec1825c5604c800,Q5690
bbq_v,03_10_0142_1_02,03_10_0142_1,Q5690,Gender_identity,nonneg,9bd53c308ec2651dc6003c036f324315cf969e71e49afbb7eaaac65ccbe7aa4d,Q5690
bbq_v,03_10_0142_1_03,03_10_0142_1,Q5690,Gender_identity,nonneg,91294c736bb6e0b5b8562282661bd097e1028e9f2decde0fbf6a194282961a1b,Q5690
bbq_v,03_11_0160_2_01,03_11_0160_2,Q953,Gender_identity,neg,da153149914372f360264b759272cbdd327cdb33ec44d2824593591fadb6acaa,Q953
bbq_v,03_11_0160_2_02,03_11_0160_2,Q953,Gender_identity,neg,f77c0c512627b9bf0174efb7c2d0d552ad80d66d84fa462f6d748d68521b1a08,Q953
bbq_v,03_11_0160_2_03,03_11_0160_2,Q953,Gender_identity,neg,a06dfe6b6dc0b34adf18c849af92cb76beb12bc0d7d9fe4bee62a6d608dca747,Q953
bbq_v,03_11_0162_1_01,03_11_0162_1,Q953,Gender_identity,nonneg,da153149914372f360264b759272cbdd327cdb33ec44d2824593591fadb6acaa,Q953
bbq_v,03_11_0162_1_02,03_11_0162_1,Q953,Gender_identity,nonneg,f77c0c512627b9bf0174efb7c2d0d552ad80d66d84fa462f6d748d68521b1a08,Q953
bbq_v,03_11_0162_1_03,03_11_0162_1,Q953,Gender_identity,nonneg,a06dfe6b6dc0b34adf18c849af92cb76beb12bc0d7d9fe4bee62a6d608dca747,Q953
bbq_v,03_16_0452_2_01,03_16_0452_2,Q186,Gender_identity,neg,03b1ba3c7ebeda169f9e97bcc4225972f3c1b81c21520e72a5f5c0d44310a22b,Q186
bbq_v,03_16_0452_2_02,03_16_0452_2,Q186,Gender_identity,neg,4b10942377fd34a93b40565480dc18463df3069910c8548107912e3e90f6f7b1,Q186
bbq_v,03_16_0452_2_03,03_16_0452_2,Q186,Gender_identity,neg,44969158386a231b17a96b76e1e3a36216a3998337fc5c34dcc7c4cfc37cf1c4,Q186
bbq_v,03_16_0454_1_01,03_16_0454_1,Q186,Gender_identity,nonneg,03b1ba3c7ebeda169f9e97bcc4225972f3c1b81c21520e72a5f5c0d44310a22b,Q186
bbq_v,03_16_0454_1_02,03_16_0454_1,Q186,Gender_identity,nonneg,4b10942377fd34a93b40565480dc18463df3069910c8548107912e3e90f6f7b1,Q186
bbq_v,03_16_0454_1_03,03_16_0454_1,Q186,Gender_identity,nonneg,44969158386a231b17a96b76e1e3a36216a3998337fc5c34dcc7c4cfc37cf1c4,Q186
bbq_v,03_23_0652_2_01,03_23_0652_2,Q969,Gender_identity,neg,0bdc5f7bdb6d2026b0911cc78394228bb66850ff7d012454adc7d74a524a1852,Q969
bbq_v,03_23_0652_2_02,03_23_0652_2,Q969,Gender_identity,neg,08c7a8a36498f5b949ee5b531950ea1e4886de07d390e195cb0142900b1a959f,Q969
bbq_v,03_23_0652_2_03,03_23_0652_2,Q969,Gender_identity,neg,e834543fe5f9a06035ea7339d20ecdac173edfb928e716c0b9f52e90a0669aac,Q969
bbq_v,03_23_0654_1_01,03_23_0654_1,Q969,Gender_identity,nonneg,0bdc5f7bdb6d2026b0911cc78394228bb66850ff7d012454adc7d74a524a1852,Q969
bbq_v,03_23_0654_1_02,03_23_0654_1,Q969,Gender_identity,nonneg,08c7a8a36498f5b949ee5b531950ea1e4886de07d390e195cb0142900b1a959f,Q969
bbq_v,03_23_0654_1_03,03_23_0654_1,Q969,Gender_identity,nonneg,e834543fe5f9a06035ea7339d20ecdac173edfb928e716c0b9f52e90a0669aac,Q969
bbq_v,03_26_0692_2_01,03_26_0692_2,Q7313,Gender_identity,neg,36052d6628f0664d4e67e19a6b7a764a4d0b48548be7875e324b186531ac858e,Q7313
bbq_v,03_26_0692_2_02,03_26_0692_2,Q7313,Gender_identity,neg,2ba89bf1a73830ae859128c43dce52142f11b75c63fd246f762f47790ea33bbd,Q7313
bbq_v,03_26_0692_2_03,03_26_0692_2,Q7313,Gender_identity,neg,f229f50d8c77760a064017ee38c8461c7bd9876bf130828caafbd1f59ba153ae,Q7313
bbq_v,03_26_0694_1_01,03_26_0694_1,Q7313,Gender_identity,nonneg,36052d6628f0664d4e67e19a6b7a764a4d0b48548be7875e324b186531ac858e,Q7313
bbq_v,03_26_0694_1_02,03_26_0694_1,Q7313,Gender_identity,nonneg,2ba89bf1a73830ae859128c43dce52142f11b75c63fd246f762f47790ea33bbd,Q7313
bbq_v,03_26_0694_1_03,03_26_0694_1,Q7313,Gender_identity,nonneg,f229f50d8c77760a064017ee38c8461c7bd9876bf130828caafbd1f59ba153ae,Q7313
bbq_v,03_26_0764_2_01,03_26_0764_2,Q7283,Gender_identity,neg,cb68872e0f8f91ff23f6d196fb2aef7b2ffea8b4692e458741c1f817925f4b93,Q7283
bbq_v,03_26_0764_2_02,03_26_0764_2,Q7283,Gender_identity,neg,42145c0c523f42621a28323609243118b79fca593ef892b57fe5c24c0419223b,Q7283
bbq_v,03_26_0764_2_03,03_26_0764_2,Q7283,Gender_identity,neg,7a5d73237a1f14cf469f0d7d6e2cec0776db70f785b02dd5356542ed4d33cbde,Q7283
bbq_v,03_26_0766_1_01,03_26_0766_1,Q7283,Gender_identity,nonneg,cb68872e0f8f91ff23f6d196fb2aef7b2ffea8b4692e458741c1f817925f4b93,Q7283
bbq_v,03_26_0766_1_02,03_26_0766_1,Q7283,Gender_identity,nonneg,42145c0c523f42621a28323609243118b79fca593ef892b57fe5c24c0419223b,Q7283
bbq_v,03_26_0766_1_03,03_26_0766_1,Q7283,Gender_identity,nonneg,7a5d73237a1f14cf469f0d7d6e2cec0776db70f785b02dd5356542ed4d33cbde,Q7283
bbq_v,03_27_0876_2_01,03_27_0876_2,Q3975,Gender_identity,neg,ba404e0847c303bd92e2c0f13ef9d95ede944a90e148147beb5e681fc037bada,Q3975
bbq_v,03_27_0876_2_02,03_27_0876_2,Q3975,Gender_identity,neg,40a129c2bfca867c0806b2d919b3b6c2a9a1668fb12ed72268218067f95ebc01,Q3975
bbq_v,03_27_0876_2_03,03_27_0876_2,Q3975,Gender_identity,neg,52c3896a87fcbc2d5504b0ee977a329bc72d9a0351724bc77db4a03bdb4036be,Q3975
bbq_v,03_27_0878_1_01,03_27_0878_1,Q3975,Gender_identity,nonneg,ba404e0847c303bd92e2c0f13ef9d95ede944a90e148147beb5e681fc037bada,Q3975
bbq_v,03_27_0878_1_02,03_27_0878_1,Q3975,Gender_identity,nonneg,40a129c2bfca867c0806b2d919b3b6c2a9a1668fb12ed72268218067f95ebc01,Q3975
bbq_v,03_27_0878_1_03,03_27_0878_1,Q3975,Gender_identity,nonneg,52c3896a87fcbc2d5504b0ee977a329bc72d9a0351724bc77db4a03bdb4036be,Q3975
bbq_v,03_27_0884_2_01,03_27_0884_2,Q3972,Gender_identity,neg,58849b73dab882d28aba6a76dbe4a274b48b61bab080624b4b6a044d69a41ef0,Q3972
bbq_v,03_27_0884_2_02,03_27_0884_2,Q3972,Gender_identity,neg,1f8f024311a425af58c6c2d269fb708a01b3d055c8111c1388fc9e8cd567f2f0,Q3972
bbq_v,03_27_0884_2_03,03_27_0884_2,Q3972,Gender_identity,neg,327ae8657bd5ffcf49f3b33acc21867ace3353a2457d6d8392b34527f6f60835,Q3972
bbq_v,03_27_0886_1_01,03_27_0886_1,Q3972,Gender_identity,nonneg,58849b73dab882d28aba6a76dbe4a274b48b61bab080624b4b6a044d69a41ef0,Q3972
bbq_v,03_27_0886_1_02,03_27_0886_1,Q3972,Gender_identity,nonneg,1f8f024311a425af58c6c2d269fb708a01b3d055c8111c1388fc9e8cd567f2f0,Q3972
bbq_v,03_27_0886_1_03,03_27_0886_1,Q3972,Gender_identity,nonneg,327ae8657bd5ffcf49f3b33acc21867ace3353a2457d6d8392b34527f6f60835,Q3972
bbq_v,03_27_0988_2_01,03_27_0988_2,Q3997,Gender_identity,neg,ba87bb88d4efa8314ed335b6442081cd00e2c8304fb79b50a89bcb9e95e96a0b,Q3997
bbq_v,03_27_0988_2_02,03_27_0988_2,Q3997,Gender_identity,neg,20f1d1cc7627eb040766a8439469e41933f216de4a2337bdd3352e67bcc4b876,Q3997
bbq_v,03_27_0988_2_03,03_27_0988_2,Q3997,Gender_identity,neg,3092c357a316d260eaf8bb112f3f7a1e0e22623495980ba3281776023dc27af7,Q3997
bbq_v,03_27_0990_1_01,03_27_0990_1,Q3997,Gender_identity,nonneg,ba87bb88d4efa8314ed335b6442081cd00e2c8304fb79b50a89bcb9e95e96a0b,Q3997
bbq_v,03_27_0990_1_02,03_27_0990_1,Q3997,Gender_identity,nonneg,20f1d1cc7627eb040766a8439469e41933f216de4a2337bdd3352e67bcc4b876,Q3997
bbq_v,03_27_0990_1_03,03_27_0990_1,Q3997,Gender_identity,nonneg,3092c357a316d260eaf8bb112f3f7a1e0e22623495980ba3281776023dc27af7,Q3997
bbq_v,03_28_1100_2_01,03_28_1100_2,Q1035,Gender_identity,neg,93e479ef393acd53309003fbf1d37467f0cdadfe3fddd5f59b431f99f00db1c7,Q1035
bbq_v,03_28_1100_2_02,03_28_1100_2,Q1035,Gender_identity,neg,9755c8ad65ff1d1d0f8a950143f522b31990d3da15594dd115e08d994e884620,Q1035
bbq_v,03_28_1100_2_03,03_28_1100_2,Q1035,Gender_identity,neg,063ae881938211e5a9a9dae1c85a588f0a3ab403de6091fabb8af0bc59954401,Q1035
bbq_v,03_28_1102_1_01,03_28_1102_1,Q1035,Gender_identity,nonneg,93e479ef393acd53309003fbf1d37467f0cdadfe3fddd5f59b431f99f00db1c7,Q1035
bbq_v,03_28_1102_1_02,03_28_1102_1,Q1035,Gender_identity,nonneg,9755c8ad65ff1d1d0f8a950143f522b31990d3da15594dd115e08d994e884620,Q1035
bbq_v,03_28_1102_1_03,03_28_1102_1,Q1035,Gender_identity,nonneg,063ae881938211e5a9a9dae1c85a588f0a3ab403de6091fabb8af0bc59954401,Q1035
bbq_v,03_28_1116_2_02,03_28_1116_2,Q997,Gender_identity,neg,c4afd39999f1b1609aabc9af1fa01f6e7b868d682961a8e3687e7c34f1072ea5,Q997
bbq_v,03_28_1118_1_02,03_28_1118_1,Q997,Gender_identity,nonneg,c4afd39999f1b1609aabc9af1fa01f6e7b868d682961a8e3687e7c34f1072ea5,Q997
bbq_v,03_28_1144_2_02,03_28_1144_2,Q1015,Gender_identity,neg,f1adb71effc517defa2fcdffb8a19b9db34216a0b578811775fa30799da3867d,Q1015
bbq_v,03_28_1144_2_03,03_28_1144_2,Q1015,Gender_identity,neg,046663bf9d267026b17500748c5963b2e2196fd61533cb19c60966b339e7ddc3,Q1015
bbq_v,03_28_1146_1_02,03_28_1146_1,Q1015,Gender_identity,nonneg,f1adb71effc517defa2fcdffb8a19b9db34216a0b578811775fa30799da3867d,Q1015
bbq_v,03_28_1146_1_03,03_28_1146_1,Q1015,Gender_identity,nonneg,046663bf9d267026b17500748c5963b2e2196fd61533cb19c60966b339e7ddc3,Q1015
bbq_v,03_28_1216_2_01,03_28_1216_2,Q986,Gender_identity,neg,0e2a87bcdbb1ae19a691d19bfc7e627c6f2eb95d47bfc5e7d3177a4e3ff2ef01,Q986
bbq_v,03_28_1216_2_02,03_28_1216_2,Q986,Gender_identity,neg,2a63d9313e8e3c0d40fc0332d74d1b473efbd425ffc58731b6742b0465e84d18,Q986
bbq_v,03_28_1216_2_03,03_28_1216_2,Q986,Gender_identity,neg,519e1f7e733d48a5c6e3a26d20a0de39bd2fed0b08328e1776f1c44a40633185,Q986
bbq_v,03_28_1218_1_01,03_28_1218_1,Q986,Gender_identity,nonneg,0e2a87bcdbb1ae19a691d19bfc7e627c6f2eb95d47bfc5e7d3177a4e3ff2ef01,Q986
bbq_v,03_28_1218_1_02,03_28_1218_1,Q986,Gender_identity,nonneg,2a63d9313e8e3c0d40fc0332d74d1b473efbd425ffc58731b6742b0465e84d18,Q986
bbq_v,03_28_1218_1_03,03_28_1218_1,Q986,Gender_identity,nonneg,519e1f7e733d48a5c6e3a26d20a0de39bd2fed0b08328e1776f1c44a40633185,Q986
bbq_v,03_29_1312_2_01,03_29_1312_2,Q1039,Gender_identity,neg,cd98ce9aee2e4472830d6fc5c71d322664b986f708153c2bd798fe87798da2de,Q1039
bbq_v,03_29_1312_2_02,03_29_1312_2,Q1039,Gender_identity,neg,d46b3f2b24f2f1fc9a94ba8b70f68e45f0efd517f8ca1761410c7f3deb676c04,Q1039
bbq_v,03_29_1312_2_03,03_29_1312_2,Q1039,Gender_identity,neg,715619158892c8036e48ed0e98c35744ab69c96559b2a224b91cf2a6fc819c2f,Q1039
bbq_v,03_29_1314_1_01,03_29_1314_1,Q1039,Gender_identity,nonneg,cd98ce9aee2e4472830d6fc5c71d322664b986f708153c2bd798fe87798da2de,Q1039
bbq_v,03_29_1314_1_02,03_29_1314_1,Q1039,Gender_identity,nonneg,d46b3f2b24f2f1fc9a94ba8b70f68e45f0efd517f8ca1761410c7f3deb676c04,Q1039
bbq_v,03_29_1314_1_03,03_29_1314_1,Q1039,Gender_identity,nonneg,715619158892c8036e48ed0e98c35744ab69c96559b2a224b91cf2a6fc819c2f,Q1039
bbq_v,03_29_1320_2_01,03_29_1320_2,Q1040,Gender_identity,neg,01eda0313b06268034d83eadaa966b81b5c6af4a0e54c16e5f66bde2dfc566ae,Q1040
bbq_v,03_29_1320_2_02,03_29_1320_2,Q1040,Gender_identity,neg,8dc584f4ec46ab1a12c807a1cdcf991881adf74b490648a19cfda90624bddb65,Q1040
bbq_v,03_29_1320_2_03,03_29_1320_2,Q1040,Gender_identity,neg,285ed82c75af730b76665a82e877ae95b2993f510dcf4dc2aebdb98b79d6ef84,Q1040
bbq_v,03_29_1322_1_01,03_29_1322_1,Q1040,Gender_identity,nonneg,01eda0313b06268034d83eadaa966b81b5c6af4a0e54c16e5f66bde2dfc566ae,Q1040
bbq_v,03_29_1322_1_02,03_29_1322_1,Q1040,Gender_identity,nonneg,8dc584f4ec46ab1a12c807a1cdcf991881adf74b490648a19cfda90624bddb65,Q1040
bbq_v,03_29_1322_1_03,03_29_1322_1,Q1040,Gender_identity,nonneg,285ed82c75af730b76665a82e877ae95b2993f510dcf4dc2aebdb98b79d6ef84,Q1040
bbq_v,03_30_1608_2_01,03_30_1608_2,Q2998,Gender_identity,neg,3e24bb80173e7319eba32b65c90f6ae7b9678feec54cbf62ca89cc5a548f9afb,Q2998
bbq_v,03_30_1608_2_02,03_30_1608_2,Q2998,Gender_identity,neg,49b94dc3c9c3e0d2011fd2fcf5b78b19c1a26007991b46e5b31cfa7c7e2e337e,Q2998
bbq_v,03_30_1610_1_01,03_30_1610_1,Q2998,Gender_identity,nonneg,3e24bb80173e7319eba32b65c90f6ae7b9678feec54cbf62ca89cc5a548f9afb,Q2998
bbq_v,03_30_1610_1_02,03_30_1610_1,Q2998,Gender_identity,nonneg,49b94dc3c9c3e0d2011fd2fcf5b78b19c1a26007991b46e5b31cfa7c7e2e337e,Q2998
bbq_v,03_31_1700_2_01,03_31_1700_2,Q4135,Gender_identity,neg,3e960414cce82db6c1933842e820cd3e8c2840b10d24376b5e5e928423fbbff0,Q4135
bbq_v,03_31_1700_2_02,03_31_1700_2,Q4135,Gender_identity,neg,ac1a76c1ad66ea98c5064b94f030037d236075110c1b7f6e3620c62ac6de0359,Q4135
bbq_v,03_31_1700_2_03,03_31_1700_2,Q4135,Gender_identity,neg,586749fa0d58394dc8236c7b8a6f5040fa5d7c3ba43c331afa62f6c7bd6ece14,Q4135
bbq_v,03_31_1702_1_01,03_31_1702_1,Q4135,Gender_identity,nonneg,3e960414cce82db6c1933842e820cd3e8c2840b10d24376b5e5e928423fbbff0,Q4135
bbq_v,03_31_1702_1_02,03_31_1702_1,Q4135,Gender_identity,nonneg,ac1a76c1ad66ea98c5064b94f030037d236075110c1b7f6e3620c62ac6de0359,Q4135
bbq_v,03_31_1702_1_03,03_31_1702_1,Q4135,Gender_identity,nonneg,586749fa0d58394dc8236c7b8a6f5040fa5d7c3ba43c331afa62f6c7bd6ece14,Q4135
bbq_v,03_32_1948_2_01,03_32_1948_2,Q377,Gender_identity,neg,f92745ead8dc0589438513f4414fb27526975da20760172eef98e6a3e3034d15,Q377
bbq_v,03_32_1948_2_02,03_32_1948_2,Q377,Gender_identity,neg,a743b6cfa0d6ae60ab18a6e46b374dac3d9a0c868573fe9226fa743f49326a27,Q377
bbq_v,03_32_1948_2_03,03_32_1948_2,Q377,Gender_identity,neg,f9a2d71fdfa7bd545c63e9dd7a978409fb7f9a1d78efb651ae32655bff60c6fd,Q377
bbq_v,03_32_1950_1_01,03_32_1950_1,Q377,Gender_identity,nonneg,f92745ead8dc0589438513f4414fb27526975da20760172eef98e6a3e3034d15,Q377
bbq_v,03_32_1950_1_02,03_32_1950_1,Q377,Gender_identity,nonneg,a743b6cfa0d6ae60ab18a6e46b374dac3d9a0c868573fe9226fa743f49326a27,Q377
bbq_v,03_32_1950_1_03,03_32_1950_1,Q377,Gender_identity,nonneg,f9a2d71fdfa7bd545c63e9dd7a978409fb7f9a1d78efb651ae32655bff60c6fd,Q377
bbq_v,03_33_2116_2_01,03_33_2116_2,Q5752,Gender_identity,neg,b736ae9e2ee938e95b56e1eb4d79cca932d7963f140217b5433f234fd8a44b48,Q5752
bbq_v,03_33_2116_2_02,03_33_2116_2,Q5752,Gender_identity,neg,174c3cadbe0dccde1b6e5252b756cfe2ce16c3282d974bc8b2a9d81ea1b90ac6,Q5752
bbq_v,03_33_2116_2_03,03_33_2116_2,Q5752,Gender_identity,neg,6d9b7e55430f48657c3557fce443c030d8e9180c73bb17116b75db10c827f6d7,Q5752
bbq_v,03_33_2118_1_01,03_33_2118_1,Q5752,Gender_identity,nonneg,b736ae9e2ee938e95b56e1eb4d79cca932d7963f140217b5433f234fd8a44b48,Q5752
bbq_v,03_33_2118_1_02,03_33_2118_1,Q5752,Gender_identity,nonneg,174c3cadbe0dccde1b6e5252b756cfe2ce16c3282d974bc8b2a9d81ea1b90ac6,Q5752
bbq_v,03_33_2118_1_03,03_33_2118_1,Q5752,Gender_identity,nonneg,6d9b7e55430f48657c3557fce443c030d8e9180c73bb17116b75db10c827f6d7,Q5752
bbq_v,03_34_2272_2_01,03_34_2272_2,Q6569,Gender_identity,neg,b62f436dee36ee3170139da6faefae051114c44eb20a30f21963b93d8f940326,Q6569
bbq_v,03_34_2274_1_01,03_34_2274_1,Q6569,Gender_identity,nonneg,b62f436dee36ee3170139da6faefae051114c44eb20a30f21963b93d8f940326,Q6569
bbq_v,03_34_2280_2_01,03_34_2280_2,Q6570,Gender_identity,neg,3b4f4a9cee93100419b4a584647841d89ecbbe27d97e7dd9e449a53d9370f47a,Q6570
bbq_v,03_34_2280_2_02,03_34_2280_2,Q6570,Gender_identity,neg,8d594c4bff5c9236c6343497894cb94529cf096254f4ce6c1eb4fd11523b4041,Q6570
bbq_v,03_34_2280_2_03,03_34_2280_2,Q6570,Gender_identity,neg,b929bb5611ebd0a8f364fdd0238ae0776877dbc08ed5b05b39543f92b982506e,Q6570
bbq_v,03_34_2282_1_01,03_34_2282_1,Q6570,Gender_identity,nonneg,3b4f4a9cee93100419b4a584647841d89ecbbe27d97e7dd9e449a53d9370f47a,Q6570
bbq_v,03_34_2282_1_02,03_34_2282_1,Q6570,Gender_identity,nonneg,8d594c4bff5c9236c6343497894cb94529cf096254f4ce6c1eb4fd11523b4041,Q6570
bbq_v,03_34_2282_1_03,03_34_2282_1,Q6570,Gender_identity,nonneg,b929bb5611ebd0a8f364fdd0238ae0776877dbc08ed5b05b39543f92b982506e,Q6570
bbq_v,03_34_2288_2_03,03_34_2288_2,Q6567,Gender_identity,neg,aae80bb0e64684ebe02adbc5a4173e89ca9e37eea994c5b96db3bee1a714c6f5,Q6567
bbq_v,03_34_2290_1_03,03_34_2290_1,Q6567,Gender_identity,nonneg,aae80bb0e64684ebe02adbc5a4173e89ca9e37eea994c5b96db3bee1a714c6f5,Q6567
bbq_v,03_34_2316_2_01,03_34_2316_2,Q6566,Gender_identity,neg,33bd73df4f1d8348e7403735ee6b6d66fb131265afb36d26f38ab478961ece98,Q6566
bbq_v,03_34_2316_2_02,03_34_2316_2,Q6566,Gender_identity,neg,113571627131947267be59060eda1243852c638af627f27dcc877284bd3fa2f6,Q6566
bbq_v,03_34_2316_2_03,03_34_2316_2,Q6566,Gender_identity,neg,620bcce38ad76e7a4ce86a2a32574bb508b7112d3093cb0bb0aee2e58ba8af28,Q6566
bbq_v,03_34_2318_1_01,03_34_2318_1,Q6566,Gender_identity,nonneg,33bd73df4f1d8348e7403735ee6b6d66fb131265afb36d26f38ab478961ece98,Q6566
bbq_v,03_34_2318_1_02,03_34_2318_1,Q6566,Gender_identity,nonneg,113571627131947267be59060eda1243852c638af627f27dcc877284bd3fa2f6,Q6566
bbq_v,03_34_2318_1_03,03_34_2318_1,Q6566,Gender_identity,nonneg,620bcce38ad76e7a4ce86a2a32574bb508b7112d3093cb0bb0aee2e58ba8af28,Q6566
bbq_v,03_35_2504_2_01,03_35_2504_2,Q5673,Gender_identity,neg,1d23519457fccd4e6f9e0ffb89fae2d043b4c89e66a1ba4884088857f6cac404,Q5673
bbq_v,03_35_2504_2_02,03_35_2504_2,Q5673,Gender_identity,neg,8dfb6fc607b57c21adaad8bbbe0463ec92b396c4d07f8e7d5e3893ed2a3e0a2c,Q5673
bbq_v,03_35_2506_1_01,03_35_2506_1,Q5673,Gender_identity,nonneg,1d23519457fccd4e6f9e0ffb89fae2d043b4c89e66a1ba4884088857f6cac404,Q5673
bbq_v,03_35_2506_1_02,03_35_2506_1,Q5673,Gender_identity,nonneg,8dfb6fc607b57c21adaad8bbbe0463ec92b396c4d07f8e7d5e3893ed2a3e0a2c,Q5673
bbq_v,03_36_2728_2_01,03_36_2728_2,Q4126,Gender_identity,neg,1de5e0a976f460275248d364977ad478672f6c6aa8fe1e2f010b2ed7a831d256,Q4126
bbq_v,03_36_2728_2_02,03_36_2728_2,Q4126,Gender_identity,neg,351785f647256ee8424a83d3f2e3f5315281470b3208c6b2134233e8c0660071,Q4126
bbq_v,03_36_2728_2_03,03_36_2728_2,Q4126,Gender_identity,neg,a48401d09de3051ddd9515507720d9c4aa747ff81b14c0ba856ba18f88689d08,Q4126
bbq_v,03_36_2730_1_01,03_36_2730_1,Q4126,Gender_identity,nonneg,1de5e0a976f460275248d364977ad478672f6c6aa8fe1e2f010b2ed7a831d256,Q4126
bbq_v,03_36_2730_1_02,03_36_2730_1,Q4126,Gender_identity,nonneg,351785f647256ee8424a83d3f2e3f5315281470b3208c6b2134233e8c0660071,Q4126
bbq_v,03_36_2730_1_03,03_36_2730_1,Q4126,Gender_identity,nonneg,a48401d09de3051ddd9515507720d9c4aa747ff81b14c0ba856ba18f88689d08,Q4126
bbq_v,03_36_2804_2_01,03_36_2804_2,Q2434,Gender_identity,neg,12ae0b519e9ba9fc3ef7f5ebcdbf4648878f55a89f3f2e57de47286c6149d0e3,Q2434
bbq_v,03_36_2804_2_02,03_36_2804_2,Q2434,Gender_identity,neg,fd320c2ff335f0044efba6154b25247ced31a7a01751132adfd18a49f011a008,Q2434
bbq_v,03_36_2804_2_03,03_36_2804_2,Q2434,Gender_identity,neg,21c134c3f68cc4b0a8d2232e86ef33120c779cbf944afe71a31189cf349496fe,Q2434
bbq_v,03_36_2806_1_01,03_36_2806_1,Q2434,Gender_identity,nonneg,12ae0b519e9ba9fc3ef7f5ebcdbf4648878f55a89f3f2e57de47286c6149d0e3,Q2434
bbq_v,03_36_2806_1_02,03_36_2806_1,Q2434,Gender_identity,nonneg,fd320c2ff335f0044efba6154b25247ced31a7a01751132adfd18a49f011a008,Q2434
bbq_v,03_36_2806_1_03,03_36_2806_1,Q2434,Gender_identity,nonneg,21c134c3f68cc4b0a8d2232e86ef33120c779cbf944afe71a31189cf349496fe,Q2434
bbq_v,03_37_2992_2_02,03_37_2992_2,Q5255,Gender_identity,neg,496ba89c256d5b6ea04327f865e10a0eb414644b52dcebf229c631744ecf3007,Q5255
bbq_v,03_37_2994_1_02,03_37_2994_1,Q5255,Gender_identity,nonneg,496ba89c256d5b6ea04327f865e10a0eb414644b52dcebf229c631744ecf3007,Q5255
bbq_v,03_38_3096_2_02,03_38_3096_2,Q5259,Gender_identity,neg,f063bce76abe1319de6824e48a47a41644a3219f53e861f00755b341278301f5,Q5259
bbq_v,03_38_3098_1_02,03_38_3098_1,Q5259,Gender_identity,nonneg,f063bce76abe1319de6824e48a47a41644a3219f53e861f00755b341278301f5,Q5259
bbq_v,03_38_3100_2_01,03_38_3100_2,Q2618,Gender_identity,neg,32fd07b44c3388492cc68600e80d9f9291f1aa16bd1a73cf5a335c6ac2b028fb,Q2618
bbq_v,03_38_3100_2_02,03_38_3100_2,Q2618,Gender_identity,neg,9b7ce5d371b3beb54ad9e376aa961cc5d4cb7029e83c3bde27a21885c73d380a,Q2618
bbq_v,03_38_3102_1_01,03_38_3102_1,Q2618,Gender_identity,nonneg,32fd07b44c3388492cc68600e80d9f9291f1aa16bd1a73cf5a335c6ac2b028fb,Q2618
bbq_v,03_38_3102_1_02,03_38_3102_1,Q2618,Gender_identity,nonneg,9b7ce5d371b3beb54ad9e376aa961cc5d4cb7029e83c3bde27a21885c73d380a,Q2618
bbq_v,03_40_3620_2_01,03_40_3620_2,Q2486,Gender_identity,neg,43a706265af1145278f10fbc9c2f716f6bec8000be3aa7bc51a4fc98faa3aa4d,Q2486
bbq_v,03_40_3620_2_02,03_40_3620_2,Q2486,Gender_identity,neg,fb99110aa9e272123f44924770d785feefd04ee6cc14c3a0d6e1cf857125dd73,Q2486
bbq_v,03_40_3620_2_03,03_40_3620_2,Q2486,Gender_identity,neg,1800f77d9da855e3fe246c55d4e1223f74af55e5e91d50ba3dbf7c3598f2fb41,Q2486
bbq_v,03_40_3622_1_01,03_40_3622_1,Q2486,Gender_identity,nonneg,43a706265af1145278f10fbc9c2f716f6bec8000be3aa7bc51a4fc98faa3aa4d,Q2486
bbq_v,03_40_3622_1_02,03_40_3622_1,Q2486,Gender_identity,nonneg,fb99110aa9e272123f44924770d785feefd04ee6cc14c3a0d6e1cf857125dd73,Q2486
bbq_v,03_40_3622_1_03,03_40_3622_1,Q2486,Gender_identity,nonneg,1800f77d9da855e3fe246c55d4e1223f74af55e5e91d50ba3dbf7c3598f2fb41,Q2486
bbq_v,03_41_3748_2_02,03_41_3748_2,Q5235,Gender_identity,neg,90001482b245ab72e532a0d64c42b3dfd0bf1efc35abe72f4425eab86c0669ad,Q5235
bbq_v,03_41_3748_2_03,03_41_3748_2,Q5235,Gender_identity,neg,309f6e3568fb6cf487ab448c6c587bfae0a02150cadf72e23d750fb72243d726,Q5235
bbq_v,03_41_3750_1_02,03_41_3750_1,Q5235,Gender_identity,nonneg,90001482b245ab72e532a0d64c42b3dfd0bf1efc35abe72f4425eab86c0669ad,Q5235
bbq_v,03_41_3750_1_03,03_41_3750_1,Q5235,Gender_identity,nonneg,309f6e3568fb6cf487ab448c6c587bfae0a02150cadf72e23d750fb72243d726,Q5235
bbq_v,03_41_3768_2_01,03_41_3768_2,Q4170,Gender_identity,neg,16c2b9b69a812c44934c41c2ad24e1eaf20d21e3297575e98763e67b2a7502d3,Q4170
bbq_v,03_41_3768_2_02,03_41_3768_2,Q4170,Gender_identity,neg,6efdfe6a162a0e58709a120060c5fe226ff3f5f9e0389f05ca7fe15379d80ac8,Q4170
bbq_v,03_41_3768_2_03,03_41_3768_2,Q4170,Gender_identity,neg,a5411f1650c1876d567246ec841e588152e4945fa547237758bf28706a17efab,Q4170
bbq_v,03_41_3770_1_01,03_41_3770_1,Q4170,Gender_identity,nonneg,16c2b9b69a812c44934c41c2ad24e1eaf20d21e3297575e98763e67b2a7502d3,Q4170
bbq_v,03_41_3770_1_02,03_41_3770_1,Q4170,Gender_identity,nonneg,6efdfe6a162a0e58709a120060c5fe226ff3f5f9e0389f05ca7fe15379d80ac8,Q4170
bbq_v,03_41_3770_1_03,03_41_3770_1,Q4170,Gender_identity,nonneg,a5411f1650c1876d567246ec841e588152e4945fa547237758bf28706a17efab,Q4170
bbq_v,03_43_4196_2_01,03_43_4196_2,Q670,Gender_identity,neg,f6a4804b5a48d215781e59cc802e6d789154a390f6dcfcb7a1bd786fdbdeff9a,Q670
bbq_v,03_43_4196_2_02,03_43_4196_2,Q670,Gender_identity,neg,bad5c52ddca1eb361894532fbe3a1f26609859da96b7bddc0e0cbe2685c08e80,Q670
bbq_v,03_43_4196_2_03,03_43_4196_2,Q670,Gender_identity,neg,79147003e7cb867d51cb0ee699441a537c58b4b1fc06bec5ef68533bc9e9467b,Q670
bbq_v,03_43_4198_1_01,03_43_4198_1,Q670,Gender_identity,nonneg,f6a4804b5a48d215781e59cc802e6d789154a390f6dcfcb7a1bd786fdbdeff9a,Q670
bbq_v,03_43_4198_1_02,03_43_4198_1,Q670,Gender_identity,nonneg,bad5c52ddca1eb361894532fbe3a1f26609859da96b7bddc0e0cbe2685c08e80,Q670
bbq_v,03_43_4198_1_03,03_43_4198_1,Q670,Gender_identity,nonneg,79147003e7cb867d51cb0ee699441a537c58b4b1fc06bec5ef68533bc9e9467b,Q670
bbq_v,03_43_4208_2_01,03_43_4208_2,Q693,Gender_identity,neg,c61e0f23e99ba13a9aa551bb8eca125cf41821fd1d141dd269acea6a29ac5715,Q693
bbq_v,03_43_4208_2_02,03_43_4208_2,Q693,Gender_identity,neg,2686e0fb0c07ed81bbf510778c427c6b1e25858027836ba73a5a898b5e33e378,Q693
bbq_v,03_43_4208_2_03,03_43_4208_2,Q693,Gender_identity,neg,ae009ab4c193d61c2b913cc48937dab02fc2de1daffbc2e865be8c5b61b2cf80,Q693
bbq_v,03_43_4210_1_01,03_43_4210_1,Q693,Gender_identity,nonneg,c61e0f23e99ba13a9aa551bb8eca125cf41821fd1d141dd269acea6a29ac5715,Q693
bbq_v,03_43_4210_1_02,03_43_4210_1,Q693,Gender_identity,nonneg,2686e0fb0c07ed81bbf510778c427c6b1e25858027836ba73a5a898b5e33e378,Q693
bbq_v,03_43_4210_1_03,03_43_4210_1,Q693,Gender_identity,nonneg,ae009ab4c193d61c2b913cc48937dab02fc2de1daffbc2e865be8c5b61b2cf80,Q693
bbq_v,03_43_4248_2_01,03_43_4248_2,Q682,Gender_identity,neg,a0364b0be1cdba9c54816fdfee0c58d4699c1492b73dde86bdc07c92c27ac5ea,Q682
bbq_v,03_43_4248_2_02,03_43_4248_2,Q682,Gender_identity,neg,8de4058e49d756358d9f52798bd059c2f7360b5100e98e0359d163e9c327b689,Q682
bbq_v,03_43_4248_2_03,03_43_4248_2,Q682,Gender_identity,neg,b9f7687f673f6101ae077a2638e21138fda6edfcb489ce9b581a450e8d62b073,Q682
bbq_v,03_43_4250_1_01,03_43_4250_1,Q682,Gender_identity,nonneg,a0364b0be1cdba9c54816fdfee0c58d4699c1492b73dde86bdc07c92c27ac5ea,Q682
bbq_v,03_43_4250_1_02,03_43_4250_1,Q682,Gender_identity,nonneg,8de4058e49d756358d9f52798bd059c2f7360b5100e98e0359d163e9c327b689,Q682
bbq_v,03_43_4250_1_03,03_43_4250_1,Q682,Gender_identity,nonneg,b9f7687f673f6101ae077a2638e21138fda6edfcb489ce9b581a450e8d62b073,Q682
bbq_v,03_44_4300_2_01,03_44_4300_2,Q5201,Gender_identity,neg,628bd66e30f64f568a89758e9285262f4617f6e52e9e1d8adbbb538567172d37,Q5201
bbq_v,03_44_4300_2_02,03_44_4300_2,Q5201,Gender_identity,neg,40e2aacdda94be659cacc2507b17f5e5248975aefd1d591b6785b400b17a6f7d,Q5201
bbq_v,03_44_4300_2_03,03_44_4300_2,Q5201,Gender_identity,neg,b82fb8b738deeb8f932cc5fcd60f039af719ae99adfec43adb1c79b56bb1e01d,Q5201
bbq_v,03_44_4302_1_01,03_44_4302_1,Q5201,Gender_identity,nonneg,628bd66e30f64f568a89758e9285262f4617f6e52e9e1d8adbbb538567172d37,Q5201
bbq_v,03_44_4302_1_02,03_44_4302_1,Q5201,Gender_identity,nonneg,40e2aacdda94be659cacc2507b17f5e5248975aefd1d591b6785b400b17a6f7d,Q5201
bbq_v,03_44_4302_1_03,03_44_4302_1,Q5201,Gender_identity,nonneg,b82fb8b738deeb8f932cc5fcd60f039af719ae99adfec43adb1c79b56bb1e01d,Q5201
bbq_v,03_44_4332_2_01,03_44_4332_2,Q4299,Gender_identity,neg,a99896a544806f045913deaae9544b2e41de71940b4b7ab9ec675f5f5b3e7414,Q4299
bbq_v,03_44_4332_2_02,03_44_4332_2,Q4299,Gender_identity,neg,a849f6482c208a6757f7f29cc2ec73d238e5e33d584cbab1877420e18a5cbd73,Q4299
bbq_v,03_44_4334_1_01,03_44_4334_1,Q4299,Gender_identity,nonneg,a99896a544806f045913deaae9544b2e41de71940b4b7ab9ec675f5f5b3e7414,Q4299
bbq_v,03_44_4334_1_02,03_44_4334_1,Q4299,Gender_identity,nonneg,a849f6482c208a6757f7f29cc2ec73d238e5e33d584cbab1877420e18a5cbd73,Q4299
bbq_v,03_44_4404_2_01,03_44_4404_2,Q7627,Gender_identity,neg,847a9f6d4116566c0ee1c27ef64210adb99d4cb78e498452b9678aee387b4c34,Q7627
bbq_v,03_44_4404_2_02,03_44_4404_2,Q7627,Gender_identity,neg,7dd7e750d07004bb3206795b19a8cf95450241642c938e0bbb586e371d2d30c2,Q7627
bbq_v,03_44_4404_2_03,03_44_4404_2,Q7627,Gender_identity,neg,9921431ed676f74203c8cc5d7519df655cb95697860cd77d24ce8a853698a626,Q7627
bbq_v,03_44_4406_1_01,03_44_4406_1,Q7627,Gender_identity,nonneg,847a9f6d4116566c0ee1c27ef64210adb99d4cb78e498452b9678aee387b4c34,Q7627
bbq_v,03_44_4406_1_02,03_44_4406_1,Q7627,Gender_identity,nonneg,7dd7e750d07004bb3206795b19a8cf95450241642c938e0bbb586e371d2d30c2,Q7627
bbq_v,03_44_4406_1_03,03_44_4406_1,Q7627,Gender_identity,nonneg,9921431ed676f74203c8cc5d7519df655cb95697860cd77d24ce8a853698a626,Q7627
bbq_v,03_44_4436_2_02,03_44_4436_2,Q7611,Gender_identity,neg,60f292426b3df821f5eade856f3dc34ea1897f710f51c27b0983114d4fe8e545,Q7611
bbq_v,03_44_4436_2_03,03_44_4436_2,Q7611,Gender_identity,neg,2a7d280dfb3ec35957e6fa25474bec571b99f31e9775c067876a5afe0bf0076e,Q7611
bbq_v,03_44_4438_1_02,03_44_4438_1,Q7611,Gender_identity,nonneg,60f292426b3df821f5eade856f3dc34ea1897f710f51c27b0983114d4fe8e545,Q7611
bbq_v,03_44_4438_1_03,03_44_4438_1,Q7611,Gender_identity,nonneg,2a7d280dfb3ec35957e6fa25474bec571b99f31e9775c067876a5afe0bf0076e,Q7611
bbq_v,03_46_4684_2_01,03_46_4684_2,Q6405,Gender_identity,neg,0541ee5a749cb2dd5edfc5b1b1e300e51791e9ead2f56cf85e2a72af47488d5d,Q6405
bbq_v,03_46_4684_2_02,03_46_4684_2,Q6405,Gender_identity,neg,305103e2a9fd67cf819dfd733154a2bf053c0d2f3a29e0b9b4d1e680140e139a,Q6405
bbq_v,03_46_4684_2_03,03_46_4684_2,Q6405,Gender_identity,neg,f7cd61534985d9a55bcf9e3eacf4543f965880daadf1635efe49036ebed58602,Q6405
bbq_v,03_46_4686_1_01,03_46_4686_1,Q6405,Gender_identity,nonneg,0541ee5a749cb2dd5edfc5b1b1e300e51791e9ead2f56cf85e2a72af47488d5d,Q6405
bbq_v,03_46_4686_1_02,03_46_4686_1,Q6405,Gender_identity,nonneg,305103e2a9fd67cf819dfd733154a2bf053c0d2f3a29e0b9b4d1e680140e139a,Q6405
bbq_v,03_46_4686_1_03,03_46_4686_1,Q6405,Gender_identity,nonneg,f7cd61534985d9a55bcf9e3eacf4543f965880daadf1635efe49036ebed58602,Q6405
bbq_v,03_46_4716_2_01,03_46_4716_2,Q6400,Gender_identity,neg,8f7ee1c1174e02437c8d61067ac56553259ace99628f5d6a38c79da5950aa0f3,Q6400
bbq_v,03_46_4718_1_01,03_46_4718_1,Q6400,Gender_identity,nonneg,8f7ee1c1174e02437c8d61067ac56553259ace99628f5d6a38c79da5950aa0f3,Q6400
bbq_v,03_49_5448_2_01,03_49_5448_2,Q4211,Gender_identity,neg,69b60933662ddb637dede83fa7d4bed196f5c0feb8cab8cf69bd62809abb7a9d,Q4211
bbq_v,03_49_5448_2_02,03_49_5448_2,Q4211,Gender_identity,neg,cb3edbc817d4c53b2f727618574b19376b611f26c1362e73f4f617770f11fe85,Q4211
bbq_v,03_49_5448_2_03,03_49_5448_2,Q4211,Gender_identity,neg,10bf8fa73d30f721c60cb65a04c34713593f70c7b99d7d55577b09aa932e7859,Q4211
bbq_v,03_49_5450_1_01,03_49_5450_1,Q4211,Gender_identity,nonneg,69b60933662ddb637dede83fa7d4bed196f5c0feb8cab8cf69bd62809abb7a9d,Q4211
bbq_v,03_49_5450_1_02,03_49_5450_1,Q4211,Gender_identity,nonneg,cb3edbc817d4c53b2f727618574b19376b611f26c1362e73f4f617770f11fe85,Q4211
bbq_v,03_49_5450_1_03,03_49_5450_1,Q4211,Gender_identity,nonneg,10bf8fa73d30f721c60cb65a04c34713593f70c7b99d7d55577b09aa932e7859,Q4211
bbq_v,04_01_0008_2_01,04_01_0008_2,Q3586,Nationality,neg,85a485a8c081e673f718ba0bdb26f03e6c2a6d57e74d33e3c3ecb5c13f4509d2,Q3586
bbq_v,04_01_0010_1_01,04_01_0010_1,Q3586,Nationality,nonneg,85a485a8c081e673f718ba0bdb26f03e6c2a6d57e74d33e3c3ecb5c13f4509d2,Q3586
bbq_v,04_01_0024_2_02,04_01_0024_2,Q3590,Nationality,neg,2d1440decfc76b8ef0a50f2ecc9dbf14d0f962bcebba76292b864ed7ab8a29f8,Q3590
bbq_v,04_01_0026_1_02,04_01_0026_1,Q3590,Nationality,nonneg,2d1440decfc76b8ef0a50f2ecc9dbf14d0f962bcebba76292b864ed7ab8a29f8,Q3590
bbq_v,04_03_0096_2_01,04_03_0096_2,Q4856,Nationality,neg,3a53e9c6a2c2f8807fe3d19bbd4e61dbb881eaa4f1cd090df20806b0f5799212,Q4856
bbq_v,04_03_0098_1_01,04_03_0098_1,Q4856,Nationality,nonneg,3a53e9c6a2c2f8807fe3d19bbd4e61dbb881eaa4f1cd090df20806b0f5799212,Q4856
bbq_v,04_04_0136_2_01,04_04_0136_2,Q4400,Nationality,neg,590fa5d3d8c4ada39991a345a143f9cb2e9fc52fc19ac908228f4cf364494731,Q4400
bbq_v,04_04_0138_1_01,04_04_0138_1,Q4400,Nationality,nonneg,590fa5d3d8c4ada39991a345a143f9cb2e9fc52fc19ac908228f4cf364494731,Q4400
bbq_v,04_04_0172_2_01,04_04_0172_2,Q4373,Nationality,neg,05796be7b714a1d8cc05c596c4e2df7d5c6b1dc3b358bca6487940175372d408,Q4373
bbq_v,04_04_0172_2_02,04_04_0172_2,Q4373,Nationality,neg,203d58293bd83afedff96917731eae25cc876810f2a8b1e2a9624380e1f7b06d,Q4373
bbq_v,04_04_0174_1_01,04_04_0174_1,Q4373,Nationality,nonneg,05796be7b714a1d8cc05c596c4e2df7d5c6b1dc3b358bca6487940175372d408,Q4373
bbq_v,04_04_0174_1_02,04_04_0174_1,Q4373,Nationality,nonneg,203d58293bd83afedff96917731eae25cc876810f2a8b1e2a9624380e1f7b06d,Q4373
bbq_v,04_04_0188_2_01,04_04_0188_2,Q4377,Nationality,neg,a52b96546ef0474115795356e19a7fe046f7c5eff694cbf407df44d251007ab4,Q4377
bbq_v,04_04_0190_1_01,04_04_0190_1,Q4377,Nationality,nonneg,a52b96546ef0474115795356e19a7fe046f7c5eff694cbf407df44d251007ab4,Q4377
bbq_v,04_04_0196_2_01,04_04_0196_2,Q4370,Nationality,neg,fe3a8efb8a056cb38765dc1876230d876334e753a7e456dc3019fafab3927a6e,Q4370
bbq_v,04_04_0198_1_01,04_04_0198_1,Q4370,Nationality,nonneg,fe3a8efb8a056cb38765dc1876230d876334e753a7e456dc3019fafab3927a6e,Q4370
bbq_v,04_04_0204_2_01,04_04_0204_2,Q4419,Nationality,neg,8fc0f4adcdb0f181eae30526ba898bbef9e13520a67777bbb90598e1e6bf52f5,Q4419
bbq_v,04_04_0206_1_01,04_04_0206_1,Q4419,Nationality,nonneg,8fc0f4adcdb0f181eae30526ba898bbef9e13520a67777bbb90598e1e6bf52f5,Q4419
bbq_v,04_04_0208_2_01,04_04_0208_2,Q4353,Nationality,neg,55d2e732705459dd8e260abee26208fe2be0c72200121aedc9519f10e0f3ff78,Q4353
bbq_v,04_04_0210_1_01,04_04_0210_1,Q4353,Nationality,nonneg,55d2e732705459dd8e260abee26208fe2be0c72200121aedc9519f10e0f3ff78,Q4353
bbq_v,04_04_0252_2_01,04_04_0252_2,Q4325,Nationality,neg,148d113394a7306a8147178a8030d17a669820bf49aa57c2e63fe262f2c4397c,Q4325
bbq_v,04_04_0252_2_02,04_04_0252_2,Q4325,Nationality,neg,29a83c2a9946955147eb50c7586cb92176bed4ef3fa3fb6707533773519873ea,Q4325
bbq_v,04_04_0252_2_03,04_04_0252_2,Q4325,Nationality,neg,a175a2ad57d1f78a71ce68b8c3f2f83b0e3f24283d803f3e52926840b0f4598b,Q4325
bbq_v,04_04_0254_1_01,04_04_0254_1,Q4325,Nationality,nonneg,148d113394a7306a8147178a8030d17a669820bf49aa57c2e63fe262f2c4397c,Q4325
bbq_v,04_04_0254_1_02,04_04_0254_1,Q4325,Nationality,nonneg,29a83c2a9946955147eb50c7586cb92176bed4ef3fa3fb6707533773519873ea,Q4325
bbq_v,04_04_0254_1_03,04_04_0254_1,Q4325,Nationality,nonneg,a175a2ad57d1f78a71ce68b8c3f2f83b0e3f24283d803f3e52926840b0f4598b,Q4325
bbq_v,04_04_0260_2_01,04_04_0260_2,Q4351,Nationality,neg,9370214ab54a3ba81d054d8cd7316469a3c1d838b21ec2f067a5d6fd875c1dc2,Q4351
bbq_v,04_04_0260_2_02,04_04_0260_2,Q4351,Nationality,neg,374c04870f8a47cfc96695c031d836b561902576e27fa209a86d9078f31434b5,Q4351
bbq_v,04_04_0262_1_01,04_04_0262_1,Q4351,Nationality,nonneg,9370214ab54a3ba81d054d8cd7316469a3c1d838b21ec2f067a5d6fd875c1dc2,Q4351
bbq_v,04_04_0262_1_02,04_04_0262_1,Q4351,Nationality,nonneg,374c04870f8a47cfc96695c031d836b561902576e27fa209a86d9078f31434b5,Q4351
bbq_v,04_05_0376_2_01,04_05_0376_2,Q1311,Nationality,neg,ba41f59ba2e20064a80deb4a0eeef2ca2fd46329cfa818be2fcb0b3c488d5bac,Q1311
bbq_v,04_05_0376_2_02,04_05_0376_2,Q1311,Nationality,neg,5fc43d9396e2b27cb286f5b96a0698a21c65354ba3ff7df5f1e625fdc2d8eaf8,Q1311
bbq_v,04_05_0378_1_01,04_05_0378_1,Q1311,Nationality,nonneg,ba41f59ba2e20064a80deb4a0eeef2ca2fd46329cfa818be2fcb0b3c488d5bac,Q1311
bbq_v,04_05_0378_1_02,04_05_0378_1,Q1311,Nationality,nonneg,5fc43d9396e2b27cb286f5b96a0698a21c65354ba3ff7df5f1e625fdc2d8eaf8,Q1311
bbq_v,04_05_0400_2_01,04_05_0400_2,Q1296,Nationality,neg,20450189cced93e98caf5dbb8e6e4194084c04ead7b3732461abecb2dd0248d9,Q1296
bbq_v,04_05_0400_2_02,04_05_0400_2,Q1296,Nationality,neg,e16eb26792aa8669492f6c8ef655ddd425820a1b42f3f25dd50bfe50f151a528,Q1296
bbq_v,04_05_0402_1_01,04_05_0402_1,Q1296,Nationality,nonneg,20450189cced93e98caf5dbb8e6e4194084c04ead7b3732461abecb2dd0248d9,Q1296
bbq_v,04_05_0402_1_02,04_05_0402_1,Q1296,Nationality,nonneg,e16eb26792aa8669492f6c8ef655ddd425820a1b42f3f25dd50bfe50f151a528,Q1296
bbq_v,04_05_0468_2_01,04_05_0468_2,Q1322,Nationality,neg,32326bb0ba04503717840e7659ee424fc984f3765d9dcad4e1ba9cc73db2ee79,Q1322
bbq_v,04_05_0470_1_01,04_05_0470_1,Q1322,Nationality,nonneg,32326bb0ba04503717840e7659ee424fc984f3765d9dcad4e1ba9cc73db2ee79,Q1322
bbq_v,04_05_0496_2_01,04_05_0496_2,Q1329,Nationality,neg,e35d9822407655816ab1a202f6b78c6939b54603afa3f019ee2f0513ebe6a590,Q1329
bbq_v,04_05_0496_2_02,04_05_0496_2,Q1329,Nationality,neg,c4844d8ca0cda34812b6f14a74755ee3654b0e378289ac7a294c6e498e27c876,Q1329
bbq_v,04_05_0496_2_03,04_05_0496_2,Q1329,Nationality,neg,96b1c30b1f21a772deca9077a1e583ddab7d60c95b5ea27466e3afd65b04cfbe,Q1329
bbq_v,04_05_0496_2_04,04_05_0496_2,Q1329,Nationality,neg,d7513487d49fe3a4eeb247456d7ec922cb161d389f24fabdc60ef0db7f73fb1d,Q1329
bbq_v,04_05_0496_2_05,04_05_0496_2,Q1329,Nationality,neg,5e123f8c347ebeccced425b29ab77f76d4b4159f2f7888ab953da879865f49d0,Q1329
bbq_v,04_05_0496_2_06,04_05_0496_2,Q1329,Nationality,neg,ddbaa59a010864bae6e4afc5cf25c0c08665b7c06cf08b260ce26710e151f3c1,Q1329
bbq_v,04_05_0498_1_01,04_05_0498_1,Q1329,Nationality,nonneg,e35d9822407655816ab1a202f6b78c6939b54603afa3f019ee2f0513ebe6a590,Q1329
bbq_v,04_05_0498_1_02,04_05_0498_1,Q1329,Nationality,nonneg,c4844d8ca0cda34812b6f14a74755ee3654b0e378289ac7a294c6e498e27c876,Q1329
bbq_v,04_05_0498_1_03,04_05_0498_1,Q1329,Nationality,nonneg,96b1c30b1f21a772deca9077a1e583ddab7d60c95b5ea27466e3afd65b04cfbe,Q1329
bbq_v,04_05_0498_1_04,04_05_0498_1,Q1329,Nationality,nonneg,d7513487d49fe3a4eeb247456d7ec922cb161d389f24fabdc60ef0db7f73fb1d,Q1329
bbq_v,04_05_0498_1_05,04_05_0498_1,Q1329,Nationality,nonneg,5e123f8c347ebeccced425b29ab77f76d4b4159f2f7888ab953da879865f49d0,Q1329
bbq_v,04_05_0498_1_06,04_05_0498_1,Q1329,Nationality,nonneg,ddbaa59a010864bae6e4afc5cf25c0c08665b7c06cf08b260ce26710e151f3c1,Q1329
bbq_v,04_05_0508_2_01,04_05_0508_2,Q1288,Nationality,neg,db378cb1a01059f90cc46d9d51abb7b189eef32901bf2ad8e1b09d5f192a7b4e,Q1288
bbq_v,04_05_0508_2_02,04_05_0508_2,Q1288,Nationality,neg,e3a8e850e80f2ea7cdeb1115a0d252f4f44320ccd12e1e4be64a82830109e925,Q1288
bbq_v,04_05_0508_2_03,04_05_0508_2,Q1288,Nationality,neg,82cb924ff9a41bf721f6a4e738ef43107c4b0f70fb9da307a80b2210b14b97e3,Q1288
bbq_v,04_05_0510_1_01,04_05_0510_1,Q1288,Nationality,nonneg,db378cb1a01059f90cc46d9d51abb7b189eef32901bf2ad8e1b09d5f192a7b4e,Q1288
bbq_v,04_05_0510_1_02,04_05_0510_1,Q1288,Nationality,nonneg,e3a8e850e80f2ea7cdeb1115a0d252f4f44320ccd12e1e4be64a82830109e925,Q1288
bbq_v,04_05_0510_1_03,04_05_0510_1,Q1288,Nationality,nonneg,82cb924ff9a41bf721f6a4e738ef43107c4b0f70fb9da307a80b2210b14b97e3,Q1288
bbq_v,04_07_0580_2_01,04_07_0580_2,Q3654,Nationality,neg,e25cecb5e8ca356b4a5acf259192ed61f708781ccc151d165211e0ea9393e2de,Q3654
bbq_v,04_07_0580_2_02,04_07_0580_2,Q3654,Nationality,neg,b47b2f9aafb2f605f9a9fc89e2b16146019a4a4ffcc1fb2f03bff4f2d3b168b5,Q3654
bbq_v,04_07_0580_2_03,04_07_0580_2,Q3654,Nationality,neg,51e5e89861947ebaedd2a1df6c8acf92205ec0aba5f1a3db136a774c7635c40d,Q3654
bbq_v,04_07_0580_2_04,04_07_0580_2,Q3654,Nationality,neg,c26424c51a692f1e50fe9e5f3e775f18a3ab42a609d928223a5a47a8dffa567e,Q3654
bbq_v,04_07_0580_2_05,04_07_0580_2,Q3654,Nationality,neg,4cf1c317541456f5feb6354ab7965a4e34dc4b2d5427eb5611600ba52b61e958,Q3654
bbq_v,04_07_0582_1_01,04_07_0582_1,Q3654,Nationality,nonneg,e25cecb5e8ca356b4a5acf259192ed61f708781ccc151d165211e0ea9393e2de,Q3654
bbq_v,04_07_0582_1_02,04_07_0582_1,Q3654,Nationality,nonneg,b47b2f9aafb2f605f9a9fc89e2b16146019a4a4ffcc1fb2f03bff4f2d3b168b5,Q3654
bbq_v,04_07_0582_1_03,04_07_0582_1,Q3654,Nationality,nonneg,51e5e89861947ebaedd2a1df6c8acf92205ec0aba5f1a3db136a774c7635c40d,Q3654
bbq_v,04_07_0582_1_04,04_07_0582_1,Q3654,Nationality,nonneg,c26424c51a692f1e50fe9e5f3e775f18a3ab42a609d928223a5a47a8dffa567e,Q3654
bbq_v,04_07_0582_1_05,04_07_0582_1,Q3654,Nationality,nonneg,4cf1c317541456f5feb6354ab7965a4e34dc4b2d5427eb5611600ba52b61e958,Q3654
bbq_v,04_07_0584_2_01,04_07_0584_2,Q3651,Nationality,neg,c81d6796f5a5d518507868e5bb578a41b1b335a07e887bcbfe159f3410e53dc9,Q3651
bbq_v,04_07_0584_2_02,04_07_0584_2,Q3651,Nationality,neg,333fc8f1093011c72a4541d886d4f5d2ec04887492615741a249636b6bd2c452,Q3651
bbq_v,04_07_0584_2_03,04_07_0584_2,Q3651,Nationality,neg,5c0c38d270ed951e8d3a661b94317d33c8ee86c6cffa9922340a709227aaf4d1,Q3651
bbq_v,04_07_0584_2_04,04_07_0584_2,Q3651,Nationality,neg,538909e166bd7815495e05a55fef3d39761e3262a93d5ec60b955d820bd45e8b,Q3651
bbq_v,04_07_0584_2_05,04_07_0584_2,Q3651,Nationality,neg,fa679a6f92b5af0c8f26730d6cc1bae43d55c621776c0a3170d1b4e815d5001c,Q3651
bbq_v,04_07_0584_2_06,04_07_0584_2,Q3651,Nationality,neg,bb0c5699fc55add6191bc2f124d3bb33b4b68b2577bd079bc26c66ff4606e5a5,Q3651
bbq_v,04_07_0586_1_01,04_07_0586_1,Q3651,Nationality,nonneg,c81d6796f5a5d518507868e5bb578a41b1b335a07e887bcbfe159f3410e53dc9,Q3651
bbq_v,04_07_0586_1_02,04_07_0586_1,Q3651,Nationality,nonneg,333fc8f1093011c72a4541d886d4f5d2ec04887492615741a249636b6bd2c452,Q3651
bbq_v,04_07_0586_1_03,04_07_0586_1,Q3651,Nationality,nonneg,5c0c38d270ed951e8d3a661b94317d33c8ee86c6cffa9922340a709227aaf4d1,Q3651
bbq_v,04_07_0586_1_04,04_07_0586_1,Q3651,Nationality,nonneg,538909e166bd7815495e05a55fef3d39761e3262a93d5ec60b955d820bd45e8b,Q3651
bbq_v,04_07_0586_1_05,04_07_0586_1,Q3651,Nationality,nonneg,fa679a6f92b5af0c8f26730d6cc1bae43d55c621776c0a3170d1b4e815d5001c,Q3651
bbq_v,04_07_0586_1_06,04_07_0586_1,Q3651,Nationality,nonneg,bb0c5699fc55add6191bc2f124d3bb33b4b68b2577bd079bc26c66ff4606e5a5,Q3651
bbq_v,04_07_0592_2_01,04_07_0592_2,Q3653,Nationality,neg,d19e040c4efff0f7338db0aab0e45e011e311d2ef4481416caa1bc57adb0937c,Q3653
bbq_v,04_07_0592_2_02,04_07_0592_2,Q3653,Nationality,neg,9176a57814d5b68d20ed01643b8a8351b7ed1b58f2ae32f6d32ea7c8033dabef,Q3653
bbq_v,04_07_0594_1_01,04_07_0594_1,Q3653,Nationality,nonneg,d19e040c4efff0f7338db0aab0e45e011e311d2ef4481416caa1bc57adb0937c,Q3653
bbq_v,04_07_0594_1_02,04_07_0594_1,Q3653,Nationality,nonneg,9176a57814d5b68d20ed01643b8a8351b7ed1b58f2ae32f6d32ea7c8033dabef,Q3653
bbq_v,04_08_0712_2_01,04_08_0712_2,Q3240,Nationality,neg,3825a98dee89427500ca545eef2aec0b1a1a0b326b40cdddef856f5fa86a0266,Q3240
bbq_v,04_08_0714_1_01,04_08_0714_1,Q3240,Nationality,nonneg,3825a98dee89427500ca545eef2aec0b1a1a0b326b40cdddef856f5fa86a0266,Q3240
bbq_v,04_11_1140_2_01,04_11_1140_2,Q4482,Nationality,neg,38bb4ec18ebf0401f8191db4d0c2aebc335a571ad6d8e69fa38a81fe677bcd01,Q4482
bbq_v,04_11_1140_2_02,04_11_1140_2,Q4482,Nationality,neg,f93a29afd70ba819456188619d512fedb37119d315d75fbb285050cd58824e3d,Q4482
bbq_v,04_11_1140_2_03,04_11_1140_2,Q4482,Nationality,neg,f8e4cd2ebcffb082f745fee82913ee5e26651add99cb9d0de58a52dd65caaa48,Q4482
bbq_v,04_11_1140_2_04,04_11_1140_2,Q4482,Nationality,neg,4616542930fc54379bbcc879e7d16a0108f761086dd74036b8cffc908e3c259d,Q4482
bbq_v,04_11_1142_1_01,04_11_1142_1,Q4482,Nationality,nonneg,38bb4ec18ebf0401f8191db4d0c2aebc335a571ad6d8e69fa38a81fe677bcd01,Q4482
bbq_v,04_11_1142_1_02,04_11_1142_1,Q4482,Nationality,nonneg,f93a29afd70ba819456188619d512fedb37119d315d75fbb285050cd58824e3d,Q4482
bbq_v,04_11_1142_1_03,04_11_1142_1,Q4482,Nationality,nonneg,f8e4cd2ebcffb082f745fee82913ee5e26651add99cb9d0de58a52dd65caaa48,Q4482
bbq_v,04_11_1142_1_04,04_11_1142_1,Q4482,Nationality,nonneg,4616542930fc54379bbcc879e7d16a0108f761086dd74036b8cffc908e3c259d,Q4482
bbq_v,04_11_1244_2_01,04_11_1244_2,Q4504,Nationality,neg,a2dd27f06dd9e80c161e666ade0ea7ff314b913b9c77bd0d4c7fe2dea53e5401,Q4504
bbq_v,04_11_1246_1_01,04_11_1246_1,Q4504,Nationality,nonneg,a2dd27f06dd9e80c161e666ade0ea7ff314b913b9c77bd0d4c7fe2dea53e5401,Q4504
bbq_v,04_11_1256_2_01,04_11_1256_2,Q4487,Nationality,neg,a2ee8f637e20f0e6718151d7170a96e09d507a3fd82ce6d0aff75ebb31b7bfbd,Q4487
bbq_v,04_11_1256_2_02,04_11_1256_2,Q4487,Nationality,neg,530c4237dfdef163dd4495af0fdaa88606f4c9e867d3b68fdca991e9ad34b8d6,Q4487
bbq_v,04_11_1258_1_01,04_11_1258_1,Q4487,Nationality,nonneg,a2ee8f637e20f0e6718151d7170a96e09d507a3fd82ce6d0aff75ebb31b7bfbd,Q4487
bbq_v,04_11_1258_1_02,04_11_1258_1,Q4487,Nationality,nonneg,530c4237dfdef163dd4495af0fdaa88606f4c9e867d3b68fdca991e9ad34b8d6,Q4487
bbq_v,04_11_1268_2_01,04_11_1268_2,Q4506,Nationality,neg,5c8760da8c594dd2dea01672399f0f257e16b17037088084cff9410ce1eaab7a,Q4506
bbq_v,04_11_1270_1_01,04_11_1270_1,Q4506,Nationality,nonneg,5c8760da8c594dd2dea01672399f0f257e16b17037088084cff9410ce1eaab7a,Q4506
bbq_v,04_11_1272_2_01,04_11_1272_2,Q4491,Nationality,neg,42615ce2a0b04de5101fa1f9fec1be0fa595510ebce9b504b14edfe387ab30f6,Q4491
bbq_v,04_11_1272_2_02,04_11_1272_2,Q4491,Nationality,neg,3d993c1954c3aa5360b7c2fe05cc8fe43aa0ec8ce4920a4decd83fff437db07d,Q4491
bbq_v,04_11_1274_1_01,04_11_1274_1,Q4491,Nationality,nonneg,42615ce2a0b04de5101fa1f9fec1be0fa595510ebce9b504b14edfe387ab30f6,Q4491
bbq_v,04_11_1274_1_02,04_11_1274_1,Q4491,Nationality,nonneg,3d993c1954c3aa5360b7c2fe05cc8fe43aa0ec8ce4920a4decd83fff437db07d,Q4491
bbq_v,04_11_1276_2_01,04_11_1276_2,Q4519,Nationality,neg,6f917f8a05f228d8fd9bc9719dbdf2ee8e47d4d8a370817e62b1fb7de3e902a7,Q4519
bbq_v,04_11_1276_2_02,04_11_1276_2,Q4519,Nationality,neg,4475c8d263d110964e4bc579a5a4654fca7cdf8cfc218d08fc6e80e0047cef15,Q4519
bbq_v,04_11_1278_1_01,04_11_1278_1,Q4519,Nationality,nonneg,6f917f8a05f228d8fd9bc9719dbdf2ee8e47d4d8a370817e62b1fb7de3e902a7,Q4519
bbq_v,04_11_1278_1_02,04_11_1278_1,Q4519,Nationality,nonneg,4475c8d263d110964e4bc579a5a4654fca7cdf8cfc218d08fc6e80e0047cef15,Q4519
bbq_v,04_11_1316_2_02,04_11_1316_2,Q4522,Nationality,neg,921619a7bda256f73c985bc1f1727272edcb4e6f33f1eefc4ac89d426583ae45,Q4522
bbq_v,04_11_1316_2_03,04_11_1316_2,Q4522,Nationality,neg,bf4c54411b0eda9dac1d5dd52735bfadba58a5ab74b2583f4dfdd676745688f7,Q4522
bbq_v,04_11_1318_1_02,04_11_1318_1,Q4522,Nationality,nonneg,921619a7bda256f73c985bc1f1727272edcb4e6f33f1eefc4ac89d426583ae45,Q4522
bbq_v,04_11_1318_1_03,04_11_1318_1,Q4522,Nationality,nonneg,bf4c54411b0eda9dac1d5dd52735bfadba58a5ab74b2583f4dfdd676745688f7,Q4522
bbq_v,04_12_1380_2_01,04_12_1380_2,Q7329,Nationality,neg,ee39e8a16e8d7b9dfeac1850eac649da246f23adc7db2153a97b0f15d8aa187c,Q7329
bbq_v,04_12_1382_1_01,04_12_1382_1,Q7329,Nationality,nonneg,ee39e8a16e8d7b9dfeac1850eac649da246f23adc7db2153a97b0f15d8aa187c,Q7329
bbq_v,04_13_1704_2_01,04_13_1704_2,Q1571,Nationality,neg,dcb7a7e1d44b20d15bbc4e557037b58676f9e2ce574ae6c8ae43f736004f5afb,Q1571
bbq_v,04_13_1706_1_01,04_13_1706_1,Q1571,Nationality,nonneg,dcb7a7e1d44b20d15bbc4e557037b58676f9e2ce574ae6c8ae43f736004f5afb,Q1571
bbq_v,04_14_1732_2_01,04_14_1732_2,Q3074,Nationality,neg,7620355b38c3222e83fc66f211fcb063f868b1cc5186c4f78e9f2f419d496ed3,Q3074
bbq_v,04_14_1734_1_01,04_14_1734_1,Q3074,Nationality,nonneg,7620355b38c3222e83fc66f211fcb063f868b1cc5186c4f78e9f2f419d496ed3,Q3074
bbq_v,04_15_1764_2_01,04_15_1764_2,Q7437,Nationality,neg,31c987e76f74f51434aa2aab7575cdea5f01cf27a3c938139914ebd67ac1b2a8,Q7437
bbq_v,04_15_1766_1_01,04_15_1766_1,Q7437,Nationality,nonneg,31c987e76f74f51434aa2aab7575cdea5f01cf27a3c938139914ebd67ac1b2a8,Q7437
bbq_v,04_15_1848_2_01,04_15_1848_2,Q7427,Nationality,neg,f4fec7ce096af115ab57c48fcf2d6a271f5e66d55d41e03cf2092b60d98431df,Q7427
bbq_v,04_15_1848_2_02,04_15_1848_2,Q7427,Nationality,neg,dd4847ada0c2b7dac3aa075efcf9920f98186a4f9b178143e00322ad63a94dbb,Q7427
bbq_v,04_15_1850_1_01,04_15_1850_1,Q7427,Nationality,nonneg,f4fec7ce096af115ab57c48fcf2d6a271f5e66d55d41e03cf2092b60d98431df,Q7427
bbq_v,04_15_1850_1_02,04_15_1850_1,Q7427,Nationality,nonneg,dd4847ada0c2b7dac3aa075efcf9920f98186a4f9b178143e00322ad63a94dbb,Q7427
bbq_v,04_18_2068_2_01,04_18_2068_2,Q7483,Nationality,neg,6478ff85e7c93924faf9ac1d69d81deb194a594e96403df8734e28f5a9e51226,Q7483
bbq_v,04_18_2070_1_01,04_18_2070_1,Q7483,Nationality,nonneg,6478ff85e7c93924faf9ac1d69d81deb194a594e96403df8734e28f5a9e51226,Q7483
bbq_v,04_18_2072_2_01,04_18_2072_2,Q7489,Nationality,neg,f1cb7b9b8461d4b9f15e5bf93d7a9a7679ee4ef62ff2905704fc3198e1adfc6c,Q7489
bbq_v,04_18_2072_2_02,04_18_2072_2,Q7489,Nationality,neg,1bf64a9a7d5ee4295f9beafa0c411a041ac12b001a40ad69cb079a94fb8754f5,Q7489
bbq_v,04_18_2074_1_01,04_18_2074_1,Q7489,Nationality,nonneg,f1cb7b9b8461d4b9f15e5bf93d7a9a7679ee4ef62ff2905704fc3198e1adfc6c,Q7489
bbq_v,04_18_2074_1_02,04_18_2074_1,Q7489,Nationality,nonneg,1bf64a9a7d5ee4295f9beafa0c411a041ac12b001a40ad69cb079a94fb8754f5,Q7489
bbq_v,04_19_2104_2_01,04_19_2104_2,Q5508,Nationality,neg,5b1aa199b482519d760336d98de4fb8a36921b8720dde6b9c4ffb62c1cd6867b,Q5508
bbq_v,04_19_2106_1_01,04_19_2106_1,Q5508,Nationality,nonneg,5b1aa199b482519d760336d98de4fb8a36921b8720dde6b9c4ffb62c1cd6867b,Q5508
bbq_v,04_19_2112_2_01,04_19_2112_2,Q5509,Nationality,neg,68c23abdaeec1c8d216616ce0d5f26e7cddd4f2e89a00f92fd8fabc662064bbf,Q5509
bbq_v,04_19_2114_1_01,04_19_2114_1,Q5509,Nationality,nonneg,68c23abdaeec1c8d216616ce0d5f26e7cddd4f2e89a00f92fd8fabc662064bbf,Q5509
bbq_v,04_19_2248_2_01,04_19_2248_2,Q5500,Nationality,neg,dd0e84eb98ebf2ac09191458b493de703a506d836149b7514635764ae2d74f10,Q5500
bbq_v,04_19_2250_1_01,04_19_2250_1,Q5500,Nationality,nonneg,dd0e84eb98ebf2ac09191458b493de703a506d836149b7514635764ae2d74f10,Q5500
bbq_v,04_19_2272_2_01,04_19_2272_2,Q5499,Nationality,neg,d8d152dced51932bc40bd9b8564140c25d2772ea8cbdad50d09c22aa30d60d1a,Q5499
bbq_v,04_19_2272_2_02,04_19_2272_2,Q5499,Nationality,neg,2c2cf01a42c47ab228d44c954184624c1e95e6dcc71581f0c20ea9ad4b6dcfdc,Q5499
bbq_v,04_19_2272_2_03,04_19_2272_2,Q5499,Nationality,neg,b6f3e57654110a55b6c300063f1496508963c6a59324aa0bd50da900d9d1e1ef,Q5499
bbq_v,04_19_2274_1_01,04_19_2274_1,Q5499,Nationality,nonneg,d8d152dced51932bc40bd9b8564140c25d2772ea8cbdad50d09c22aa30d60d1a,Q5499
bbq_v,04_19_2274_1_02,04_19_2274_1,Q5499,Nationality,nonneg,2c2cf01a42c47ab228d44c954184624c1e95e6dcc71581f0c20ea9ad4b6dcfdc,Q5499
bbq_v,04_19_2274_1_03,04_19_2274_1,Q5499,Nationality,nonneg,b6f3e57654110a55b6c300063f1496508963c6a59324aa0bd50da900d9d1e1ef,Q5499
bbq_v,04_20_2300_2_01,04_20_2300_2,Q3304,Nationality,neg,9336155b3db88ad7bf1e5bddfd4ecf0e94bc32a0d3ec31278cfba8ee27b97cb6,Q3304
bbq_v,04_20_2300_2_02,04_20_2300_2,Q3304,Nationality,neg,545fc63d7291a54ae649e1c2694626cdd6758a7b621e168a3a406e0d2539188e,Q3304
bbq_v,04_20_2300_2_03,04_20_2300_2,Q3304,Nationality,neg,470ea9a5b6c3f256af36eab978c5cf827cc3227f3fb2c0618c46822cbec169d7,Q3304
bbq_v,04_20_2302_1_01,04_20_2302_1,Q3304,Nationality,nonneg,9336155b3db88ad7bf1e5bddfd4ecf0e94bc32a0d3ec31278cfba8ee27b97cb6,Q3304
bbq_v,04_20_2302_1_02,04_20_2302_1,Q3304,Nationality,nonneg,545fc63d7291a54ae649e1c2694626cdd6758a7b621e168a3a406e0d2539188e,Q3304
bbq_v,04_20_2302_1_03,04_20_2302_1,Q3304,Nationality,nonneg,470ea9a5b6c3f256af36eab978c5cf827cc3227f3fb2c0618c46822cbec169d7,Q3304
bbq_v,04_21_2344_2_01,04_21_2344_2,Q3483,Nationality,neg,aa7c1fc4ffdd9ae939b727a47956e14004d487d88e13fd7e81aacf2d7bd284d1,Q3483
bbq_v,04_21_2346_1_01,04_21_2346_1,Q3483,Nationality,nonneg,aa7c1fc4ffdd9ae939b727a47956e14004d487d88e13fd7e81aacf2d7bd284d1,Q3483
bbq_v,04_21_2352_2_01,04_21_2352_2,Q3485,Nationality,neg,e5e5a678b14d1e3e5fd1009146f7454355ef94bb8279649c779844b41c8f1d25,Q3485
bbq_v,04_21_2354_1_01,04_21_2354_1,Q3485,Nationality,nonneg,e5e5a678b14d1e3e5fd1009146f7454355ef94bb8279649c779844b41c8f1d25,Q3485
bbq_v,04_21_2376_2_01,04_21_2376_2,Q3472,Nationality,neg,17d8dd069ef947040706cc8ac2d377440a15575acb0a8bf14c0dd840df9bcbac,Q3472
bbq_v,04_21_2376_2_02,04_21_2376_2,Q3472,Nationality,neg,de851266bfef79045f46e62db04de88edc862bab5a412b19aa016e255d6967c3,Q3472
bbq_v,04_21_2376_2_03,04_21_2376_2,Q3472,Nationality,neg,410a4fd8b4a15b0bcd77f62130f29ca1204e62886cf12ec5746f7756a55a83f9,Q3472
bbq_v,04_21_2376_2_04,04_21_2376_2,Q3472,Nationality,neg,084d216dc24c6736f7cec040a916d35a594a7c40e99864707d989677cfdf31d5,Q3472
bbq_v,04_21_2376_2_05,04_21_2376_2,Q3472,Nationality,neg,a9fd94f63dbfb5bedc2091221dc914ff5c7918d8dbab8d5c17169b686c8cba28,Q3472
bbq_v,04_21_2376_2_06,04_21_2376_2,Q3472,Nationality,neg,3a25796451d3469958bd48f30d590055f22f606f7417ea39655d408684a82bde,Q3472
bbq_v,04_21_2376_2_07,04_21_2376_2,Q3472,Nationality,neg,b2003153d7363c737e117a8885c324cb4adad1147a46f385313c7bfc8edf1851,Q3472
bbq_v,04_21_2378_1_01,04_21_2378_1,Q3472,Nationality,nonneg,17d8dd069ef947040706cc8ac2d377440a15575acb0a8bf14c0dd840df9bcbac,Q3472
bbq_v,04_21_2378_1_02,04_21_2378_1,Q3472,Nationality,nonneg,de851266bfef79045f46e62db04de88edc862bab5a412b19aa016e255d6967c3,Q3472
bbq_v,04_21_2378_1_03,04_21_2378_1,Q3472,Nationality,nonneg,410a4fd8b4a15b0bcd77f62130f29ca1204e62886cf12ec5746f7756a55a83f9,Q3472
bbq_v,04_21_2378_1_04,04_21_2378_1,Q3472,Nationality,nonneg,084d216dc24c6736f7cec040a916d35a594a7c40e99864707d989677cfdf31d5,Q3472
bbq_v,04_21_2378_1_05,04_21_2378_1,Q3472,Nationality,nonneg,a9fd94f63dbfb5bedc2091221dc914ff5c7918d8dbab8d5c17169b686c8cba28,Q3472
bbq_v,04_21_2378_1_06,04_21_2378_1,Q3472,Nationality,nonneg,3a25796451d3469958bd48f30d590055f22f606f7417ea39655d408684a82bde,Q3472
bbq_v,04_21_2378_1_07,04_21_2378_1,Q3472,Nationality,nonneg,b2003153d7363c737e117a8885c324cb4adad1147a46f385313c7bfc8edf1851,Q3472
bbq_v,04_21_2392_2_01,04_21_2392_2,Q3473,Nationality,neg,4e63bfd8fcbe80d531c557828a416eeae265b504d945a9d12b460f662ca67354,Q3473
bbq_v,04_21_2392_2_02,04_21_2392_2,Q3473,Nationality,neg,dd4f9804995cf0b9c2d35d4e9d164c4326984477325076bcd01dd94c9731680f,Q3473
bbq_v,04_21_2392_2_03,04_21_2392_2,Q3473,Nationality,neg,a6bba55acbd2c5af866f543a3b3777c1f92484d65af96312b2b37865557fdc99,Q3473
bbq_v,04_21_2392_2_04,04_21_2392_2,Q3473,Nationality,neg,557bb8269fff7c0f858c48b638667f671d04c7caf04ff7a8e83c2908e278c1d6,Q3473
bbq_v,04_21_2392_2_05,04_21_2392_2,Q3473,Nationality,neg,d76170801061ff94938d75c69e265bb39d089ae82c7737d3ed0af79f4cdb494a,Q3473
bbq_v,04_21_2392_2_06,04_21_2392_2,Q3473,Nationality,neg,1eb4a92e6af3fb8aedf52bcc496b0634e17ca5518459e9f1e226492a22441cca,Q3473
bbq_v,04_21_2392_2_07,04_21_2392_2,Q3473,Nationality,neg,3d4b1101bd1a3dd1c7a7268229171cdb3471737bad4469b4055b10cbc809b17e,Q3473
bbq_v,04_21_2394_1_01,04_21_2394_1,Q3473,Nationality,nonneg,4e63bfd8fcbe80d531c557828a416eeae265b504d945a9d12b460f662ca67354,Q3473
bbq_v,04_21_2394_1_02,04_21_2394_1,Q3473,Nationality,nonneg,dd4f9804995cf0b9c2d35d4e9d164c4326984477325076bcd01dd94c9731680f,Q3473
bbq_v,04_21_2394_1_03,04_21_2394_1,Q3473,Nationality,nonneg,a6bba55acbd2c5af866f543a3b3777c1f92484d65af96312b2b37865557fdc99,Q3473
bbq_v,04_21_2394_1_04,04_21_2394_1,Q3473,Nationality,nonneg,557bb8269fff7c0f858c48b638667f671d04c7caf04ff7a8e83c2908e278c1d6,Q3473
bbq_v,04_21_2394_1_05,04_21_2394_1,Q3473,Nationality,nonneg,d76170801061ff94938d75c69e265bb39d089ae82c7737d3ed0af79f4cdb494a,Q3473
bbq_v,04_21_2394_1_06,04_21_2394_1,Q3473,Nationality,nonneg,1eb4a92e6af3fb8aedf52bcc496b0634e17ca5518459e9f1e226492a22441cca,Q3473
bbq_v,04_21_2394_1_07,04_21_2394_1,Q3473,Nationality,nonneg,3d4b1101bd1a3dd1c7a7268229171cdb3471737bad4469b4055b10cbc809b17e,Q3473
bbq_v,04_21_2416_2_01,04_21_2416_2,Q3475,Nationality,neg,927070022a28efb59d702646ad83fa565511d83c3c27ef2f74411cdb1237c888,Q3475
bbq_v,04_21_2418_1_01,04_21_2418_1,Q3475,Nationality,nonneg,927070022a28efb59d702646ad83fa565511d83c3c27ef2f74411cdb1237c888,Q3475
bbq_v,04_22_2500_2_01,04_22_2500_2,Q6373,Nationality,neg,c7da6d8843815fba16097a2c9e2ced7ccac0a04402c0bd09829afcdb04c7b51d,Q6373
bbq_v,04_22_2500_2_02,04_22_2500_2,Q6373,Nationality,neg,5feb59800f473e42a779c2898a782cdadbbfe9bdff0151ea8fb25cb3d1810301,Q6373
bbq_v,04_22_2502_1_01,04_22_2502_1,Q6373,Nationality,nonneg,c7da6d8843815fba16097a2c9e2ced7ccac0a04402c0bd09829afcdb04c7b51d,Q6373
bbq_v,04_22_2502_1_02,04_22_2502_1,Q6373,Nationality,nonneg,5feb59800f473e42a779c2898a782cdadbbfe9bdff0151ea8fb25cb3d1810301,Q6373
bbq_v,04_22_2524_2_01,04_22_2524_2,Q6334,Nationality,neg,aea50df62d6660ae4761644e863daa3ff9a40e2800604a2a4019e884e7371a89,Q6334
bbq_v,04_22_2524_2_02,04_22_2524_2,Q6334,Nationality,neg,f07b80f289fa62e1f824f82b18987095893d551dd7c1c79e535a4559485efdbb,Q6334
bbq_v,04_22_2526_1_01,04_22_2526_1,Q6334,Nationality,nonneg,aea50df62d6660ae4761644e863daa3ff9a40e2800604a2a4019e884e7371a89,Q6334
bbq_v,04_22_2526_1_02,04_22_2526_1,Q6334,Nationality,nonneg,f07b80f289fa62e1f824f82b18987095893d551dd7c1c79e535a4559485efdbb,Q6334
bbq_v,04_22_2596_2_01,04_22_2596_2,Q6332,Nationality,neg,33b0d222d0d770f585fe750c201bd74647e7cb6cb01125f78cd5fdbfc051136d,Q6332
bbq_v,04_22_2596_2_02,04_22_2596_2,Q6332,Nationality,neg,138b3124abc2d62f9f3d36b380bd002a5961b9771bca188a897b65ecf41b2298,Q6332
bbq_v,04_22_2598_1_01,04_22_2598_1,Q6332,Nationality,nonneg,33b0d222d0d770f585fe750c201bd74647e7cb6cb01125f78cd5fdbfc051136d,Q6332
bbq_v,04_22_2598_1_02,04_22_2598_1,Q6332,Nationality,nonneg,138b3124abc2d62f9f3d36b380bd002a5961b9771bca188a897b65ecf41b2298,Q6332
bbq_v,04_23_2756_2_01,04_23_2756_2,Q3860,Nationality,neg,023314ff08b891bae2f5ae206d5c9d6c7ee6db8dcf1e13645441dee8f30cf8e7,Q3860
bbq_v,04_23_2758_1_01,04_23_2758_1,Q3860,Nationality,nonneg,023314ff08b891bae2f5ae206d5c9d6c7ee6db8dcf1e13645441dee8f30cf8e7,Q3860
bbq_v,04_23_2768_2_01,04_23_2768_2,Q3864,Nationality,neg,fc2d381ef8dc57fe82e52ce47408f78b4c297b8c420193ebf24c3f5ac0a2db2e,Q3864
bbq_v,04_23_2770_1_01,04_23_2770_1,Q3864,Nationality,nonneg,fc2d381ef8dc57fe82e52ce47408f78b4c297b8c420193ebf24c3f5ac0a2db2e,Q3864
bbq_v,04_23_2808_2_01,04_23_2808_2,Q3845,Nationality,neg,ba4bae8cd2a906af5e0f41b7bb3b50fd83268ad6a2764bbb3c12ba01b07814de,Q3845
bbq_v,04_23_2810_1_01,04_23_2810_1,Q3845,Nationality,nonneg,ba4bae8cd2a906af5e0f41b7bb3b50fd83268ad6a2764bbb3c12ba01b07814de,Q3845
bbq_v,04_23_2832_2_01,04_23_2832_2,Q3847,Nationality,neg,87e6b09c15aa839625b53025915a302c77888a17334bffc7975085eff31cadd4,Q3847
bbq_v,04_23_2834_1_01,04_23_2834_1,Q3847,Nationality,nonneg,87e6b09c15aa839625b53025915a302c77888a17334bffc7975085eff31cadd4,Q3847
bbq_v,04_24_2848_2_01,04_24_2848_2,Q3694,Nationality,neg,0fa27ab66f627854e91d85ecc2603754975a9115bf6d0f5ddfcc3dd18c67ce97,Q3694
bbq_v,04_24_2850_1_01,04_24_2850_1,Q3694,Nationality,nonneg,0fa27ab66f627854e91d85ecc2603754975a9115bf6d0f5ddfcc3dd18c67ce97,Q3694
bbq_v,04_24_2884_2_01,04_24_2884_2,Q3663,Nationality,neg,c4dc0ecebe59eb6d3063254a314d261aac5ff0a28b43694548901f438b42a32e,Q3663
bbq_v,04_24_2886_1_01,04_24_2886_1,Q3663,Nationality,nonneg,c4dc0ecebe59eb6d3063254a314d261aac5ff0a28b43694548901f438b42a32e,Q3663
bbq_v,04_24_2908_2_01,04_24_2908_2,Q3660,Nationality,neg,70a16068f78d0e915d58ba35b17cf459b3233b2ef3e85216d25c738068e9936b,Q3660
bbq_v,04_24_2910_1_01,04_24_2910_1,Q3660,Nationality,nonneg,70a16068f78d0e915d58ba35b17cf459b3233b2ef3e85216d25c738068e9936b,Q3660
bbq_v,04_24_2916_2_01,04_24_2916_2,Q3656,Nationality,neg,752300588f46007e4b99da12ab204df228ca572746b367acda93817bd519f719,Q3656
bbq_v,04_24_2916_2_02,04_24_2916_2,Q3656,Nationality,neg,77f8177fdb13b6ef1ff724753c42670e7c7960dc2816ba77db1baff3aac67c59,Q3656
bbq_v,04_24_2916_2_03,04_24_2916_2,Q3656,Nationality,neg,b6ee2e5015c3a61522b150d552ee84d8ac0b9bc84db4f752f98d525062758960,Q3656
bbq_v,04_24_2916_2_04,04_24_2916_2,Q3656,Nationality,neg,9bea7209b7288ea17918e949374012260f9bedc5364d882b1868d0ab0b36695d,Q3656
bbq_v,04_24_2916_2_05,04_24_2916_2,Q3656,Nationality,neg,23b273699181bbcca39cdd9ec80f9290f162977037d895daf7531896c30c5558,Q3656
bbq_v,04_24_2918_1_01,04_24_2918_1,Q3656,Nationality,nonneg,752300588f46007e4b99da12ab204df228ca572746b367acda93817bd519f719,Q3656
bbq_v,04_24_2918_1_02,04_24_2918_1,Q3656,Nationality,nonneg,77f8177fdb13b6ef1ff724753c42670e7c7960dc2816ba77db1baff3aac67c59,Q3656
bbq_v,04_24_2918_1_03,04_24_2918_1,Q3656,Nationality,nonneg,b6ee2e5015c3a61522b150d552ee84d8ac0b9bc84db4f752f98d525062758960,Q3656
bbq_v,04_24_2918_1_04,04_24_2918_1,Q3656,Nationality,nonneg,9bea7209b7288ea17918e949374012260f9bedc5364d882b1868d0ab0b36695d,Q3656
bbq_v,04_24_2918_1_05,04_24_2918_1,Q3656,Nationality,nonneg,23b273699181bbcca39cdd9ec80f9290f162977037d895daf7531896c30c5558,Q3656
bbq_v,04_25_3060_2_01,04_25_3060_2,Q3051,Nationality,neg,63fa1c1624375474ed1823394613a496af4eaa45f48027e696c3b279a5010d5b,Q3051
bbq_v,04_25_3062_1_01,04_25_3062_1,Q3051,Nationality,nonneg,63fa1c1624375474ed1823394613a496af4eaa45f48027e696c3b279a5010d5b,Q3051
bbq_v,05_01_0020_2_01,05_01_0020_2,Q4888,Physical_appearance,neg,a2bb21e51c2e7e8d78e92331ea90e6918581076c8f13804b8131559e95da8839,Q4888
bbq_v,05_01_0020_2_02,05_01_0020_2,Q4888,Physical_appearance,neg,51e43d7c4e7013088f7c37d846d76ddaea3d090c44b63ae85335200593ba2c9b,Q4888
bbq_v,05_01_0020_2_03,05_01_0020_2,Q4888,Physical_appearance,neg,1d8a3e61162b276671fb07873a23843b2d83c58acefb18424cb874b773389bbf,Q4888
bbq_v,05_01_0022_1_01,05_01_0022_1,Q4888,Physical_appearance,nonneg,a2bb21e51c2e7e8d78e92331ea90e6918581076c8f13804b8131559e95da8839,Q4888
bbq_v,05_01_0022_1_02,05_01_0022_1,Q4888,Physical_appearance,nonneg,51e43d7c4e7013088f7c37d846d76ddaea3d090c44b63ae85335200593ba2c9b,Q4888
bbq_v,05_01_0022_1_03,05_01_0022_1,Q4888,Physical_appearance,nonneg,1d8a3e61162b276671fb07873a23843b2d83c58acefb18424cb874b773389bbf,Q4888
bbq_v,05_01_0044_2_01,05_01_0044_2,Q4886,Physical_appearance,neg,8b66bdb8da2d3508a06b6a685e5076f88c54e38ff056d45a1d20bef036e9b57d,Q4886
bbq_v,05_01_0044_2_02,05_01_0044_2,Q4886,Physical_appearance,neg,413ed05a6562c7553197ae9b39df1dc71b99735849cbb2aff1eba337a90c6242,Q4886
bbq_v,05_01_0044_2_03,05_01_0044_2,Q4886,Physical_appearance,neg,ecd55a1923be47a25bea3fbd4f1c8b93c684e20066e635964a226b734def85f9,Q4886
bbq_v,05_01_0046_1_01,05_01_0046_1,Q4886,Physical_appearance,nonneg,8b66bdb8da2d3508a06b6a685e5076f88c54e38ff056d45a1d20bef036e9b57d,Q4886
bbq_v,05_01_0046_1_02,05_01_0046_1,Q4886,Physical_appearance,nonneg,413ed05a6562c7553197ae9b39df1dc71b99735849cbb2aff1eba337a90c6242,Q4886
bbq_v,05_01_0046_1_03,05_01_0046_1,Q4886,Physical_appearance,nonneg,ecd55a1923be47a25bea3fbd4f1c8b93c684e20066e635964a226b734def85f9,Q4886
bbq_v,05_02_0076_2_01,05_02_0076_2,Q4456,Physical_appearance,neg,a7cf9f1e5c808ed1d9d89c09e712cb54460e5ec346e75d3ebc230e5c9b4b77c1,Q4456
bbq_v,05_02_0076_2_02,05_02_0076_2,Q4456,Physical_appearance,neg,51e12629c54d21dc5229cbf3909192464378d102fb57f4e7eb449f4f0da3c6bc,Q4456
bbq_v,05_02_0076_2_03,05_02_0076_2,Q4456,Physical_appearance,neg,3e455f7f5a9ef9e3e469e6085e57d10bb342216c44471dd656ac46282052084a,Q4456
bbq_v,05_02_0078_1_01,05_02_0078_1,Q4456,Physical_appearance,nonneg,a7cf9f1e5c808ed1d9d89c09e712cb54460e5ec346e75d3ebc230e5c9b4b77c1,Q4456
bbq_v,05_02_0078_1_02,05_02_0078_1,Q4456,Physical_appearance,nonneg,51e12629c54d21dc5229cbf3909192464378d102fb57f4e7eb449f4f0da3c6bc,Q4456
bbq_v,05_02_0078_1_03,05_02_0078_1,Q4456,Physical_appearance,nonneg,3e455f7f5a9ef9e3e469e6085e57d10bb342216c44471dd656ac46282052084a,Q4456
bbq_v,05_02_0104_2_02,05_02_0104_2,Q4451,Physical_appearance,neg,1394a7b4dd00baa8ba8a01db23470555bc182b3329681536a3f8ee68b3657a6f,Q4451
bbq_v,05_02_0104_2_03,05_02_0104_2,Q4451,Physical_appearance,neg,4b3499d1fc51e11a814d00b66e5088635040aa6bbf90b09ef8d16e6e10712b53,Q4451
bbq_v,05_02_0106_1_02,05_02_0106_1,Q4451,Physical_appearance,nonneg,1394a7b4dd00baa8ba8a01db23470555bc182b3329681536a3f8ee68b3657a6f,Q4451
bbq_v,05_02_0106_1_03,05_02_0106_1,Q4451,Physical_appearance,nonneg,4b3499d1fc51e11a814d00b66e5088635040aa6bbf90b09ef8d16e6e10712b53,Q4451
bbq_v,05_03_0172_2_02,05_03_0172_2,Q7642,Physical_appearance,neg,b0fcfb18a44218d7b89861083408d89ab331659ff596752860b8556940f18130,Q7642
bbq_v,05_03_0172_2_03,05_03_0172_2,Q7642,Physical_appearance,neg,79ecd0d7b8fcc4b8d6a9a1649bfc2141edc617506938a38bcc32990a7f3ebc7a,Q7642
bbq_v,05_03_0174_1_02,05_03_0174_1,Q7642,Physical_appearance,nonneg,b0fcfb18a44218d7b89861083408d89ab331659ff596752860b8556940f18130,Q7642
bbq_v,05_03_0174_1_03,05_03_0174_1,Q7642,Physical_appearance,nonneg,79ecd0d7b8fcc4b8d6a9a1649bfc2141edc617506938a38bcc32990a7f3ebc7a,Q7642
bbq_v,05_04_0216_2_02,05_04_0216_2,Q7145,Physical_appearance,neg,76ce1f12374186a2bf0bcc4bcc17bb0eda7b013e4178d2004efae8a6b4bb6ea4,Q7145
bbq_v,05_04_0218_1_02,05_04_0218_1,Q7145,Physical_appearance,nonneg,76ce1f12374186a2bf0bcc4bcc17bb0eda7b013e4178d2004efae8a6b4bb6ea4,Q7145
bbq_v,05_04_0228_2_01,05_04_0228_2,Q7138,Physical_appearance,neg,1bee00f6de966cc5e8a08034621088ba45180e394c5b56de08fbb9a34dc5bcb6,Q7138
bbq_v,05_04_0228_2_02,05_04_0228_2,Q7138,Physical_appearance,neg,8cabe956a0cf41af7ed3e92fea693ab55b9664dd436e153e29d0523ff798ffa6,Q7138
bbq_v,05_04_0230_1_01,05_04_0230_1,Q7138,Physical_appearance,nonneg,1bee00f6de966cc5e8a08034621088ba45180e394c5b56de08fbb9a34dc5bcb6,Q7138
bbq_v,05_04_0230_1_02,05_04_0230_1,Q7138,Physical_appearance,nonneg,8cabe956a0cf41af7ed3e92fea693ab55b9664dd436e153e29d0523ff798ffa6,Q7138
bbq_v,05_04_0280_2_03,05_04_0280_2,Q7134,Physical_appearance,neg,c783c24dd37077cf7932f39989146bb5d88da82e5750bf2b903b99c2eb0c3849,Q7134
bbq_v,05_04_0282_1_03,05_04_0282_1,Q7134,Physical_appearance,nonneg,c783c24dd37077cf7932f39989146bb5d88da82e5750bf2b903b99c2eb0c3849,Q7134
bbq_v,05_05_0324_2_01,05_05_0324_2,Q7207,Physical_appearance,neg,ff35e59c2612108afc221bb9ba5cd00a9bd55864c3b1e14064b7ab65432da745,Q7207
bbq_v,05_05_0324_2_02,05_05_0324_2,Q7207,Physical_appearance,neg,4339a6dc0a1c162dedb3973ceb4cb3aab46dbc3e2fd81f5f937fe09909168a8d,Q7207
bbq_v,05_05_0324_2_03,05_05_0324_2,Q7207,Physical_appearance,neg,92f13434c5066e75c6d0bce7d7b6f15fe6ac93d293103ba7a81e1de0180dec92,Q7207
bbq_v,05_05_0326_1_01,05_05_0326_1,Q7207,Physical_appearance,nonneg,ff35e59c2612108afc221bb9ba5cd00a9bd55864c3b1e14064b7ab65432da745,Q7207
bbq_v,05_05_0326_1_02,05_05_0326_1,Q7207,Physical_appearance,nonneg,4339a6dc0a1c162dedb3973ceb4cb3aab46dbc3e2fd81f5f937fe09909168a8d,Q7207
bbq_v,05_05_0326_1_03,05_05_0326_1,Q7207,Physical_appearance,nonneg,92f13434c5066e75c6d0bce7d7b6f15fe6ac93d293103ba7a81e1de0180dec92,Q7207
bbq_v,05_05_0336_2_01,05_05_0336_2,Q7202,Physical_appearance,neg,870201ed60524d0dea61a5624a144133b2b3e32b45490f7e2e916e1a0c204370,Q7202
bbq_v,05_05_0336_2_02,05_05_0336_2,Q7202,Physical_appearance,neg,9da2ee851db77585e34ae41b5c0490a01e92a3fe7a28aba31bef83ff86e567bc,Q7202
bbq_v,05_05_0336_2_03,05_05_0336_2,Q7202,Physical_appearance,neg,c9fa9384b7a71d7013cb41c04555e19f9333bfef38acb75d5c624fea98a56628,Q7202
bbq_v,05_05_0338_1_01,05_05_0338_1,Q7202,Physical_appearance,nonneg,870201ed60524d0dea61a5624a144133b2b3e32b45490f7e2e916e1a0c204370,Q7202
bbq_v,05_05_0338_1_02,05_05_0338_1,Q7202,Physical_appearance,nonneg,9da2ee851db77585e34ae41b5c0490a01e92a3fe7a28aba31bef83ff86e567bc,Q7202
bbq_v,05_05_0338_1_03,05_05_0338_1,Q7202,Physical_appearance,nonneg,c9fa9384b7a71d7013cb41c04555e19f9333bfef38acb75d5c624fea98a56628,Q7202
bbq_v,05_05_0356_2_01,05_05_0356_2,Q7200,Physical_appearance,neg,2125a13554093c88700df603f036272dde074113ffe59f6abba8e901ba74bd5f,Q7200
bbq_v,05_05_0356_2_02,05_05_0356_2,Q7200,Physical_appearance,neg,da3626a7ca720e6cf357f2e9a170217d37ef9f7e15fa119f7ef052bf85dc77e9,Q7200
bbq_v,05_05_0356_2_03,05_05_0356_2,Q7200,Physical_appearance,neg,d760100e4f3999d57544d8c49becd0db8887b6b56199d340026e0ae2e3d39411,Q7200
bbq_v,05_05_0358_1_01,05_05_0358_1,Q7200,Physical_appearance,nonneg,2125a13554093c88700df603f036272dde074113ffe59f6abba8e901ba74bd5f,Q7200
bbq_v,05_05_0358_1_02,05_05_0358_1,Q7200,Physical_appearance,nonneg,da3626a7ca720e6cf357f2e9a170217d37ef9f7e15fa119f7ef052bf85dc77e9,Q7200
bbq_v,05_05_0358_1_03,05_05_0358_1,Q7200,Physical_appearance,nonneg,d760100e4f3999d57544d8c49becd0db8887b6b56199d340026e0ae2e3d39411,Q7200
bbq_v,05_06_0376_2_01,05_06_0376_2,Q3146,Physical_appearance,neg,c999a19fa55b3ca4765e938b06464f4f93f3fcfcf4310395ffe0f272a5a03fd7,Q3146
bbq_v,05_06_0376_2_03,05_06_0376_2,Q3146,Physical_appearance,neg,5d181e26944059f5726e81f93c2edfb024ecd94b6ebdc88cb4a73066889d9ca7,Q3146
bbq_v,05_06_0378_1_01,05_06_0378_1,Q3146,Physical_appearance,nonneg,c999a19fa55b3ca4765e938b06464f4f93f3fcfcf4310395ffe0f272a5a03fd7,Q3146
bbq_v,05_06_0378_1_03,05_06_0378_1,Q3146,Physical_appearance,nonneg,5d181e26944059f5726e81f93c2edfb024ecd94b6ebdc88cb4a73066889d9ca7,Q3146
bbq_v,05_06_0424_2_01,05_06_0424_2,Q3119,Physical_appearance,neg,f79027d20174e3f374e6d77c1e7b24011d00349cbe4a950f4f71d422029c532e,Q3119
bbq_v,05_06_0424_2_02,05_06_0424_2,Q3119,Physical_appearance,neg,f72fc6570abe43358b8d3bbd7ea63f7bc8a917d08064709dbfb8401c568f80de,Q3119
bbq_v,05_06_0424_2_03,05_06_0424_2,Q3119,Physical_appearance,neg,a77c7e52cbb9cb67ecb0151c1b37ab5e3a91764b5def13ab02aacf92bceafcdd,Q3119
bbq_v,05_06_0426_1_01,05_06_0426_1,Q3119,Physical_appearance,nonneg,f79027d20174e3f374e6d77c1e7b24011d00349cbe4a950f4f71d422029c532e,Q3119
bbq_v,05_06_0426_1_02,05_06_0426_1,Q3119,Physical_appearance,nonneg,f72fc6570abe43358b8d3bbd7ea63f7bc8a917d08064709dbfb8401c568f80de,Q3119
bbq_v,05_06_0426_1_03,05_06_0426_1,Q3119,Physical_appearance,nonneg,a77c7e52cbb9cb67ecb0151c1b37ab5e3a91764b5def13ab02aacf92bceafcdd,Q3119
bbq_v,05_06_0432_2_01,05_06_0432_2,Q3122,Physical_appearance,neg,9e22cdc999c70d899e9ae4da3b2196a26746f7dceeb57bb503c61fdb5e7d2a84,Q3122
bbq_v,05_06_0432_2_02,05_06_0432_2,Q3122,Physical_appearance,neg,0d9adac476704bbcc755d58664a09a8ea40a5fcc63fb443e46e0c60ba50a5321,Q3122
bbq_v,05_06_0434_1_01,05_06_0434_1,Q3122,Physical_appearance,nonneg,9e22cdc999c70d899e9ae4da3b2196a26746f7dceeb57bb503c61fdb5e7d2a84,Q3122
bbq_v,05_06_0434_1_02,05_06_0434_1,Q3122,Physical_appearance,nonneg,0d9adac476704bbcc755d58664a09a8ea40a5fcc63fb443e46e0c60ba50a5321,Q3122
bbq_v,05_06_0444_2_03,05_06_0444_2,Q3114,Physical_appearance,neg,a63d8d0fbc71a39e3dc140d8fb837e70b42a30d461a601a4c88ee205a47e3767,Q3114
bbq_v,05_06_0446_1_03,05_06_0446_1,Q3114,Physical_appearance,nonneg,a63d8d0fbc71a39e3dc140d8fb837e70b42a30d461a601a4c88ee205a47e3767,Q3114
bbq_v,05_06_0464_2_01,05_06_0464_2,Q3163,Physical_appearance,neg,ae5244a1e26c87929e56ba3f94d7f679bc4103ee3b135e6a0daf4ba9b5a15954,Q3163
bbq_v,05_06_0464_2_02,05_06_0464_2,Q3163,Physical_appearance,neg,f29811ab9710352f5ff8ddc002b4f1ec5ef4f0f15dff563385d7b9320d349a8c,Q3163
bbq_v,05_06_0464_2_03,05_06_0464_2,Q3163,Physical_appearance,neg,732c2120aeef3c27daeb39d6aee416a8c5c5cd06f4f4c6061f9772552c3c466f,Q3163
bbq_v,05_06_0466_1_01,05_06_0466_1,Q3163,Physical_appearance,nonneg,ae5244a1e26c87929e56ba3f94d7f679bc4103ee3b135e6a0daf4ba9b5a15954,Q3163
bbq_v,05_06_0466_1_02,05_06_0466_1,Q3163,Physical_appearance,nonneg,f29811ab9710352f5ff8ddc002b4f1ec5ef4f0f15dff563385d7b9320d349a8c,Q3163
bbq_v,05_06_0466_1_03,05_06_0466_1,Q3163,Physical_appearance,nonneg,732c2120aeef3c27daeb39d6aee416a8c5c5cd06f4f4c6061f9772552c3c466f,Q3163
bbq_v,05_06_0492_2_01,05_06_0492_2,Q3125,Physical_appearance,neg,70def319a88e056e9a5d37fcfce3d0645b8a6885246ab74fd8a1d0c5dd085990,Q3125
bbq_v,05_06_0492_2_02,05_06_0492_2,Q3125,Physical_appearance,neg,8e84df5fd297198af910664f2a5aaf903db6eb6e3db522a3db1d022d1ab55028,Q3125
bbq_v,05_06_0494_1_01,05_06_0494_1,Q3125,Physical_appearance,nonneg,70def319a88e056e9a5d37fcfce3d0645b8a6885246ab74fd8a1d0c5dd085990,Q3125
bbq_v,05_06_0494_1_02,05_06_0494_1,Q3125,Physical_appearance,nonneg,8e84df5fd297198af910664f2a5aaf903db6eb6e3db522a3db1d022d1ab55028,Q3125
bbq_v,05_06_0540_2_01,05_06_0540_2,Q3136,Physical_appearance,neg,54b4428eee683432ccfa3af15f325d42ed15061a6d949078ba5cb8c747a30ba1,Q3136
bbq_v,05_06_0542_1_01,05_06_0542_1,Q3136,Physical_appearance,nonneg,54b4428eee683432ccfa3af15f325d42ed15061a6d949078ba5cb8c747a30ba1,Q3136
bbq_v,05_06_0548_2_02,05_06_0548_2,Q3137,Physical_appearance,neg,f1450d70cd0f348d6a9c4204e30ce4ad93e4abf99d6e30883cb3912d8ceae46e,Q3137
bbq_v,05_06_0548_2_03,05_06_0548_2,Q3137,Physical_appearance,neg,87aa4caa5644df90118bd7d531fd3a14c08911fdedfcd6f95b32ab2894fb58ff,Q3137
bbq_v,05_06_0550_1_02,05_06_0550_1,Q3137,Physical_appearance,nonneg,f1450d70cd0f348d6a9c4204e30ce4ad93e4abf99d6e30883cb3912d8ceae46e,Q3137
bbq_v,05_06_0550_1_03,05_06_0550_1,Q3137,Physical_appearance,nonneg,87aa4caa5644df90118bd7d531fd3a14c08911fdedfcd6f95b32ab2894fb58ff,Q3137
bbq_v,05_08_0600_2_01,05_08_0600_2,Q5427,Physical_appearance,neg,1a741b0915ef6724a791cd412a1a0c0cc0564ef5dac7b640ae908523e7129454,Q5427
bbq_v,05_08_0600_2_02,05_08_0600_2,Q5427,Physical_appearance,neg,aaa69154c1d6a0d0b500f8a81e4f4b54ccd92dae9b4913d58543b1b70acdc1d3,Q5427
bbq_v,05_08_0600_2_03,05_08_0600_2,Q5427,Physical_appearance,neg,a5f1ff3715fa9d6acbd01a6fb96e73a4db73f820af71a723887944abcad559f2,Q5427
bbq_v,05_08_0602_1_01,05_08_0602_1,Q5427,Physical_appearance,nonneg,1a741b0915ef6724a791cd412a1a0c0cc0564ef5dac7b640ae908523e7129454,Q5427
bbq_v,05_08_0602_1_02,05_08_0602_1,Q5427,Physical_appearance,nonneg,aaa69154c1d6a0d0b500f8a81e4f4b54ccd92dae9b4913d58543b1b70acdc1d3,Q5427
bbq_v,05_08_0602_1_03,05_08_0602_1,Q5427,Physical_appearance,nonneg,a5f1ff3715fa9d6acbd01a6fb96e73a4db73f820af71a723887944abcad559f2,Q5427
bbq_v,05_08_0616_2_01,05_08_0616_2,Q5429,Physical_appearance,neg,664defd3ed3f613f74fcc05bc456a38ef5601f4844892251e5f5463a394935ea,Q5429
bbq_v,05_08_0616_2_02,05_08_0616_2,Q5429,Physical_appearance,neg,f14a3e27ab3525908add26665f4a12e5aec5caf1a95a11624a83881ca4948b29,Q5429
bbq_v,05_08_0616_2_03,05_08_0616_2,Q5429,Physical_appearance,neg,b8129e1ec92349a523a2157998a3c68c11d879dadc2e6f19f3783f636520fe35,Q5429
bbq_v,05_08_0618_1_01,05_08_0618_1,Q5429,Physical_appearance,nonneg,664defd3ed3f613f74fcc05bc456a38ef5601f4844892251e5f5463a394935ea,Q5429
bbq_v,05_08_0618_1_02,05_08_0618_1,Q5429,Physical_appearance,nonneg,f14a3e27ab3525908add26665f4a12e5aec5caf1a95a11624a83881ca4948b29,Q5429
bbq_v,05_08_0618_1_03,05_08_0618_1,Q5429,Physical_appearance,nonneg,b8129e1ec92349a523a2157998a3c68c11d879dadc2e6f19f3783f636520fe35,Q5429
bbq_v,05_09_0628_2_01,05_09_0628_2,Q6881,Physical_appearance,neg,bdbc04aa1b7dee6097cdd900041c809b17ef4e3e8210e183451cb23245dc1fed,Q6881
bbq_v,05_09_0628_2_02,05_09_0628_2,Q6881,Physical_appearance,neg,721c4e9dce4689915df90518d9a3e4f6519844de607330c974930960c0d0c2f5,Q6881
bbq_v,05_09_0628_2_03,05_09_0628_2,Q6881,Physical_appearance,neg,2514de71f4fb93306362efa2340d9b4bef2f51f18057ffd2f751f638cdfb9b54,Q6881
bbq_v,05_09_0630_1_01,05_09_0630_1,Q6881,Physical_appearance,nonneg,bdbc04aa1b7dee6097cdd900041c809b17ef4e3e8210e183451cb23245dc1fed,Q6881
bbq_v,05_09_0630_1_02,05_09_0630_1,Q6881,Physical_appearance,nonneg,721c4e9dce4689915df90518d9a3e4f6519844de607330c974930960c0d0c2f5,Q6881
bbq_v,05_09_0630_1_03,05_09_0630_1,Q6881,Physical_appearance,nonneg,2514de71f4fb93306362efa2340d9b4bef2f51f18057ffd2f751f638cdfb9b54,Q6881
bbq_v,05_10_0648_2_01,05_10_0648_2,Q7443,Physical_appearance,neg,55ded51db2396958882925387596ade11401939d550c461ab5f050329f4f6467,Q7443
bbq_v,05_10_0648_2_02,05_10_0648_2,Q7443,Physical_appearance,neg,f50fe14d7eee96a072ec7668f1effeb3fdb7c4245a7af41462dc9c5a2daec9f2,Q7443
bbq_v,05_10_0648_2_03,05_10_0648_2,Q7443,Physical_appearance,neg,cdd70ea990031936d9d4d9a45a29a11960084ff3e85ae8023b60778fd0b65fcd,Q7443
bbq_v,05_10_0650_1_01,05_10_0650_1,Q7443,Physical_appearance,nonneg,55ded51db2396958882925387596ade11401939d550c461ab5f050329f4f6467,Q7443
bbq_v,05_10_0650_1_02,05_10_0650_1,Q7443,Physical_appearance,nonneg,f50fe14d7eee96a072ec7668f1effeb3fdb7c4245a7af41462dc9c5a2daec9f2,Q7443
bbq_v,05_10_0650_1_03,05_10_0650_1,Q7443,Physical_appearance,nonneg,cdd70ea990031936d9d4d9a45a29a11960084ff3e85ae8023b60778fd0b65fcd,Q7443
bbq_v,05_11_0712_2_01,05_11_0712_2,Q832,Physical_appearance,neg,1ca7a84aac82df7a514dfaf6a45a7086c23688901e4dcd55300a05c5fa929add,Q832
bbq_v,05_11_0712_2_02,05_11_0712_2,Q832,Physical_appearance,neg,f03209ca59c2096acd2fcb776a7117334e43d8d1cbe8a3abd30aec102a44aa5e,Q832
bbq_v,05_11_0712_2_03,05_11_0712_2,Q832,Physical_appearance,neg,ff73dbe1941c7fa7ce62239027af3784e1884396a01dc578a4e10882862686d1,Q832
bbq_v,05_11_0714_1_01,05_11_0714_1,Q832,Physical_appearance,nonneg,1ca7a84aac82df7a514dfaf6a45a7086c23688901e4dcd55300a05c5fa929add,Q832
bbq_v,05_11_0714_1_02,05_11_0714_1,Q832,Physical_appearance,nonneg,f03209ca59c2096acd2fcb776a7117334e43d8d1cbe8a3abd30aec102a44aa5e,Q832
bbq_v,05_11_0714_1_03,05_11_0714_1,Q832,Physical_appearance,nonneg,ff73dbe1941c7fa7ce62239027af3784e1884396a01dc578a4e10882862686d1,Q832
bbq_v,05_11_0756_2_01,05_11_0756_2,Q840,Physical_appearance,neg,aad4eac6bfb1c4231ae42301e3a9bbf409c1f80112261ce71a180fbb4f590c78,Q840
bbq_v,05_11_0756_2_02,05_11_0756_2,Q840,Physical_appearance,neg,bc5d018ba65f954b815d175781be768994f22656686f9037bcc9da05dbf08c67,Q840
bbq_v,05_11_0756_2_03,05_11_0756_2,Q840,Physical_appearance,neg,3886227ebb9a654e4055ce11b3e625a53ed52389c49212184d81701a78894b40,Q840
bbq_v,05_11_0758_1_01,05_11_0758_1,Q840,Physical_appearance,nonneg,aad4eac6bfb1c4231ae42301e3a9bbf409c1f80112261ce71a180fbb4f590c78,Q840
bbq_v,05_11_0758_1_02,05_11_0758_1,Q840,Physical_appearance,nonneg,bc5d018ba65f954b815d175781be768994f22656686f9037bcc9da05dbf08c67,Q840
bbq_v,05_11_0758_1_03,05_11_0758_1,Q840,Physical_appearance,nonneg,3886227ebb9a654e4055ce11b3e625a53ed52389c49212184d81701a78894b40,Q840
bbq_v,05_12_0796_2_01,05_12_0796_2,Q814,Physical_appearance,neg,bd27215ed52f10e8632c3b53326469d7cb9618ff04347b08f82712439afaae9b,Q814
bbq_v,05_12_0796_2_02,05_12_0796_2,Q814,Physical_appearance,neg,baaaec076b1a4ffb6b7d76d5b2b6f3899e7f7976dd333ad9c96d078b78691c55,Q814
bbq_v,05_12_0796_2_03,05_12_0796_2,Q814,Physical_appearance,neg,d739e33b3d1615e78619b2936d89bbcdd9f345b579b5ff0fb50b812b6594470b,Q814
bbq_v,05_12_0798_1_01,05_12_0798_1,Q814,Physical_appearance,nonneg,bd27215ed52f10e8632c3b53326469d7cb9618ff04347b08f82712439afaae9b,Q814
bbq_v,05_12_0798_1_02,05_12_0798_1,Q814,Physical_appearance,nonneg,baaaec076b1a4ffb6b7d76d5b2b6f3899e7f7976dd333ad9c96d078b78691c55,Q814
bbq_v,05_12_0798_1_03,05_12_0798_1,Q814,Physical_appearance,nonneg,d739e33b3d1615e78619b2936d89bbcdd9f345b579b5ff0fb50b812b6594470b,Q814
bbq_v,05_12_0812_2_01,05_12_0812_2,Q828,Physical_appearance,neg,5cd28b60d339736cbe3786e3aa797979fac3f374c6b16ebffa0c30ccc6778247,Q828
bbq_v,05_12_0814_1_01,05_12_0814_1,Q828,Physical_appearance,nonneg,5cd28b60d339736cbe3786e3aa797979fac3f374c6b16ebffa0c30ccc6778247,Q828
bbq_v,05_12_0828_2_01,05_12_0828_2,Q810,Physical_appearance,neg,5eb488a6292f04ddde546d36f410ac46fad90f2790a690ad12306ae7bf843281,Q810
bbq_v,05_12_0828_2_03,05_12_0828_2,Q810,Physical_appearance,neg,cdee05b7b6a177eb22b450d0ab491b5b2363f78c18dd0c0bddef4841bc1ab868,Q810
bbq_v,05_12_0830_1_01,05_12_0830_1,Q810,Physical_appearance,nonneg,5eb488a6292f04ddde546d36f410ac46fad90f2790a690ad12306ae7bf843281,Q810
bbq_v,05_12_0830_1_03,05_12_0830_1,Q810,Physical_appearance,nonneg,cdee05b7b6a177eb22b450d0ab491b5b2363f78c18dd0c0bddef4841bc1ab868,Q810
bbq_v,05_12_0840_2_01,05_12_0840_2,Q771,Physical_appearance,neg,c6850b3371a9829b6f97fcf8546b784f35da10627614960ec1895586fc585625,Q771
bbq_v,05_12_0840_2_02,05_12_0840_2,Q771,Physical_appearance,neg,018828639b4b9eb77d80d9cbe3a90e3c3175c5e710821baf464d3f8452b4c3be,Q771
bbq_v,05_12_0840_2_03,05_12_0840_2,Q771,Physical_appearance,neg,faa0df2c8e3e37a3a5677f09c39b50a30bacebbecacb18b452b4ec604dc95179,Q771
bbq_v,05_12_0842_1_01,05_12_0842_1,Q771,Physical_appearance,nonneg,c6850b3371a9829b6f97fcf8546b784f35da10627614960ec1895586fc585625,Q771
bbq_v,05_12_0842_1_02,05_12_0842_1,Q771,Physical_appearance,nonneg,018828639b4b9eb77d80d9cbe3a90e3c3175c5e710821baf464d3f8452b4c3be,Q771
bbq_v,05_12_0842_1_03,05_12_0842_1,Q771,Physical_appearance,nonneg,faa0df2c8e3e37a3a5677f09c39b50a30bacebbecacb18b452b4ec604dc95179,Q771
bbq_v,05_13_0900_2_03,05_13_0900_2,Q6323,Physical_appearance,neg,54bde3b74ce2e7d37a6fb29139dcb3aa0733940a539c237fba33c017a8a7a2fa,Q6323
bbq_v,05_13_0902_1_03,05_13_0902_1,Q6323,Physical_appearance,nonneg,54bde3b74ce2e7d37a6fb29139dcb3aa0733940a539c237fba33c017a8a7a2fa,Q6323
bbq_v,05_13_0908_2_01,05_13_0908_2,Q6314,Physical_appearance,neg,184930b8008d61eb667db6cae60952fba8b44aeb77200df5feafc862df25ac6e,Q6314
bbq_v,05_13_0910_1_01,05_13_0910_1,Q6314,Physical_appearance,nonneg,184930b8008d61eb667db6cae60952fba8b44aeb77200df5feafc862df25ac6e,Q6314
bbq_v,05_14_1008_2_01,05_14_1008_2,Q5802,Physical_appearance,neg,1875f600ae0101ee48273e9bb8333b9b9b1640c94a5f20700937e835f3b27492,Q5802
bbq_v,05_14_1008_2_02,05_14_1008_2,Q5802,Physical_appearance,neg,a557dd7059da95ead96f8772fe2018ed16aeb3cefb0eebfc61c494843cedda50,Q5802
bbq_v,05_14_1008_2_03,05_14_1008_2,Q5802,Physical_appearance,neg,3ed735e381e7e6d106d6e2855f974ad4e8c3df59a738dc8f59b34c2bba134798,Q5802
bbq_v,05_14_1010_1_01,05_14_1010_1,Q5802,Physical_appearance,nonneg,1875f600ae0101ee48273e9bb8333b9b9b1640c94a5f20700937e835f3b27492,Q5802
bbq_v,05_14_1010_1_02,05_14_1010_1,Q5802,Physical_appearance,nonneg,a557dd7059da95ead96f8772fe2018ed16aeb3cefb0eebfc61c494843cedda50,Q5802
bbq_v,05_14_1010_1_03,05_14_1010_1,Q5802,Physical_appearance,nonneg,3ed735e381e7e6d106d6e2855f974ad4e8c3df59a738dc8f59b34c2bba134798,Q5802
bbq_v,05_14_1032_2_01,05_14_1032_2,Q5800,Physical_appearance,neg,3c2cbccbf9a2e8f8ae1ddf59dea6df22ce6ed65cf22f5c42a620c8d3a7478fdd,Q5800
bbq_v,05_14_1032_2_02,05_14_1032_2,Q5800,Physical_appearance,neg,95703468088fbcc08f89bc0f7820481487a5d1a0b859c03022b3bde906e37fed,Q5800
bbq_v,05_14_1032_2_03,05_14_1032_2,Q5800,Physical_appearance,neg,7fa1db2bb56bbbf827633724cf377d56c9818dae8f47f9afb3f9f9f30e4b8cb5,Q5800
bbq_v,05_14_1034_1_01,05_14_1034_1,Q5800,Physical_appearance,nonneg,3c2cbccbf9a2e8f8ae1ddf59dea6df22ce6ed65cf22f5c42a620c8d3a7478fdd,Q5800
bbq_v,05_14_1034_1_02,05_14_1034_1,Q5800,Physical_appearance,nonneg,95703468088fbcc08f89bc0f7820481487a5d1a0b859c03022b3bde906e37fed,Q5800
bbq_v,05_14_1034_1_03,05_14_1034_1,Q5800,Physical_appearance,nonneg,7fa1db2bb56bbbf827633724cf377d56c9818dae8f47f9afb3f9f9f30e4b8cb5,Q5800
bbq_v,05_15_1132_2_01,05_15_1132_2,Q3943,Physical_appearance,neg,a04fc7dd4e5e6108f466cab55339aae81d824d53a450ff53cb4ae788c8a817f4,Q3943
bbq_v,05_15_1132_2_02,05_15_1132_2,Q3943,Physical_appearance,neg,766b49a81a871b91a3257f911de484e0b2c476c91cc92f03e13edf428391e94a,Q3943
bbq_v,05_15_1132_2_03,05_15_1132_2,Q3943,Physical_appearance,neg,68847655bed2b3a88bbe1422e5a7cf9eeb56808549aa1a1addc4916426f82936,Q3943
bbq_v,05_15_1134_1_01,05_15_1134_1,Q3943,Physical_appearance,nonneg,a04fc7dd4e5e6108f466cab55339aae81d824d53a450ff53cb4ae788c8a817f4,Q3943
bbq_v,05_15_1134_1_02,05_15_1134_1,Q3943,Physical_appearance,nonneg,766b49a81a871b91a3257f911de484e0b2c476c91cc92f03e13edf428391e94a,Q3943
bbq_v,05_15_1134_1_03,05_15_1134_1,Q3943,Physical_appearance,nonneg,68847655bed2b3a88bbe1422e5a7cf9eeb56808549aa1a1addc4916426f82936,Q3943
bbq_v,05_15_1172_2_01,05_15_1172_2,Q3955,Physical_appearance,neg,57120af294c350aac7a08aeafd038af09edba2abad38a8edbe17132b76fd59ed,Q3955
bbq_v,05_15_1172_2_02,05_15_1172_2,Q3955,Physical_appearance,neg,e8b83e0cc19e3af5c9dca46cac567cc8e7db9be526c19e59f802b8e772ab847d,Q3955
bbq_v,05_15_1172_2_03,05_15_1172_2,Q3955,Physical_appearance,neg,0cadbb1396dcb251fb631d60d41f0e8575fb9f1bff196c9778118297901f759d,Q3955
bbq_v,05_15_1174_1_01,05_15_1174_1,Q3955,Physical_appearance,nonneg,57120af294c350aac7a08aeafd038af09edba2abad38a8edbe17132b76fd59ed,Q3955
bbq_v,05_15_1174_1_02,05_15_1174_1,Q3955,Physical_appearance,nonneg,e8b83e0cc19e3af5c9dca46cac567cc8e7db9be526c19e59f802b8e772ab847d,Q3955
bbq_v,05_15_1174_1_03,05_15_1174_1,Q3955,Physical_appearance,nonneg,0cadbb1396dcb251fb631d60d41f0e8575fb9f1bff196c9778118297901f759d,Q3955
bbq_v,05_17_1268_2_02,05_17_1268_2,Q5460,Physical_appearance,neg,f341eccaef88697e4684e933e4fb46e864cb508b3f7fe29c29ccb8527d50280b,Q5460
bbq_v,05_17_1270_1_02,05_17_1270_1,Q5460,Physical_appearance,nonneg,f341eccaef88697e4684e933e4fb46e864cb508b3f7fe29c29ccb8527d50280b,Q5460
bbq_v,05_18_1280_2_01,05_18_1280_2,Q6307,Physical_appearance,neg,ad79f5e5ba6fadc5366e084e5f418a314abd02ede3dee6f24e4f6d6237a6f2fb,Q6307
bbq_v,05_18_1280_2_02,05_18_1280_2,Q6307,Physical_appearance,neg,51f59ab8b48744f098c386b30245be9c0123c5895a06223d3eacbead369eaae8,Q6307
bbq_v,05_18_1280_2_03,05_18_1280_2,Q6307,Physical_appearance,neg,31dc5c279906d07f93938e4ab583a9d08110114bb30bd02490a558b96b068990,Q6307
bbq_v,05_18_1282_1_01,05_18_1282_1,Q6307,Physical_appearance,nonneg,ad79f5e5ba6fadc5366e084e5f418a314abd02ede3dee6f24e4f6d6237a6f2fb,Q6307
bbq_v,05_18_1282_1_02,05_18_1282_1,Q6307,Physical_appearance,nonneg,51f59ab8b48744f098c386b30245be9c0123c5895a06223d3eacbead369eaae8,Q6307
bbq_v,05_18_1282_1_03,05_18_1282_1,Q6307,Physical_appearance,nonneg,31dc5c279906d07f93938e4ab583a9d08110114bb30bd02490a558b96b068990,Q6307
bbq_v,05_19_1312_2_01,05_19_1312_2,Q7389,Physical_appearance,neg,35b48f4854bef67728def106f063ffdbbe7ed11edccdf9b866aeacd9237efd52,Q7389
bbq_v,05_19_1312_2_02,05_19_1312_2,Q7389,Physical_appearance,neg,cf2e209153dde573a5f56bc9c53a17f7f501355f53d900544669c54135a228ac,Q7389
bbq_v,05_19_1312_2_03,05_19_1312_2,Q7389,Physical_appearance,neg,8cc468c9dc85ffdf55f83fc281d20a3353cc4dc32acea5748369c2c7abe96865,Q7389
bbq_v,05_19_1314_1_01,05_19_1314_1,Q7389,Physical_appearance,nonneg,35b48f4854bef67728def106f063ffdbbe7ed11edccdf9b866aeacd9237efd52,Q7389
bbq_v,05_19_1314_1_02,05_19_1314_1,Q7389,Physical_appearance,nonneg,cf2e209153dde573a5f56bc9c53a17f7f501355f53d900544669c54135a228ac,Q7389
bbq_v,05_19_1314_1_03,05_19_1314_1,Q7389,Physical_appearance,nonneg,8cc468c9dc85ffdf55f83fc281d20a3353cc4dc32acea5748369c2c7abe96865,Q7389
bbq_v,05_19_1332_2_01,05_19_1332_2,Q7384,Physical_appearance,neg,1a2662eddea2c6b8b0b2d9df70ba258a33b3bb492dd88c1820adc6ea09428473,Q7384
bbq_v,05_19_1332_2_02,05_19_1332_2,Q7384,Physical_appearance,neg,3f6a3f4353740ec218933eb8c2a2a6c98bb3633c3353b1be70f5c5880217574f,Q7384
bbq_v,05_19_1332_2_03,05_19_1332_2,Q7384,Physical_appearance,neg,2fb90106ee69b49a2d6df22326e35a6fbb06f8b2a84c8c6e326ff2de62dccf4e,Q7384
bbq_v,05_19_1334_1_01,05_19_1334_1,Q7384,Physical_appearance,nonneg,1a2662eddea2c6b8b0b2d9df70ba258a33b3bb492dd88c1820adc6ea09428473,Q7384
bbq_v,05_19_1334_1_02,05_19_1334_1,Q7384,Physical_appearance,nonneg,3f6a3f4353740ec218933eb8c2a2a6c98bb3633c3353b1be70f5c5880217574f,Q7384
bbq_v,05_19_1334_1_03,05_19_1334_1,Q7384,Physical_appearance,nonneg,2fb90106ee69b49a2d6df22326e35a6fbb06f8b2a84c8c6e326ff2de62dccf4e,Q7384
bbq_v,05_20_1356_2_01,05_20_1356_2,UpdtdQ3,Physical_appearance,neg,5bca8b878bf2ccbc35ec6748a8fe0c77e9026bd7c1d9c2721687b7e9f68da67b,UpdtdQ3
bbq_v,05_20_1356_2_02,05_20_1356_2,UpdtdQ3,Physical_appearance,neg,39e5a2a61f50d2e57962b9f88e138ab0fa5a18b51015a1494842eae6935fd4db,UpdtdQ3
bbq_v,05_20_1356_2_03,05_20_1356_2,UpdtdQ3,Physical_appearance,neg,09a1a0518c0e4b1e6da0abc21f3767582148e267d88586c98ab2f30c06196eca,UpdtdQ3
bbq_v,05_20_1358_1_01,05_20_1358_1,UpdtdQ3,Physical_appearance,nonneg,5bca8b878bf2ccbc35ec6748a8fe0c77e9026bd7c1d9c2721687b7e9f68da67b,UpdtdQ3
bbq_v,05_20_1358_1_02,05_20_1358_1,UpdtdQ3,Physical_appearance,nonneg,39e5a2a61f50d2e57962b9f88e138ab0fa5a18b51015a1494842eae6935fd4db,UpdtdQ3
bbq_v,05_20_1358_1_03,05_20_1358_1,UpdtdQ3,Physical_appearance,nonneg,09a1a0518c0e4b1e6da0abc21f3767582148e267d88586c98ab2f30c06196eca,UpdtdQ3
bbq_v,05_21_1384_2_01,05_21_1384_2,Q6277,Physical_appearance,neg,46f0d318f6dc6349ee33be5553291cc71264ac1fdefe2edf00533f77d2a90021,Q6277
bbq_v,05_21_1384_2_02,05_21_1384_2,Q6277,Physical_appearance,neg,40d6c49387e4e4989f895658215f29784fec759bfdff0709963a0e4bce5c5d1e,Q6277
bbq_v,05_21_1384_2_03,05_21_1384_2,Q6277,Physical_appearance,neg,da6d756b8e83f7d0d79d62f2311a3fe648825251b54800f49d61863e2e9593dc,Q6277
bbq_v,05_21_1386_1_01,05_21_1386_1,Q6277,Physical_appearance,nonneg,46f0d318f6dc6349ee33be5553291cc71264ac1fdefe2edf00533f77d2a90021,Q6277
bbq_v,05_21_1386_1_02,05_21_1386_1,Q6277,Physical_appearance,nonneg,40d6c49387e4e4989f895658215f29784fec759bfdff0709963a0e4bce5c5d1e,Q6277
bbq_v,05_21_1386_1_03,05_21_1386_1,Q6277,Physical_appearance,nonneg,da6d756b8e83f7d0d79d62f2311a3fe648825251b54800f49d61863e2e9593dc,Q6277
bbq_v,05_22_1436_2_02,05_22_1436_2,Q7505,Physical_appearance,neg,345c4d9efaed2042456f83d10ceb0f40c2e1b393b2542b8c7ce9fa70b0dcb79a,Q7505
bbq_v,05_22_1436_2_03,05_22_1436_2,Q7505,Physical_appearance,neg,9d0cd5819412e59b015279d6b3f5cd1ce7bccce96630ee86bb95b563f1429183,Q7505
bbq_v,05_22_1438_1_02,05_22_1438_1,Q7505,Physical_appearance,nonneg,345c4d9efaed2042456f83d10ceb0f40c2e1b393b2542b8c7ce9fa70b0dcb79a,Q7505
bbq_v,05_22_1438_1_03,05_22_1438_1,Q7505,Physical_appearance,nonneg,9d0cd5819412e59b015279d6b3f5cd1ce7bccce96630ee86bb95b563f1429183,Q7505
bbq_v,05_23_1456_2_02,05_23_1456_2,Q7230,Physical_appearance,neg,4c05191102657ddaf44c18fc01a4e307980204dfd3c49103df90e0b9f4cbb211,Q7230
bbq_v,05_23_1456_2_03,05_23_1456_2,Q7230,Physical_appearance,neg,5330fdd4873ee522e8747f84754134b4a5b4d6bf6d3269c3096842753b9e7007,Q7230
bbq_v,05_23_1458_1_02,05_23_1458_1,Q7230,Physical_appearance,nonneg,4c05191102657ddaf44c18fc01a4e307980204dfd3c49103df90e0b9f4cbb211,Q7230
bbq_v,05_23_1458_1_03,05_23_1458_1,Q7230,Physical_appearance,nonneg,5330fdd4873ee522e8747f84754134b4a5b4d6bf6d3269c3096842753b9e7007,Q7230
bbq_v,05_24_1484_2_02,05_24_1484_2,Q6291,Physical_appearance,neg,da667a06913ed555cb38a2fb2bdf78d76a6e94c77bb445b390f31f5fdfaa277a,Q6291
bbq_v,05_24_1484_2_03,05_24_1484_2,Q6291,Physical_appearance,neg,95238b53a07c2d7125a6c617d6eab5598f6525b2289bf7173fb47b3083b34e79,Q6291
bbq_v,05_24_1486_1_02,05_24_1486_1,Q6291,Physical_appearance,nonneg,da667a06913ed555cb38a2fb2bdf78d76a6e94c77bb445b390f31f5fdfaa277a,Q6291
bbq_v,05_24_1486_1_03,05_24_1486_1,Q6291,Physical_appearance,nonneg,95238b53a07c2d7125a6c617d6eab5598f6525b2289bf7173fb47b3083b34e79,Q6291
bbq_v,05_24_1492_2_01,05_24_1492_2,Q6285,Physical_appearance,neg,ba0f2d4e5a7328e097e74cb513d294f2e274401f482237a76b4304029baf38d4,Q6285
bbq_v,05_24_1494_1_01,05_24_1494_1,Q6285,Physical_appearance,nonneg,ba0f2d4e5a7328e097e74cb513d294f2e274401f482237a76b4304029baf38d4,Q6285
bbq_v,05_25_1504_2_01,05_25_1504_2,Q7018,Physical_appearance,neg,b1342b18265a1bedf22b5f6424c68c3da5ccc249c2d8597d50e7894bd3c17207,Q7018
bbq_v,05_25_1504_2_02,05_25_1504_2,Q7018,Physical_appearance,neg,fc473428cc1e116b099140155642a2d53b30f1ec6d4b862b4ce81ee8d729244f,Q7018
bbq_v,05_25_1504_2_03,05_25_1504_2,Q7018,Physical_appearance,neg,e64b52edb31eb21d5efef64b05a3101059f4c054ef550eb67aae777d43608afc,Q7018
bbq_v,05_25_1506_1_01,05_25_1506_1,Q7018,Physical_appearance,nonneg,b1342b18265a1bedf22b5f6424c68c3da5ccc249c2d8597d50e7894bd3c17207,Q7018
bbq_v,05_25_1506_1_02,05_25_1506_1,Q7018,Physical_appearance,nonneg,fc473428cc1e116b099140155642a2d53b30f1ec6d4b862b4ce81ee8d729244f,Q7018
bbq_v,05_25_1506_1_03,05_25_1506_1,Q7018,Physical_appearance,nonneg,e64b52edb31eb21d5efef64b05a3101059f4c054ef550eb67aae777d43608afc,Q7018
bbq_v,05_25_1548_2_02,05_25_1548_2,Q7025,Physical_appearance,neg,b3bc7143ec2c0b562b3a97f026fab7cf99771d265d56a60112d1c47ab938b819,Q7025
bbq_v,05_25_1548_2_03,05_25_1548_2,Q7025,Physical_appearance,neg,bed6a5bc504b38db08c0997482860a25abd11cac21cbd7f78556cb045b3398ec,Q7025
bbq_v,05_25_1550_1_02,05_25_1550_1,Q7025,Physical_appearance,nonneg,b3bc7143ec2c0b562b3a97f026fab7cf99771d265d56a60112d1c47ab938b819,Q7025
bbq_v,05_25_1550_1_03,05_25_1550_1,Q7025,Physical_appearance,nonneg,bed6a5bc504b38db08c0997482860a25abd11cac21cbd7f78556cb045b3398ec,Q7025
bbq_v,06_03_0244_2_01,06_03_0244_2,Q2149,Race_ethnicity,neg,598c2aff59846bd65ca0624b7dbccb7a089bbd58f9a97c15f1bf207337aa8cb9,Q2149
bbq_v,06_03_0246_1_01,06_03_0246_1,Q2149,Race_ethnicity,nonneg,598c2aff59846bd65ca0624b7dbccb7a089bbd58f9a97c15f1bf207337aa8cb9,Q2149
bbq_v,06_07_0508_2_01,06_07_0508_2,Q6598,Race_ethnicity,neg,4d55b38f1c808ebb8ba141c0ec17b512e8d11d1de5666e4f65c96a3d1388a3f5,Q6598
bbq_v,06_07_0508_2_02,06_07_0508_2,Q6598,Race_ethnicity,neg,dce95192e27f4a1c753f68a61ac6088aa6f35d5d7e68b22965fc0820c10c187e,Q6598
bbq_v,06_07_0508_2_03,06_07_0508_2,Q6598,Race_ethnicity,neg,e533585b3f9a43634939b3a8840411d281dc6f3009382d6010bb8e4960014da3,Q6598
bbq_v,06_07_0510_1_01,06_07_0510_1,Q6598,Race_ethnicity,nonneg,4d55b38f1c808ebb8ba141c0ec17b512e8d11d1de5666e4f65c96a3d1388a3f5,Q6598
bbq_v,06_07_0510_1_02,06_07_0510_1,Q6598,Race_ethnicity,nonneg,dce95192e27f4a1c753f68a61ac6088aa6f35d5d7e68b22965fc0820c10c187e,Q6598
bbq_v,06_07_0510_1_03,06_07_0510_1,Q6598,Race_ethnicity,nonneg,e533585b3f9a43634939b3a8840411d281dc6f3009382d6010bb8e4960014da3,Q6598
bbq_v,06_10_0696_2_01,06_10_0696_2,Q5948,Race_ethnicity,neg,96915de6e73028d8421f7107ac3204a3169f8a9f5783d59d7da785085874c0a8,Q5948
bbq_v,06_10_0696_2_02,06_10_0696_2,Q5948,Race_ethnicity,neg,5709c1eb05931ac6f64a7e0f5d8ab03ba423378c7ad317e620269dd63fd8bd6d,Q5948
bbq_v,06_10_0696_2_03,06_10_0696_2,Q5948,Race_ethnicity,neg,98a5dd571feff5e18fa8a5edff0c1832559e7ab85dedb34bac83f3e3d1f28249,Q5948
bbq_v,06_10_0698_1_01,06_10_0698_1,Q5948,Race_ethnicity,nonneg,96915de6e73028d8421f7107ac3204a3169f8a9f5783d59d7da785085874c0a8,Q5948
bbq_v,06_10_0698_1_02,06_10_0698_1,Q5948,Race_ethnicity,nonneg,5709c1eb05931ac6f64a7e0f5d8ab03ba423378c7ad317e620269dd63fd8bd6d,Q5948
bbq_v,06_10_0698_1_03,06_10_0698_1,Q5948,Race_ethnicity,nonneg,98a5dd571feff5e18fa8a5edff0c1832559e7ab85dedb34bac83f3e3d1f28249,Q5948
bbq_v,06_15_0960_2_01,06_15_0960_2,Q3323,Race_ethnicity,neg,718b1461fa330bcea4a6c19520de4ef518df9af5f347c02cd2b8c212383185e0,Q3323
bbq_v,06_15_0960_2_02,06_15_0960_2,Q3323,Race_ethnicity,neg,0b310acec1a793cab856358eb2cca27266a78f11a549ed23285813703a00885f,Q3323
bbq_v,06_15_0960_2_03,06_15_0960_2,Q3323,Race_ethnicity,neg,e6ea70eaff765c1ff30398d24c5e840297522dbedacf6c7d7c8fe79f42573da4,Q3323
bbq_v,06_15_0962_1_01,06_15_0962_1,Q3323,Race_ethnicity,nonneg,718b1461fa330bcea4a6c19520de4ef518df9af5f347c02cd2b8c212383185e0,Q3323
bbq_v,06_15_0962_1_02,06_15_0962_1,Q3323,Race_ethnicity,nonneg,0b310acec1a793cab856358eb2cca27266a78f11a549ed23285813703a00885f,Q3323
bbq_v,06_15_0962_1_03,06_15_0962_1,Q3323,Race_ethnicity,nonneg,e6ea70eaff765c1ff30398d24c5e840297522dbedacf6c7d7c8fe79f42573da4,Q3323
bbq_v,06_15_0980_2_01,06_15_0980_2,Q3329,Race_ethnicity,neg,fc39b8e5b5a446ac6895cbab426959e3c744a93f2ce3e407515601253433138e,Q3329
bbq_v,06_15_0980_2_02,06_15_0980_2,Q3329,Race_ethnicity,neg,8f4d02991a3e9996b337d6c2b4ae1da0e8bbbb53760319fab916945481d2a7f9,Q3329
bbq_v,06_15_0980_2_03,06_15_0980_2,Q3329,Race_ethnicity,neg,f47df9ca7c28cd1fef8e8628329b6bdba50110234f35e2efa60f7d4253453f26,Q3329
bbq_v,06_15_0982_1_01,06_15_0982_1,Q3329,Race_ethnicity,nonneg,fc39b8e5b5a446ac6895cbab426959e3c744a93f2ce3e407515601253433138e,Q3329
bbq_v,06_15_0982_1_02,06_15_0982_1,Q3329,Race_ethnicity,nonneg,8f4d02991a3e9996b337d6c2b4ae1da0e8bbbb53760319fab916945481d2a7f9,Q3329
bbq_v,06_15_0982_1_03,06_15_0982_1,Q3329,Race_ethnicity,nonneg,f47df9ca7c28cd1fef8e8628329b6bdba50110234f35e2efa60f7d4253453f26,Q3329
bbq_v,06_17_1084_2_01,06_17_1084_2,Q3357,Race_ethnicity,neg,2b56be505965313af56cbbf1809822b6a8acded8ff613a59960974a92c1621c4,Q3357
bbq_v,06_17_1084_2_02,06_17_1084_2,Q3357,Race_ethnicity,neg,0d1fde8e8e96b89c745f0d8c9e4ab3d82cbf222e5a9db3ce1f504002f867d741,Q3357
bbq_v,06_17_1084_2_03,06_17_1084_2,Q3357,Race_ethnicity,neg,6b1b5a1394fc281001274499730f6ed1473ebe24e1fb3323ddb6e478afa90013,Q3357
bbq_v,06_17_1086_1_01,06_17_1086_1,Q3357,Race_ethnicity,nonneg,2b56be505965313af56cbbf1809822b6a8acded8ff613a59960974a92c1621c4,Q3357
bbq_v,06_17_1086_1_02,06_17_1086_1,Q3357,Race_ethnicity,nonneg,0d1fde8e8e96b89c745f0d8c9e4ab3d82cbf222e5a9db3ce1f504002f867d741,Q3357
bbq_v,06_17_1086_1_03,06_17_1086_1,Q3357,Race_ethnicity,nonneg,6b1b5a1394fc281001274499730f6ed1473ebe24e1fb3323ddb6e478afa90013,Q3357
bbq_v,06_19_1332_2_01,06_19_1332_2,Q323,Race_ethnicity,neg,19af77bed87f8210b1d5b6536fc59385a248da64bbe3122ac921f3ce130dc4a3,Q323
bbq_v,06_19_1334_1_01,06_19_1334_1,Q323,Race_ethnicity,nonneg,19af77bed87f8210b1d5b6536fc59385a248da64bbe3122ac921f3ce130dc4a3,Q323
bbq_v,06_19_1356_2_01,06_19_1356_2,Q312,Race_ethnicity,neg,e5b4505379776304c506795f6b02baf7fe24738a853543474eb46191a5bc927b,Q312
bbq_v,06_19_1356_2_02,06_19_1356_2,Q312,Race_ethnicity,neg,f1486d3b52e9f6fe808bfb259510f283991c800c387f5cf8f9299203171ab1ce,Q312
bbq_v,06_19_1356_2_03,06_19_1356_2,Q312,Race_ethnicity,neg,f9621f9c3a950523e7b646ccb98ff2b713f6bf15b7d1c766d77e6a9dff54d773,Q312
bbq_v,06_19_1358_1_01,06_19_1358_1,Q312,Race_ethnicity,nonneg,e5b4505379776304c506795f6b02baf7fe24738a853543474eb46191a5bc927b,Q312
bbq_v,06_19_1358_1_02,06_19_1358_1,Q312,Race_ethnicity,nonneg,f1486d3b52e9f6fe808bfb259510f283991c800c387f5cf8f9299203171ab1ce,Q312
bbq_v,06_19_1358_1_03,06_19_1358_1,Q312,Race_ethnicity,nonneg,f9621f9c3a950523e7b646ccb98ff2b713f6bf15b7d1c766d77e6a9dff54d773,Q312
bbq_v,06_19_1400_2_01,06_19_1400_2,Q297,Race_ethnicity,neg,8f4e61768114898ad435694cfea8dac9eff76905d3f62a5539617cae3a96229e,Q297
bbq_v,06_19_1400_2_02,06_19_1400_2,Q297,Race_ethnicity,neg,5c85e160be5b53d6a9ccffefa451fa8d7edf5cf3e03c56d7632daf872e8ef955,Q297
bbq_v,06_19_1400_2_03,06_19_1400_2,Q297,Race_ethnicity,neg,1e790b03d750bc61bf32b18f05048cd27bcc8fdf0966e240c452b1d950a9a092,Q297
bbq_v,06_19_1402_1_01,06_19_1402_1,Q297,Race_ethnicity,nonneg,8f4e61768114898ad435694cfea8dac9eff76905d3f62a5539617cae3a96229e,Q297
bbq_v,06_19_1402_1_02,06_19_1402_1,Q297,Race_ethnicity,nonneg,5c85e160be5b53d6a9ccffefa451fa8d7edf5cf3e03c56d7632daf872e8ef955,Q297
bbq_v,06_19_1402_1_03,06_19_1402_1,Q297,Race_ethnicity,nonneg,1e790b03d750bc61bf32b18f05048cd27bcc8fdf0966e240c452b1d950a9a092,Q297
bbq_v,06_21_1532_2_01,06_21_1532_2,Q1540,Race_ethnicity,neg,1212caf2379f7601c9d7fb8073e984418b64066c3fd209fabdb1cf57d0069a42,Q1540
bbq_v,06_21_1532_2_02,06_21_1532_2,Q1540,Race_ethnicity,neg,927351e39a6ffa52f060b0dc35d1b3ab81a100a8bffd0dae65a715708a9fb46f,Q1540
bbq_v,06_21_1532_2_03,06_21_1532_2,Q1540,Race_ethnicity,neg,93b847c6480edf99971e7072584202adc2d0feff803e97a1740384d04cbb1858,Q1540
bbq_v,06_21_1534_1_01,06_21_1534_1,Q1540,Race_ethnicity,nonneg,1212caf2379f7601c9d7fb8073e984418b64066c3fd209fabdb1cf57d0069a42,Q1540
bbq_v,06_21_1534_1_02,06_21_1534_1,Q1540,Race_ethnicity,nonneg,927351e39a6ffa52f060b0dc35d1b3ab81a100a8bffd0dae65a715708a9fb46f,Q1540
bbq_v,06_21_1534_1_03,06_21_1534_1,Q1540,Race_ethnicity,nonneg,93b847c6480edf99971e7072584202adc2d0feff803e97a1740384d04cbb1858,Q1540
bbq_v,06_21_1540_2_01,06_21_1540_2,Q1541,Race_ethnicity,neg,f3296e2cc7b26afa186db034e2da5d0de234e57bdf5e6bd76f316bbf1e37c7f3,Q1541
bbq_v,06_21_1540_2_02,06_21_1540_2,Q1541,Race_ethnicity,neg,f5c9d6270b52fb4530f71f07ea37798538847c8a55cc3db7de8bee12b1b7eb5f,Q1541
bbq_v,06_21_1540_2_03,06_21_1540_2,Q1541,Race_ethnicity,neg,07bb0d15500b98ea76ff9280d5b74e9c7cc2d53ce1d4995c3354aae66953f82d,Q1541
bbq_v,06_21_1542_1_01,06_21_1542_1,Q1541,Race_ethnicity,nonneg,f3296e2cc7b26afa186db034e2da5d0de234e57bdf5e6bd76f316bbf1e37c7f3,Q1541
bbq_v,06_21_1542_1_02,06_21_1542_1,Q1541,Race_ethnicity,nonneg,f5c9d6270b52fb4530f71f07ea37798538847c8a55cc3db7de8bee12b1b7eb5f,Q1541
bbq_v,06_21_1542_1_03,06_21_1542_1,Q1541,Race_ethnicity,nonneg,07bb0d15500b98ea76ff9280d5b74e9c7cc2d53ce1d4995c3354aae66953f82d,Q1541
bbq_v,06_22_1600_2_01,06_22_1600_2,Q6221,Race_ethnicity,neg,9a69062699859e207ff3064ac6ccabec60be0ef4f06a5373c04992ebe9b8c6a5,Q6221
bbq_v,06_22_1600_2_02,06_22_1600_2,Q6221,Race_ethnicity,neg,6745d4bb51f5dd3f319904f17136001327f3711ce10f90917b2fc61719733c4c,Q6221
bbq_v,06_22_1600_2_03,06_22_1600_2,Q6221,Race_ethnicity,neg,7f39be739a8d0e106d6026995baf150498980fbe66cbd66aab8a2bd4cf467f3c,Q6221
bbq_v,06_22_1602_1_01,06_22_1602_1,Q6221,Race_ethnicity,nonneg,9a69062699859e207ff3064ac6ccabec60be0ef4f06a5373c04992ebe9b8c6a5,Q6221
bbq_v,06_22_1602_1_02,06_22_1602_1,Q6221,Race_ethnicity,nonneg,6745d4bb51f5dd3f319904f17136001327f3711ce10f90917b2fc61719733c4c,Q6221
bbq_v,06_22_1602_1_03,06_22_1602_1,Q6221,Race_ethnicity,nonneg,7f39be739a8d0e106d6026995baf150498980fbe66cbd66aab8a2bd4cf467f3c,Q6221
bbq_v,06_26_1888_2_01,06_26_1888_2,Q6059,Race_ethnicity,neg,63a4470effdbdff4a73365f1b738f276247113c8b2a44e262ab18f7f9c7d7a30,Q6059
bbq_v,06_26_1888_2_02,06_26_1888_2,Q6059,Race_ethnicity,neg,9ceef22b144be6dc56d49948cde944d69e2681c8a5a2b5f5c66c5f7072a99b81,Q6059
bbq_v,06_26_1888_2_03,06_26_1888_2,Q6059,Race_ethnicity,neg,ec2ca653b7a2c4569d6ada261a5c2985a8c60ded3d9bdb43564ad27d7ea5e503,Q6059
bbq_v,06_26_1890_1_01,06_26_1890_1,Q6059,Race_ethnicity,nonneg,63a4470effdbdff4a73365f1b738f276247113c8b2a44e262ab18f7f9c7d7a30,Q6059
bbq_v,06_26_1890_1_02,06_26_1890_1,Q6059,Race_ethnicity,nonneg,9ceef22b144be6dc56d49948cde944d69e2681c8a5a2b5f5c66c5f7072a99b81,Q6059
bbq_v,06_26_1890_1_03,06_26_1890_1,Q6059,Race_ethnicity,nonneg,ec2ca653b7a2c4569d6ada261a5c2985a8c60ded3d9bdb43564ad27d7ea5e503,Q6059
bbq_v,06_27_2132_2_02,06_27_2132_2,Q7531,Race_ethnicity,neg,d8655ab5269203e122c9289b87aaf3d7f1cee9f80b1a92cfb12f0f615226c690,Q7531
bbq_v,06_27_2132_2_03,06_27_2132_2,Q7531,Race_ethnicity,neg,c140b04112f4c3c7a92afd982041ec6e994674395fea3adb779875d16d6129fe,Q7531
bbq_v,06_27_2134_1_02,06_27_2134_1,Q7531,Race_ethnicity,nonneg,d8655ab5269203e122c9289b87aaf3d7f1cee9f80b1a92cfb12f0f615226c690,Q7531
bbq_v,06_27_2134_1_03,06_27_2134_1,Q7531,Race_ethnicity,nonneg,c140b04112f4c3c7a92afd982041ec6e994674395fea3adb779875d16d6129fe,Q7531
bbq_v,06_28_2404_2_01,06_28_2404_2,Q6038,Race_ethnicity,neg,126fa2c5a83536f4ec9a9a8ba33dcc2f778deaf6b711a6e2be2f6673ec27affb,Q6038
bbq_v,06_28_2404_2_02,06_28_2404_2,Q6038,Race_ethnicity,neg,7798f55fc2de5f87daab730482fd6467fcd9fccb0193ca5edb9d9adf886693e0,Q6038
bbq_v,06_28_2404_2_03,06_28_2404_2,Q6038,Race_ethnicity,neg,318da72f89ceb4b425934fb1327a1afb70ae861c886d3420415f1c20dd984166,Q6038
bbq_v,06_28_2406_1_01,06_28_2406_1,Q6038,Race_ethnicity,nonneg,126fa2c5a83536f4ec9a9a8ba33dcc2f778deaf6b711a6e2be2f6673ec27affb,Q6038
bbq_v,06_28_2406_1_02,06_28_2406_1,Q6038,Race_ethnicity,nonneg,7798f55fc2de5f87daab730482fd6467fcd9fccb0193ca5edb9d9adf886693e0,Q6038
bbq_v,06_28_2406_1_03,06_28_2406_1,Q6038,Race_ethnicity,nonneg,318da72f89ceb4b425934fb1327a1afb70ae861c886d3420415f1c20dd984166,Q6038
bbq_v,06_30_2764_2_01,06_30_2764_2,Q1379,Race_ethnicity,neg,1f2b367d0d184c936dbb888cbe4f9e876bd780ec8e4e44c59158de0af8bdb977,Q1379
bbq_v,06_30_2764_2_02,06_30_2764_2,Q1379,Race_ethnicity,neg,977c85c6629aff853c6a1442d26187c16c96cc4b469c3359290c3e90eedc1fdc,Q1379
bbq_v,06_30_2764_2_03,06_30_2764_2,Q1379,Race_ethnicity,neg,4d6cf46abe62f612a2ba41fa496f61aab70a83fc583a77bc379c99365b49cda5,Q1379
bbq_v,06_30_2766_1_01,06_30_2766_1,Q1379,Race_ethnicity,nonneg,1f2b367d0d184c936dbb888cbe4f9e876bd780ec8e4e44c59158de0af8bdb977,Q1379
bbq_v,06_30_2766_1_02,06_30_2766_1,Q1379,Race_ethnicity,nonneg,977c85c6629aff853c6a1442d26187c16c96cc4b469c3359290c3e90eedc1fdc,Q1379
bbq_v,06_30_2766_1_03,06_30_2766_1,Q1379,Race_ethnicity,nonneg,4d6cf46abe62f612a2ba41fa496f61aab70a83fc583a77bc379c99365b49cda5,Q1379
bbq_v,06_30_2768_2_01,06_30_2768_2,Q1403,Race_ethnicity,neg,f3620363b70d1f062ccb1d582e29ca253c3312b7bc11187d91a164ff2ce1c6ea,Q1403
bbq_v,06_30_2768_2_02,06_30_2768_2,Q1403,Race_ethnicity,neg,490ccc82583d695d983eb661f95acbeeeaf9a1b9567f578e482b9eda6e370688,Q1403
bbq_v,06_30_2768_2_03,06_30_2768_2,Q1403,Race_ethnicity,neg,b30a33bd624f80b7ed0a921dedb441f762f32309d8f5f48793280833a6d672c5,Q1403
bbq_v,06_30_2770_1_01,06_30_2770_1,Q1403,Race_ethnicity,nonneg,f3620363b70d1f062ccb1d582e29ca253c3312b7bc11187d91a164ff2ce1c6ea,Q1403
bbq_v,06_30_2770_1_02,06_30_2770_1,Q1403,Race_ethnicity,nonneg,490ccc82583d695d983eb661f95acbeeeaf9a1b9567f578e482b9eda6e370688,Q1403
bbq_v,06_30_2770_1_03,06_30_2770_1,Q1403,Race_ethnicity,nonneg,b30a33bd624f80b7ed0a921dedb441f762f32309d8f5f48793280833a6d672c5,Q1403
bbq_v,06_30_2824_2_01,06_30_2824_2,Q1390,Race_ethnicity,neg,00080a6332c45b02f86a2b4031e7f20f6c1a34d1b7fa3a1432d43e888ba7a64b,Q1390
bbq_v,06_30_2824_2_02,06_30_2824_2,Q1390,Race_ethnicity,neg,683d87717a6d852e3c745b5614e2ffd78086bf435e447d2ae739f771fdafcf1b,Q1390
bbq_v,06_30_2824_2_03,06_30_2824_2,Q1390,Race_ethnicity,neg,41786321d9237d10d1bf2f412fed895acb07ffb15dc7ed6b1db3aa267f81bb04,Q1390
bbq_v,06_30_2826_1_01,06_30_2826_1,Q1390,Race_ethnicity,nonneg,00080a6332c45b02f86a2b4031e7f20f6c1a34d1b7fa3a1432d43e888ba7a64b,Q1390
bbq_v,06_30_2826_1_02,06_30_2826_1,Q1390,Race_ethnicity,nonneg,683d87717a6d852e3c745b5614e2ffd78086bf435e447d2ae739f771fdafcf1b,Q1390
bbq_v,06_30_2826_1_03,06_30_2826_1,Q1390,Race_ethnicity,nonneg,41786321d9237d10d1bf2f412fed895acb07ffb15dc7ed6b1db3aa267f81bb04,Q1390
bbq_v,06_33_3392_2_01,06_33_3392_2,Q1606,Race_ethnicity,neg,57e9e5beccf117a3185e654600e722f6d1aec34778dde16728523c84004aa702,Q1606
bbq_v,06_33_3392_2_02,06_33_3392_2,Q1606,Race_ethnicity,neg,481cb26411d47575099cb6dbcfa5e728698a13a680d50e638ba7b402012b53f2,Q1606
bbq_v,06_33_3392_2_03,06_33_3392_2,Q1606,Race_ethnicity,neg,eaabecf74a52606d5e563ef99b983f14861a02ef79ff1c50781f437b6a9a61eb,Q1606
bbq_v,06_33_3394_1_01,06_33_3394_1,Q1606,Race_ethnicity,nonneg,57e9e5beccf117a3185e654600e722f6d1aec34778dde16728523c84004aa702,Q1606
bbq_v,06_33_3394_1_02,06_33_3394_1,Q1606,Race_ethnicity,nonneg,481cb26411d47575099cb6dbcfa5e728698a13a680d50e638ba7b402012b53f2,Q1606
bbq_v,06_33_3394_1_03,06_33_3394_1,Q1606,Race_ethnicity,nonneg,eaabecf74a52606d5e563ef99b983f14861a02ef79ff1c50781f437b6a9a61eb,Q1606
bbq_v,06_34_3532_2_01,06_34_3532_2,Q1229,Race_ethnicity,neg,facf6fc1b32c34a938de86148dfb1b766c6fe5c224c294d03d6e30d944594c49,Q1229
bbq_v,06_34_3532_2_02,06_34_3532_2,Q1229,Race_ethnicity,neg,d08d31d970e5cb814da29a0d848311fa7b888d4c96fb989c78027e9d0c374827,Q1229
bbq_v,06_34_3532_2_03,06_34_3532_2,Q1229,Race_ethnicity,neg,456d22bb6428a06c1daaa11258e1fe705066decff822dd8309369bdc6f1dbdda,Q1229
bbq_v,06_34_3534_1_01,06_34_3534_1,Q1229,Race_ethnicity,nonneg,facf6fc1b32c34a938de86148dfb1b766c6fe5c224c294d03d6e30d944594c49,Q1229
bbq_v,06_34_3534_1_02,06_34_3534_1,Q1229,Race_ethnicity,nonneg,d08d31d970e5cb814da29a0d848311fa7b888d4c96fb989c78027e9d0c374827,Q1229
bbq_v,06_34_3534_1_03,06_34_3534_1,Q1229,Race_ethnicity,nonneg,456d22bb6428a06c1daaa11258e1fe705066decff822dd8309369bdc6f1dbdda,Q1229
bbq_v,06_37_4108_2_01,06_37_4108_2,Q3363,Race_ethnicity,neg,84ed04bd85325f1de186a36fb5db527c7753dd662deaf4f107117c6f938fbe40,Q3363
bbq_v,06_37_4108_2_02,06_37_4108_2,Q3363,Race_ethnicity,neg,70741fea33bacf2bcf0d5ca2297a800a141b9d45060eca33490742fba78bfbea,Q3363
bbq_v,06_37_4108_2_03,06_37_4108_2,Q3363,Race_ethnicity,neg,587a159033697aeac30263af7e2304a300ea0769dcd8a536f617a16fec213ee6,Q3363
bbq_v,06_37_4110_1_01,06_37_4110_1,Q3363,Race_ethnicity,nonneg,84ed04bd85325f1de186a36fb5db527c7753dd662deaf4f107117c6f938fbe40,Q3363
bbq_v,06_37_4110_1_02,06_37_4110_1,Q3363,Race_ethnicity,nonneg,70741fea33bacf2bcf0d5ca2297a800a141b9d45060eca33490742fba78bfbea,Q3363
bbq_v,06_37_4110_1_03,06_37_4110_1,Q3363,Race_ethnicity,nonneg,587a159033697aeac30263af7e2304a300ea0769dcd8a536f617a16fec213ee6,Q3363
bbq_v,06_37_4216_2_01,06_37_4216_2,Q3400,Race_ethnicity,neg,42170598681239e77370b059957e9dcd9ac70b5614f80d3826d976212f1cfcdd,Q3400
bbq_v,06_37_4216_2_02,06_37_4216_2,Q3400,Race_ethnicity,neg,fff53d6a02adca2d2edf4ac1d65048382a6abf2cc46bbbb2418727c87adf9094,Q3400
bbq_v,06_37_4218_1_01,06_37_4218_1,Q3400,Race_ethnicity,nonneg,42170598681239e77370b059957e9dcd9ac70b5614f80d3826d976212f1cfcdd,Q3400
bbq_v,06_37_4218_1_02,06_37_4218_1,Q3400,Race_ethnicity,nonneg,fff53d6a02adca2d2edf4ac1d65048382a6abf2cc46bbbb2418727c87adf9094,Q3400
bbq_v,06_37_4244_2_01,06_37_4244_2,Q3390,Race_ethnicity,neg,2efeac0b21a60ab046e69e9b89978344693ae978ec9523989b502e70a150d2d5,Q3390
bbq_v,06_37_4244_2_02,06_37_4244_2,Q3390,Race_ethnicity,neg,f095e31f9edb91fa249651caca9608cde14356e9d6bfa79f0f85580566af01e6,Q3390
bbq_v,06_37_4244_2_03,06_37_4244_2,Q3390,Race_ethnicity,neg,7f3c07cddf5210061c09ccfa7635dad7390fbf58bbe304ff47c3cb5c9ceec38a,Q3390
bbq_v,06_37_4246_1_01,06_37_4246_1,Q3390,Race_ethnicity,nonneg,2efeac0b21a60ab046e69e9b89978344693ae978ec9523989b502e70a150d2d5,Q3390
bbq_v,06_37_4246_1_02,06_37_4246_1,Q3390,Race_ethnicity,nonneg,f095e31f9edb91fa249651caca9608cde14356e9d6bfa79f0f85580566af01e6,Q3390
bbq_v,06_37_4246_1_03,06_37_4246_1,Q3390,Race_ethnicity,nonneg,7f3c07cddf5210061c09ccfa7635dad7390fbf58bbe304ff47c3cb5c9ceec38a,Q3390
bbq_v,06_37_4252_2_01,06_37_4252_2,Q3361,Race_ethnicity,neg,aec424486c04e46bf4f458d92008928fd451fbe72a59b6c507f762f6dd142956,Q3361
bbq_v,06_37_4252_2_02,06_37_4252_2,Q3361,Race_ethnicity,neg,5f690958c17a1fb80c6a9a352e324c094557fead684070a876c9ef3a8a2d202c,Q3361
bbq_v,06_37_4252_2_03,06_37_4252_2,Q3361,Race_ethnicity,neg,814e7c2965b6b55c2d93b0e0ca5de179b60b97cce87b47142a8dd0752d9b55ff,Q3361
bbq_v,06_37_4254_1_01,06_37_4254_1,Q3361,Race_ethnicity,nonneg,aec424486c04e46bf4f458d92008928fd451fbe72a59b6c507f762f6dd142956,Q3361
bbq_v,06_37_4254_1_02,06_37_4254_1,Q3361,Race_ethnicity,nonneg,5f690958c17a1fb80c6a9a352e324c094557fead684070a876c9ef3a8a2d202c,Q3361
bbq_v,06_37_4254_1_03,06_37_4254_1,Q3361,Race_ethnicity,nonneg,814e7c2965b6b55c2d93b0e0ca5de179b60b97cce87b47142a8dd0752d9b55ff,Q3361
bbq_v,06_37_4272_2_01,06_37_4272_2,Q3407,Race_ethnicity,neg,77f718dd7190cebe870fb1aa6498165e1266eac94848d961b8c3cb0ec5c0c385,Q3407
bbq_v,06_37_4272_2_02,06_37_4272_2,Q3407,Race_ethnicity,neg,46135d157fba3ab864e5b5aedca7d4d941493df14d1ceb8ec7df380b86889f19,Q3407
bbq_v,06_37_4272_2_03,06_37_4272_2,Q3407,Race_ethnicity,neg,b60d88ca2a54f4dcad040221d34c580bac332824dcf48706803a2bf0bd32f63e,Q3407
bbq_v,06_37_4274_1_01,06_37_4274_1,Q3407,Race_ethnicity,nonneg,77f718dd7190cebe870fb1aa6498165e1266eac94848d961b8c3cb0ec5c0c385,Q3407
bbq_v,06_37_4274_1_02,06_37_4274_1,Q3407,Race_ethnicity,nonneg,46135d157fba3ab864e5b5aedca7d4d941493df14d1ceb8ec7df380b86889f19,Q3407
bbq_v,06_37_4274_1_03,06_37_4274_1,Q3407,Race_ethnicity,nonneg,b60d88ca2a54f4dcad040221d34c580bac332824dcf48706803a2bf0bd32f63e,Q3407
bbq_v,06_39_4592_2_01,06_39_4592_2,Q235,Race_ethnicity,neg,c3dad23108b9d7a3a247486c9712b1f7ad5a8f5bd38df2b93893ed7fa044dce6,Q235
bbq_v,06_39_4592_2_02,06_39_4592_2,Q235,Race_ethnicity,neg,9aa3ab6e4546083c2adf6fa864c4ac3db0cacb2e1df9570394768f558837cbb3,Q235
bbq_v,06_39_4592_2_03,06_39_4592_2,Q235,Race_ethnicity,neg,185e7abcd7684f70821ca9f34907b270e4570e4670ca824f179a86c78112f45b,Q235
bbq_v,06_39_4594_1_01,06_39_4594_1,Q235,Race_ethnicity,nonneg,c3dad23108b9d7a3a247486c9712b1f7ad5a8f5bd38df2b93893ed7fa044dce6,Q235
bbq_v,06_39_4594_1_02,06_39_4594_1,Q235,Race_ethnicity,nonneg,9aa3ab6e4546083c2adf6fa864c4ac3db0cacb2e1df9570394768f558837cbb3,Q235
bbq_v,06_39_4594_1_03,06_39_4594_1,Q235,Race_ethnicity,nonneg,185e7abcd7684f70821ca9f34907b270e4570e4670ca824f179a86c78112f45b,Q235
bbq_v,06_40_4692_2_01,06_40_4692_2,Q2123,Race_ethnicity,neg,6329305e9a1e3e6661f43647d285877551fedee6d7f4082eea7f321d60a370b8,Q2123
bbq_v,06_40_4692_2_02,06_40_4692_2,Q2123,Race_ethnicity,neg,f5f38c17cffea79bd9bdbf2b1f8bf0f96d9f693fe4509407939db515311bcdc2,Q2123
bbq_v,06_40_4692_2_03,06_40_4692_2,Q2123,Race_ethnicity,neg,88e9a9a16953b9e78e302391d09afca1439d3a47d4c3c747b2c3af11aaa2ebcf,Q2123
bbq_v,06_40_4694_1_01,06_40_4694_1,Q2123,Race_ethnicity,nonneg,6329305e9a1e3e6661f43647d285877551fedee6d7f4082eea7f321d60a370b8,Q2123
bbq_v,06_40_4694_1_02,06_40_4694_1,Q2123,Race_ethnicity,nonneg,f5f38c17cffea79bd9bdbf2b1f8bf0f96d9f693fe4509407939db515311bcdc2,Q2123
bbq_v,06_40_4694_1_03,06_40_4694_1,Q2123,Race_ethnicity,nonneg,88e9a9a16953b9e78e302391d09afca1439d3a47d4c3c747b2c3af11aaa2ebcf,Q2123
bbq_v,06_42_5084_2_01,06_42_5084_2,Q1475,Race_ethnicity,neg,dd77f724c170cdff43db87ca370859be3f16ab414295648f22633cf8dce379ed,Q1475
bbq_v,06_42_5084_2_02,06_42_5084_2,Q1475,Race_ethnicity,neg,48a73425ac41a8fc38bb9b9650d2930ffaf92b05cd6ffed42205a16f2c78a8bf,Q1475
bbq_v,06_42_5084_2_03,06_42_5084_2,Q1475,Race_ethnicity,neg,b3506cd650a50f5c4dec5482fb1302dcd8cced86a5cf938193538fa6e3136b1e,Q1475
bbq_v,06_42_5086_1_01,06_42_5086_1,Q1475,Race_ethnicity,nonneg,dd77f724c170cdff43db87ca370859be3f16ab414295648f22633cf8dce379ed,Q1475
bbq_v,06_42_5086_1_02,06_42_5086_1,Q1475,Race_ethnicity,nonneg,48a73425ac41a8fc38bb9b9650d2930ffaf92b05cd6ffed42205a16f2c78a8bf,Q1475
bbq_v,06_42_5086_1_03,06_42_5086_1,Q1475,Race_ethnicity,nonneg,b3506cd650a50f5c4dec5482fb1302dcd8cced86a5cf938193538fa6e3136b1e,Q1475
bbq_v,06_42_5108_2_01,06_42_5108_2,Q1489,Race_ethnicity,neg,69290b8f065aef3939d75176f02870e8d9fa17accea7c658659cffe60cb95f25,Q1489
bbq_v,06_42_5108_2_03,06_42_5108_2,Q1489,Race_ethnicity,neg,0955f6048da970b663f4f4c284ffc2352ffd5765065f245ced6446196ed4a52e,Q1489
bbq_v,06_42_5110_1_01,06_42_5110_1,Q1489,Race_ethnicity,nonneg,69290b8f065aef3939d75176f02870e8d9fa17accea7c658659cffe60cb95f25,Q1489
bbq_v,06_42_5110_1_03,06_42_5110_1,Q1489,Race_ethnicity,nonneg,0955f6048da970b663f4f4c284ffc2352ffd5765065f245ced6446196ed4a52e,Q1489
bbq_v,06_42_5228_2_01,06_42_5228_2,Q1481,Race_ethnicity,neg,ae5f7c565a312a61c849dce9afe179ad760e46bacd7431db99c0b443185aed8d,Q1481
bbq_v,06_42_5228_2_02,06_42_5228_2,Q1481,Race_ethnicity,neg,79379fcb6aae87a29822014d2a4e11082f1822963e1af2798014d50970d8974e,Q1481
bbq_v,06_42_5228_2_03,06_42_5228_2,Q1481,Race_ethnicity,neg,b95a348722d3561fb2a991d817297f32661c90aefe1259c3478cd6e2beabd801,Q1481
bbq_v,06_42_5230_1_01,06_42_5230_1,Q1481,Race_ethnicity,nonneg,ae5f7c565a312a61c849dce9afe179ad760e46bacd7431db99c0b443185aed8d,Q1481
bbq_v,06_42_5230_1_02,06_42_5230_1,Q1481,Race_ethnicity,nonneg,79379fcb6aae87a29822014d2a4e11082f1822963e1af2798014d50970d8974e,Q1481
bbq_v,06_42_5230_1_03,06_42_5230_1,Q1481,Race_ethnicity,nonneg,b95a348722d3561fb2a991d817297f32661c90aefe1259c3478cd6e2beabd801,Q1481
bbq_v,06_43_5412_2_01,06_43_5412_2,Q6173,Race_ethnicity,neg,1293de85ea5edc96de12e067c3c15f0f23bb21d2d04e2997b13aee4c42ad922a,Q6173
bbq_v,06_43_5412_2_02,06_43_5412_2,Q6173,Race_ethnicity,neg,3757d56f8c7cd8d5d7470bc8abfa1a8bbf452b3dba5f54546c55d67536e280a0,Q6173
bbq_v,06_43_5412_2_03,06_43_5412_2,Q6173,Race_ethnicity,neg,ca173e4bc3779f80f59580ba737fdbe69574a7163b840d316ef1f5723ecb5596,Q6173
bbq_v,06_43_5414_1_01,06_43_5414_1,Q6173,Race_ethnicity,nonneg,1293de85ea5edc96de12e067c3c15f0f23bb21d2d04e2997b13aee4c42ad922a,Q6173
bbq_v,06_43_5414_1_02,06_43_5414_1,Q6173,Race_ethnicity,nonneg,3757d56f8c7cd8d5d7470bc8abfa1a8bbf452b3dba5f54546c55d67536e280a0,Q6173
bbq_v,06_43_5414_1_03,06_43_5414_1,Q6173,Race_ethnicity,nonneg,ca173e4bc3779f80f59580ba737fdbe69574a7163b840d316ef1f5723ecb5596,Q6173
bbq_v,06_43_5428_2_01,06_43_5428_2,Q6200,Race_ethnicity,neg,3f625df34ab0afedb6eaa6be7eb2abdf3fb13edcceca5aadae0a3e39c614a6d6,Q6200
bbq_v,06_43_5428_2_02,06_43_5428_2,Q6200,Race_ethnicity,neg,efdb33b4c9adec652d51c80d656b517fd3c9dd21baea0795df4d7efc389125eb,Q6200
bbq_v,06_43_5428_2_03,06_43_5428_2,Q6200,Race_ethnicity,neg,b0d3514b4f4b9e20664542466278d714f7cca7b35eca651f848c88a81d950fb5,Q6200
bbq_v,06_43_5430_1_01,06_43_5430_1,Q6200,Race_ethnicity,nonneg,3f625df34ab0afedb6eaa6be7eb2abdf3fb13edcceca5aadae0a3e39c614a6d6,Q6200
bbq_v,06_43_5430_1_02,06_43_5430_1,Q6200,Race_ethnicity,nonneg,efdb33b4c9adec652d51c80d656b517fd3c9dd21baea0795df4d7efc389125eb,Q6200
bbq_v,06_43_5430_1_03,06_43_5430_1,Q6200,Race_ethnicity,nonneg,b0d3514b4f4b9e20664542466278d714f7cca7b35eca651f848c88a81d950fb5,Q6200
bbq_v,06_45_5692_2_01,06_45_5692_2,Q4240,Race_ethnicity,neg,2f922730aad4f49239d6524c2d53f85a146d92354ee1a72b7ad66760d4f497d2,Q4240
bbq_v,06_45_5692_2_02,06_45_5692_2,Q4240,Race_ethnicity,neg,9665cf650abefd7952898b32e1b3efe9abdadd477c9510c055dbb2905bd7ae75,Q4240
bbq_v,06_45_5692_2_03,06_45_5692_2,Q4240,Race_ethnicity,neg,1c2e1252067a0965aac24981b79cf8bc55580788f46bea5347c38c8736d21fd8,Q4240
bbq_v,06_45_5694_1_01,06_45_5694_1,Q4240,Race_ethnicity,nonneg,2f922730aad4f49239d6524c2d53f85a146d92354ee1a72b7ad66760d4f497d2,Q4240
bbq_v,06_45_5694_1_02,06_45_5694_1,Q4240,Race_ethnicity,nonneg,9665cf650abefd7952898b32e1b3efe9abdadd477c9510c055dbb2905bd7ae75,Q4240
bbq_v,06_45_5694_1_03,06_45_5694_1,Q4240,Race_ethnicity,nonneg,1c2e1252067a0965aac24981b79cf8bc55580788f46bea5347c38c8736d21fd8,Q4240
bbq_v,06_45_5748_2_01,06_45_5748_2,Q2936,Race_ethnicity,neg,779386cf78755b56034d8113f55b8e0e2536ebb9bc1b1c24743461711613849f,Q2936
bbq_v,06_45_5748_2_03,06_45_5748_2,Q2936,Race_ethnicity,neg,692877a888471b61f5cbe774cfee454a926e83dcc88a52f27bab0c5b5c73e827,Q2936
bbq_v,06_45_5750_1_01,06_45_5750_1,Q2936,Race_ethnicity,nonneg,779386cf78755b56034d8113f55b8e0e2536ebb9bc1b1c24743461711613849f,Q2936
bbq_v,06_45_5750_1_03,06_45_5750_1,Q2936,Race_ethnicity,nonneg,692877a888471b61f5cbe774cfee454a926e83dcc88a52f27bab0c5b5c73e827,Q2936
bbq_v,06_46_5928_2_01,06_46_5928_2,Q6636,Race_ethnicity,neg,ae5718d49b64405e1a83e92ee0da72d24c609bdf4fb649a54fa8ed306e447f29,Q6636
bbq_v,06_46_5928_2_02,06_46_5928_2,Q6636,Race_ethnicity,neg,c0618e334ab99799e9d67794faad745b5774c17e6451b95126d90268753406b0,Q6636
bbq_v,06_46_5928_2_03,06_46_5928_2,Q6636,Race_ethnicity,neg,1189ecff4a93b3b76e67b7acc7a8fc89e8ab69b0dfb2293b48048d3148551d33,Q6636
bbq_v,06_46_5930_1_01,06_46_5930_1,Q6636,Race_ethnicity,nonneg,ae5718d49b64405e1a83e92ee0da72d24c609bdf4fb649a54fa8ed306e447f29,Q6636
bbq_v,06_46_5930_1_02,06_46_5930_1,Q6636,Race_ethnicity,nonneg,c0618e334ab99799e9d67794faad745b5774c17e6451b95126d90268753406b0,Q6636
bbq_v,06_46_5930_1_03,06_46_5930_1,Q6636,Race_ethnicity,nonneg,1189ecff4a93b3b76e67b7acc7a8fc89e8ab69b0dfb2293b48048d3148551d33,Q6636
bbq_v,06_47_6120_2_01,06_47_6120_2,Q1934,Race_ethnicity,neg,bf1c6ea9c420ccb805675a11f3083baeefcc5be328fb1070875d1a5e51405c5c,Q1934
bbq_v,06_47_6120_2_02,06_47_6120_2,Q1934,Race_ethnicity,neg,893a84b944439b3bfc8400a4bb5a9c5c185f840d2126a9642d39767f9c2cc98f,Q1934
bbq_v,06_47_6120_2_03,06_47_6120_2,Q1934,Race_ethnicity,neg,fdf95b1b50b3ef1510ef192816cf508e7038b0df59aa82bf0c309ad54444e663,Q1934
bbq_v,06_47_6122_1_01,06_47_6122_1,Q1934,Race_ethnicity,nonneg,bf1c6ea9c420ccb805675a11f3083baeefcc5be328fb1070875d1a5e51405c5c,Q1934
bbq_v,06_47_6122_1_02,06_47_6122_1,Q1934,Race_ethnicity,nonneg,893a84b944439b3bfc8400a4bb5a9c5c185f840d2126a9642d39767f9c2cc98f,Q1934
bbq_v,06_47_6122_1_03,06_47_6122_1,Q1934,Race_ethnicity,nonneg,fdf95b1b50b3ef1510ef192816cf508e7038b0df59aa82bf0c309ad54444e663,Q1934
bbq_v,06_48_6296_2_01,06_48_6296_2,Q5253,Race_ethnicity,neg,5d163306a5638ed86806b17ea862a3a583ecbaa148c269dc64dc7cf49a00e8b8,Q5253
bbq_v,06_48_6296_2_02,06_48_6296_2,Q5253,Race_ethnicity,neg,b99f8cc0289bccceb50eb5cf8ba0b633d9ad837cab9c7b4bcda7d14e9f331e0a,Q5253
bbq_v,06_48_6296_2_03,06_48_6296_2,Q5253,Race_ethnicity,neg,7cf8b025f5ea9303cac703f5faaee335eafa6a0727bce71812fa52183d68ff78,Q5253
bbq_v,06_48_6298_1_01,06_48_6298_1,Q5253,Race_ethnicity,nonneg,5d163306a5638ed86806b17ea862a3a583ecbaa148c269dc64dc7cf49a00e8b8,Q5253
bbq_v,06_48_6298_1_02,06_48_6298_1,Q5253,Race_ethnicity,nonneg,b99f8cc0289bccceb50eb5cf8ba0b633d9ad837cab9c7b4bcda7d14e9f331e0a,Q5253
bbq_v,06_48_6298_1_03,06_48_6298_1,Q5253,Race_ethnicity,nonneg,7cf8b025f5ea9303cac703f5faaee335eafa6a0727bce71812fa52183d68ff78,Q5253
bbq_v,06_48_6412_2_01,06_48_6412_2,Q4128,Race_ethnicity,neg,a55ec0695e9d4ccd44c115ea7c929f8fdb07169d523b1303983eab7bde3fb4be,Q4128
bbq_v,06_48_6412_2_02,06_48_6412_2,Q4128,Race_ethnicity,neg,b7d724de86e18e6b16472e97d9743bc9b80ad9d78ecd3da690f0ab51ad2fe3bc,Q4128
bbq_v,06_48_6414_1_01,06_48_6414_1,Q4128,Race_ethnicity,nonneg,a55ec0695e9d4ccd44c115ea7c929f8fdb07169d523b1303983eab7bde3fb4be,Q4128
bbq_v,06_48_6414_1_02,06_48_6414_1,Q4128,Race_ethnicity,nonneg,b7d724de86e18e6b16472e97d9743bc9b80ad9d78ecd3da690f0ab51ad2fe3bc,Q4128
bbq_v,06_48_6476_2_01,06_48_6476_2,Q2485,Race_ethnicity,neg,7fd9d01bbfabf6116ac26dd3b27e5e228bea6b41fc371627840d59f6a4fbb079,Q2485
bbq_v,06_48_6476_2_02,06_48_6476_2,Q2485,Race_ethnicity,neg,5580b82e6bb7517383368a1f26fe301399e9094d1c298a90724f2963ad42f174,Q2485
bbq_v,06_48_6476_2_03,06_48_6476_2,Q2485,Race_ethnicity,neg,386ceb1fe550d17afea02cb4f469cd4ffbeda2a11d5b8bac57e47fc862cff9cd,Q2485
bbq_v,06_48_6478_1_01,06_48_6478_1,Q2485,Race_ethnicity,nonneg,7fd9d01bbfabf6116ac26dd3b27e5e228bea6b41fc371627840d59f6a4fbb079,Q2485
bbq_v,06_48_6478_1_02,06_48_6478_1,Q2485,Race_ethnicity,nonneg,5580b82e6bb7517383368a1f26fe301399e9094d1c298a90724f2963ad42f174,Q2485
bbq_v,06_48_6478_1_03,06_48_6478_1,Q2485,Race_ethnicity,nonneg,386ceb1fe550d17afea02cb4f469cd4ffbeda2a11d5b8bac57e47fc862cff9cd,Q2485
bbq_v,06_49_6508_2_01,06_49_6508_2,Q2900,Race_ethnicity,neg,322b42ce2c8afe6cfa20f20d45d3900a2f4d1fe73230411aed8961294f4201f0,Q2900
bbq_v,06_49_6508_2_02,06_49_6508_2,Q2900,Race_ethnicity,neg,a5d0df11ef36c90473ede0ba96fe1dd13c19690e488b8a89d2a206d23e528a31,Q2900
bbq_v,06_49_6508_2_03,06_49_6508_2,Q2900,Race_ethnicity,neg,8434849f6e86d4cbacd373963ad40dc9e50ec3c43222c795ee5c3ece4625f769,Q2900
bbq_v,06_49_6510_1_01,06_49_6510_1,Q2900,Race_ethnicity,nonneg,322b42ce2c8afe6cfa20f20d45d3900a2f4d1fe73230411aed8961294f4201f0,Q2900
bbq_v,06_49_6510_1_02,06_49_6510_1,Q2900,Race_ethnicity,nonneg,a5d0df11ef36c90473ede0ba96fe1dd13c19690e488b8a89d2a206d23e528a31,Q2900
bbq_v,06_49_6510_1_03,06_49_6510_1,Q2900,Race_ethnicity,nonneg,8434849f6e86d4cbacd373963ad40dc9e50ec3c43222c795ee5c3ece4625f769,Q2900
bbq_v,07_01_0004_2_02,07_01_0004_2,Q100,Religion,neg,0b6f0acfee1d2905576c28ecc3962e4cd3b8dc129524158631b3348d4ed173d0,Q100
bbq_v,07_01_0004_2_03,07_01_0004_2,Q100,Religion,neg,5fd0e1e4cf154a6f5e606465b521ec0f98f3a6a03b9aa0e38c3616dce57017e8,Q100
bbq_v,07_01_0004_2_04,07_01_0004_2,Q100,Religion,neg,e96d02eacbe67690aaff23e4bf4286c185031bca879a2c7f48d7f7f83616fa0d,Q100
bbq_v,07_01_0006_1_02,07_01_0006_1,Q100,Religion,nonneg,0b6f0acfee1d2905576c28ecc3962e4cd3b8dc129524158631b3348d4ed173d0,Q100
bbq_v,07_01_0006_1_03,07_01_0006_1,Q100,Religion,nonneg,5fd0e1e4cf154a6f5e606465b521ec0f98f3a6a03b9aa0e38c3616dce57017e8,Q100
bbq_v,07_01_0006_1_04,07_01_0006_1,Q100,Religion,nonneg,e96d02eacbe67690aaff23e4bf4286c185031bca879a2c7f48d7f7f83616fa0d,Q100
bbq_v,07_01_0016_2_01,07_01_0016_2,Q106,Religion,neg,fdbb01855618af6e706ebfd20a4808f37a631f51abda2deea6c8d9722c6db3c9,Q106
bbq_v,07_01_0016_2_02,07_01_0016_2,Q106,Religion,neg,5e31a0f1796efa2f3231ead2637a49e848a15a9c474cf75af63fd94481aa63d5,Q106
bbq_v,07_01_0018_1_01,07_01_0018_1,Q106,Religion,nonneg,fdbb01855618af6e706ebfd20a4808f37a631f51abda2deea6c8d9722c6db3c9,Q106
bbq_v,07_01_0018_1_02,07_01_0018_1,Q106,Religion,nonneg,5e31a0f1796efa2f3231ead2637a49e848a15a9c474cf75af63fd94481aa63d5,Q106
bbq_v,07_03_0112_2_01,07_03_0112_2,Q6710,Religion,neg,81e997ee2e7436a821fe85db2197ea555a291c1fd724589e74f75eef1ed9d9cf,Q6710
bbq_v,07_03_0112_2_02,07_03_0112_2,Q6710,Religion,neg,b7a6a307d720a547079ad93833e385600b5b204b26f8d6404790fcf9186898a9,Q6710
bbq_v,07_03_0114_1_01,07_03_0114_1,Q6710,Religion,nonneg,81e997ee2e7436a821fe85db2197ea555a291c1fd724589e74f75eef1ed9d9cf,Q6710
bbq_v,07_03_0114_1_02,07_03_0114_1,Q6710,Religion,nonneg,b7a6a307d720a547079ad93833e385600b5b204b26f8d6404790fcf9186898a9,Q6710
bbq_v,07_03_0184_2_01,07_03_0184_2,Q6692,Religion,neg,e1c7fc062fe874841709269438d2ea2aba4ff7f83e1f432645b0d3d9566642ac,Q6692
bbq_v,07_03_0186_1_01,07_03_0186_1,Q6692,Religion,nonneg,e1c7fc062fe874841709269438d2ea2aba4ff7f83e1f432645b0d3d9566642ac,Q6692
bbq_v,07_04_0212_2_01,07_04_0212_2,Q5819,Religion,neg,90197da63c7bec2a03195151b03bf871b1839858ec8fd5bc5b5bcbdfe68eb96a,Q5819
bbq_v,07_04_0212_2_02,07_04_0212_2,Q5819,Religion,neg,a226ad6a61fdeb5ea8d7f2f729f894aa5f96c69324b0bf0436daa263c3927b64,Q5819
bbq_v,07_04_0214_1_01,07_04_0214_1,Q5819,Religion,nonneg,90197da63c7bec2a03195151b03bf871b1839858ec8fd5bc5b5bcbdfe68eb96a,Q5819
bbq_v,07_04_0214_1_02,07_04_0214_1,Q5819,Religion,nonneg,a226ad6a61fdeb5ea8d7f2f729f894aa5f96c69324b0bf0436daa263c3927b64,Q5819
bbq_v,07_04_0232_2_01,07_04_0232_2,Q5821,Religion,neg,fb4f79ad7a153d3021072e55a8c78ae230647273e77c85a961a6c6b149551a94,Q5821
bbq_v,07_04_0232_2_02,07_04_0232_2,Q5821,Religion,neg,2429bc0c134a25a7c2f3b5ef66e98e7f5d9ec0fef15c5077c131b61d3cc9a076,Q5821
bbq_v,07_04_0232_2_03,07_04_0232_2,Q5821,Religion,neg,61d260fc0da8f4e4324a39785506092301a1dcdf141ec3fe454b9722250b7248,Q5821
bbq_v,07_04_0232_2_04,07_04_0232_2,Q5821,Religion,neg,cebebf8852da11c336a2c1b41efc654ef7314499b0fd8fe2f09d3457755787b9,Q5821
bbq_v,07_04_0234_1_01,07_04_0234_1,Q5821,Religion,nonneg,fb4f79ad7a153d3021072e55a8c78ae230647273e77c85a961a6c6b149551a94,Q5821
bbq_v,07_04_0234_1_02,07_04_0234_1,Q5821,Religion,nonneg,2429bc0c134a25a7c2f3b5ef66e98e7f5d9ec0fef15c5077c131b61d3cc9a076,Q5821
bbq_v,07_04_0234_1_03,07_04_0234_1,Q5821,Religion,nonneg,61d260fc0da8f4e4324a39785506092301a1dcdf141ec3fe454b9722250b7248,Q5821
bbq_v,07_04_0234_1_04,07_04_0234_1,Q5821,Religion,nonneg,cebebf8852da11c336a2c1b41efc654ef7314499b0fd8fe2f09d3457755787b9,Q5821
bbq_v,07_05_0244_2_01,07_05_0244_2,Q4901,Religion,neg,a619d4735ae32242167612eb0dd5b45c70d9dd598e24114c3710be9a648d05a1,Q4901
bbq_v,07_05_0246_1_01,07_05_0246_1,Q4901,Religion,nonneg,a619d4735ae32242167612eb0dd5b45c70d9dd598e24114c3710be9a648d05a1,Q4901
bbq_v,07_05_0248_2_01,07_05_0248_2,Q4907,Religion,neg,efa654a19decb5cdb15163b82db4170685317b3d026b23491b5d364c36ee4da7,Q4907
bbq_v,07_05_0248_2_02,07_05_0248_2,Q4907,Religion,neg,241b11525952847a271dfe9eae798330485179ffb0a0e0449583bfcbaf4c207b,Q4907
bbq_v,07_05_0250_1_01,07_05_0250_1,Q4907,Religion,nonneg,efa654a19decb5cdb15163b82db4170685317b3d026b23491b5d364c36ee4da7,Q4907
bbq_v,07_05_0250_1_02,07_05_0250_1,Q4907,Religion,nonneg,241b11525952847a271dfe9eae798330485179ffb0a0e0449583bfcbaf4c207b,Q4907
bbq_v,07_05_0272_2_01,07_05_0272_2,Q4900,Religion,neg,0759f6d581732d47ef4cc707488ed1005859deffb1f7c8f7ec84cf3500b1de60,Q4900
bbq_v,07_05_0272_2_02,07_05_0272_2,Q4900,Religion,neg,42f62dbb3716087dd11f447c3bc1c2d1902d9f7c22db6408633b6d543a03917d,Q4900
bbq_v,07_05_0272_2_03,07_05_0272_2,Q4900,Religion,neg,6775a1920283c30f17a7f217bc782d7ab058ed7fde7b3c3013adf982fc40c263,Q4900
bbq_v,07_05_0274_1_01,07_05_0274_1,Q4900,Religion,nonneg,0759f6d581732d47ef4cc707488ed1005859deffb1f7c8f7ec84cf3500b1de60,Q4900
bbq_v,07_05_0274_1_02,07_05_0274_1,Q4900,Religion,nonneg,42f62dbb3716087dd11f447c3bc1c2d1902d9f7c22db6408633b6d543a03917d,Q4900
bbq_v,07_05_0274_1_03,07_05_0274_1,Q4900,Religion,nonneg,6775a1920283c30f17a7f217bc782d7ab058ed7fde7b3c3013adf982fc40c263,Q4900
bbq_v,07_06_0308_2_01,07_06_0308_2,Q6518,Religion,neg,bed3bb73007b782704a674ac33ec556d3f12403dd20ea929a7c4ac44ac7a8272,Q6518
bbq_v,07_06_0308_2_02,07_06_0308_2,Q6518,Religion,neg,08a007c6fb9dd971c707273aecc62074e2541dd3f9d65f3d088374777094e392,Q6518
bbq_v,07_06_0310_1_01,07_06_0310_1,Q6518,Religion,nonneg,bed3bb73007b782704a674ac33ec556d3f12403dd20ea929a7c4ac44ac7a8272,Q6518
bbq_v,07_06_0310_1_02,07_06_0310_1,Q6518,Religion,nonneg,08a007c6fb9dd971c707273aecc62074e2541dd3f9d65f3d088374777094e392,Q6518
bbq_v,07_07_0328_2_01,07_07_0328_2,Q7595,Religion,neg,e310af0df872d125cf46696a798ee89980ffc450f6490bf7f342551727f1c83f,Q7595
bbq_v,07_07_0328_2_02,07_07_0328_2,Q7595,Religion,neg,24c0c822fa271f6754f4639df072ad2054a90e9ec04d35b22b6a5b10efa8bb80,Q7595
bbq_v,07_07_0330_1_01,07_07_0330_1,Q7595,Religion,nonneg,e310af0df872d125cf46696a798ee89980ffc450f6490bf7f342551727f1c83f,Q7595
bbq_v,07_07_0330_1_02,07_07_0330_1,Q7595,Religion,nonneg,24c0c822fa271f6754f4639df072ad2054a90e9ec04d35b22b6a5b10efa8bb80,Q7595
bbq_v,07_07_0332_2_01,07_07_0332_2,Q7592,Religion,neg,506e10fa7f16a828df845fa5e3fc90292000253aa3a7515b394849b7ee577cc7,Q7592
bbq_v,07_07_0332_2_02,07_07_0332_2,Q7592,Religion,neg,c09ad3517b6c9b52fe8476693e742ce4715f89cfb11c7b11578c482bf3655a5f,Q7592
bbq_v,07_07_0332_2_03,07_07_0332_2,Q7592,Religion,neg,ddffaacba620f979093a688164ec94864d88480a539cf715649eaa716acc7c89,Q7592
bbq_v,07_07_0332_2_04,07_07_0332_2,Q7592,Religion,neg,8ca18e61c386e6943847b0bcdefe55e0d9f154dfbc18a65ded7276b14923e1fa,Q7592
bbq_v,07_07_0332_2_05,07_07_0332_2,Q7592,Religion,neg,0fbf3ce0a836eb5a23aa0e810d76bdbbe07488426b76ee4e8106993c76dd7338,Q7592
bbq_v,07_07_0332_2_06,07_07_0332_2,Q7592,Religion,neg,a07de9de9627156904575f20327884604d7bf9e6cddcb6b33624c5a794f7924d,Q7592
bbq_v,07_07_0332_2_07,07_07_0332_2,Q7592,Religion,neg,4007e245e8cc8aee13818692f45f51e97a2903b16c81c1094af08802d96e6ff2,Q7592
bbq_v,07_07_0334_1_01,07_07_0334_1,Q7592,Religion,nonneg,506e10fa7f16a828df845fa5e3fc90292000253aa3a7515b394849b7ee577cc7,Q7592
bbq_v,07_07_0334_1_02,07_07_0334_1,Q7592,Religion,nonneg,c09ad3517b6c9b52fe8476693e742ce4715f89cfb11c7b11578c482bf3655a5f,Q7592
bbq_v,07_07_0334_1_03,07_07_0334_1,Q7592,Religion,nonneg,ddffaacba620f979093a688164ec94864d88480a539cf715649eaa716acc7c89,Q7592
bbq_v,07_07_0334_1_04,07_07_0334_1,Q7592,Religion,nonneg,8ca18e61c386e6943847b0bcdefe55e0d9f154dfbc18a65ded7276b14923e1fa,Q7592
bbq_v,07_07_0334_1_05,07_07_0334_1,Q7592,Religion,nonneg,0fbf3ce0a836eb5a23aa0e810d76bdbbe07488426b76ee4e8106993c76dd7338,Q7592
bbq_v,07_07_0334_1_06,07_07_0334_1,Q7592,Religion,nonneg,a07de9de9627156904575f20327884604d7bf9e6cddcb6b33624c5a794f7924d,Q7592
bbq_v,07_07_0334_1_07,07_07_0334_1,Q7592,Religion,nonneg,4007e245e8cc8aee13818692f45f51e97a2903b16c81c1094af08802d96e6ff2,Q7592
bbq_v,07_07_0336_2_01,07_07_0336_2,Q7598,Religion,neg,3e283be89db1e52054ca9ca65030b695db7b7e2c801cee862bb2e49dbc167704,Q7598
bbq_v,07_07_0336_2_02,07_07_0336_2,Q7598,Religion,neg,c3f7af9adba8a20fabc2471fb97528672d39dcff7b443bbdb7c3a6c6c41ebc27,Q7598
bbq_v,07_07_0338_1_01,07_07_0338_1,Q7598,Religion,nonneg,3e283be89db1e52054ca9ca65030b695db7b7e2c801cee862bb2e49dbc167704,Q7598
bbq_v,07_07_0338_1_02,07_07_0338_1,Q7598,Religion,nonneg,c3f7af9adba8a20fabc2471fb97528672d39dcff7b443bbdb7c3a6c6c41ebc27,Q7598
bbq_v,07_07_0348_2_01,07_07_0348_2,Q7606,Religion,neg,954b3ab78e68caf43d9ac20d28cd6f2d444c97680e89b7e8358f585ae763bc4a,Q7606
bbq_v,07_07_0348_2_02,07_07_0348_2,Q7606,Religion,neg,d844534435f3ac4d9e0b7127e6451e1119bfb73f250fc9ea777d42bbef479c69,Q7606
bbq_v,07_07_0348_2_03,07_07_0348_2,Q7606,Religion,neg,b7ed5cb04ccd8acd38673284ca061c2de26279c9728d5feef6996f4c31a40a42,Q7606
bbq_v,07_07_0348_2_04,07_07_0348_2,Q7606,Religion,neg,800c47bdd75833714861749f735b9868da78a13eff002cddd4d67b69b0408624,Q7606
bbq_v,07_07_0348_2_05,07_07_0348_2,Q7606,Religion,neg,99e18b1d3a4e0be77814146dc419e57c8ca17e7908cfeb688d10bb705b93e6fc,Q7606
bbq_v,07_07_0348_2_06,07_07_0348_2,Q7606,Religion,neg,d6d7224aebdb00f114166f0f97a71fdd1ce5032b20d2d8e38d3f36e97e4cf185,Q7606
bbq_v,07_07_0350_1_01,07_07_0350_1,Q7606,Religion,nonneg,954b3ab78e68caf43d9ac20d28cd6f2d444c97680e89b7e8358f585ae763bc4a,Q7606
bbq_v,07_07_0350_1_02,07_07_0350_1,Q7606,Religion,nonneg,d844534435f3ac4d9e0b7127e6451e1119bfb73f250fc9ea777d42bbef479c69,Q7606
bbq_v,07_07_0350_1_03,07_07_0350_1,Q7606,Religion,nonneg,b7ed5cb04ccd8acd38673284ca061c2de26279c9728d5feef6996f4c31a40a42,Q7606
bbq_v,07_07_0350_1_04,07_07_0350_1,Q7606,Religion,nonneg,800c47bdd75833714861749f735b9868da78a13eff002cddd4d67b69b0408624,Q7606
bbq_v,07_07_0350_1_05,07_07_0350_1,Q7606,Religion,nonneg,99e18b1d3a4e0be77814146dc419e57c8ca17e7908cfeb688d10bb705b93e6fc,Q7606
bbq_v,07_07_0350_1_06,07_07_0350_1,Q7606,Religion,nonneg,d6d7224aebdb00f114166f0f97a71fdd1ce5032b20d2d8e38d3f36e97e4cf185,Q7606
bbq_v,07_07_0364_2_01,07_07_0364_2,Q7609,Religion,neg,3369155e8b2547287502996f9567064678e5892f097fdcedb7114f541857de96,Q7609
bbq_v,07_07_0364_2_02,07_07_0364_2,Q7609,Religion,neg,c37803ea4b059d1709992f467fa349e6028af826af884bf9b8606a4b105e4176,Q7609
bbq_v,07_07_0364_2_03,07_07_0364_2,Q7609,Religion,neg,ab709bdaa41afac76df2971cd1d721107124bfee60caf2123ac3e700132747cb,Q7609
bbq_v,07_07_0364_2_04,07_07_0364_2,Q7609,Religion,neg,75d257e084ae7db419496107983e54e6f9b9b92147e76715513793224dfdd132,Q7609
bbq_v,07_07_0364_2_05,07_07_0364_2,Q7609,Religion,neg,e6a074745bf285e5ac694e5c15aad09c48b2e64adb360c9e0a7c06f3e26fdd62,Q7609
bbq_v,07_07_0366_1_01,07_07_0366_1,Q7609,Religion,nonneg,3369155e8b2547287502996f9567064678e5892f097fdcedb7114f541857de96,Q7609
bbq_v,07_07_0366_1_02,07_07_0366_1,Q7609,Religion,nonneg,c37803ea4b059d1709992f467fa349e6028af826af884bf9b8606a4b105e4176,Q7609
bbq_v,07_07_0366_1_03,07_07_0366_1,Q7609,Religion,nonneg,ab709bdaa41afac76df2971cd1d721107124bfee60caf2123ac3e700132747cb,Q7609
bbq_v,07_07_0366_1_04,07_07_0366_1,Q7609,Religion,nonneg,75d257e084ae7db419496107983e54e6f9b9b92147e76715513793224dfdd132,Q7609
bbq_v,07_07_0366_1_05,07_07_0366_1,Q7609,Religion,nonneg,e6a074745bf285e5ac694e5c15aad09c48b2e64adb360c9e0a7c06f3e26fdd62,Q7609
bbq_v,07_07_0392_2_01,07_07_0392_2,Q7602,Religion,neg,94fdbeee16ce8e3ce4fa3388f4092feb8a689dc203d14b264541b3b9a81b5727,Q7602
bbq_v,07_07_0392_2_02,07_07_0392_2,Q7602,Religion,neg,d6fa6e17550c36c15cd7b03715875ee1f45f4e0ca6520e33506bf9363da2006c,Q7602
bbq_v,07_07_0394_1_01,07_07_0394_1,Q7602,Religion,nonneg,94fdbeee16ce8e3ce4fa3388f4092feb8a689dc203d14b264541b3b9a81b5727,Q7602
bbq_v,07_07_0394_1_02,07_07_0394_1,Q7602,Religion,nonneg,d6fa6e17550c36c15cd7b03715875ee1f45f4e0ca6520e33506bf9363da2006c,Q7602
bbq_v,07_08_0420_2_01,07_08_0420_2,Q1262,Religion,neg,a2190a00f6863a7738aa92e66d939c8186ca99942aed0f216b606e63968bf0ae,Q1262
bbq_v,07_08_0420_2_02,07_08_0420_2,Q1262,Religion,neg,e24251989178e9fba4558e8bc66ffa3e06f8bee814a4f744d82957b21180cde4,Q1262
bbq_v,07_08_0422_1_01,07_08_0422_1,Q1262,Religion,nonneg,a2190a00f6863a7738aa92e66d939c8186ca99942aed0f216b606e63968bf0ae,Q1262
bbq_v,07_08_0422_1_02,07_08_0422_1,Q1262,Religion,nonneg,e24251989178e9fba4558e8bc66ffa3e06f8bee814a4f744d82957b21180cde4,Q1262
bbq_v,07_09_0448_2_01,07_09_0448_2,Q3822,Religion,neg,352865c5cedadc08a20567eea880e04f03cfb53a26b8ae2e9250e5d47a47002f,Q3822
bbq_v,07_09_0450_1_01,07_09_0450_1,Q3822,Religion,nonneg,352865c5cedadc08a20567eea880e04f03cfb53a26b8ae2e9250e5d47a47002f,Q3822
bbq_v,07_09_0460_2_01,07_09_0460_2,Q3827,Religion,neg,39b05ae2ca3e1099599947f3f105abeaca1a2f33c80ff8257302aaa77a5a8d55,Q3827
bbq_v,07_09_0462_1_01,07_09_0462_1,Q3827,Religion,nonneg,39b05ae2ca3e1099599947f3f105abeaca1a2f33c80ff8257302aaa77a5a8d55,Q3827
bbq_v,07_09_0476_2_01,07_09_0476_2,Q3828,Religion,neg,c6837ebf68c761e2cd1c37f84a02a6cdb5dd713d2735602c10127ef7cd397247,Q3828
bbq_v,07_09_0478_1_01,07_09_0478_1,Q3828,Religion,nonneg,c6837ebf68c761e2cd1c37f84a02a6cdb5dd713d2735602c10127ef7cd397247,Q3828
bbq_v,07_10_0496_2_01,07_10_0496_2,Q2594,Religion,neg,321e31102187a5897cbc8fd49f4f6380e552a90a07b93f3d6be4072a1f241c8a,Q2594
bbq_v,07_10_0496_2_02,07_10_0496_2,Q2594,Religion,neg,14c681433feeb2563ecd8b12c48861966fed58965d99a8cd1e3624fd5dcb8d0e,Q2594
bbq_v,07_10_0498_1_01,07_10_0498_1,Q2594,Religion,nonneg,321e31102187a5897cbc8fd49f4f6380e552a90a07b93f3d6be4072a1f241c8a,Q2594
bbq_v,07_10_0498_1_02,07_10_0498_1,Q2594,Religion,nonneg,14c681433feeb2563ecd8b12c48861966fed58965d99a8cd1e3624fd5dcb8d0e,Q2594
bbq_v,07_10_0500_2_01,07_10_0500_2,Q2598,Religion,neg,5e88f60e765e52e9a1284ecebfeb5fcd48abd5573196b95ba3fc5e979ed02274,Q2598
bbq_v,07_10_0502_1_01,07_10_0502_1,Q2598,Religion,nonneg,5e88f60e765e52e9a1284ecebfeb5fcd48abd5573196b95ba3fc5e979ed02274,Q2598
bbq_v,07_10_0504_2_01,07_10_0504_2,Q2591,Religion,neg,be47094677a8441ad93f4dc09cab582b1752e24b544eb91948b6fff9683ee122,Q2591
bbq_v,07_10_0504_2_02,07_10_0504_2,Q2591,Religion,neg,cfd169cfa9da696c86afa63f813487252b550c5dd9ede4d55b74dae2d8ecee7f,Q2591
bbq_v,07_10_0504_2_03,07_10_0504_2,Q2591,Religion,neg,ef2bb61856a9c0a0918396956fbb7729aa1c304c82d6664a747d016e975cc382,Q2591
bbq_v,07_10_0504_2_04,07_10_0504_2,Q2591,Religion,neg,af74647758f78ec65570bb1942b333985ab198461841b12381115df6d51eb9b2,Q2591
bbq_v,07_10_0504_2_05,07_10_0504_2,Q2591,Religion,neg,b3d35d171ef4ef6ea5e580d78f48538af86cf95a182432b5feff20530bcc0129,Q2591
bbq_v,07_10_0504_2_06,07_10_0504_2,Q2591,Religion,neg,1d184843d20498554be3c386c9968332658d63c3397ea453fe357d5cb12a9cf9,Q2591
bbq_v,07_10_0504_2_07,07_10_0504_2,Q2591,Religion,neg,a66ff555e5582a46d4d76d89b1f5c2d8c6f1444ca5b441f38fb815bffb7be3a2,Q2591
bbq_v,07_10_0504_2_08,07_10_0504_2,Q2591,Religion,neg,ec39dd5f8c59843c92770bc9821e07c9ffafd4f7f9e6f9aceb90dbc984e528bd,Q2591
bbq_v,07_10_0504_2_09,07_10_0504_2,Q2591,Religion,neg,4fa1dbe85b88640e0b288ac6c817434f7e26cab966b2a6c0e126e3a960b607d4,Q2591
bbq_v,07_10_0504_2_10,07_10_0504_2,Q2591,Religion,neg,c869f43c9aaf0505898e3e929f7dc48e0b6ff5285fc297a88c6b5fd0b00e83b2,Q2591
bbq_v,07_10_0504_2_11,07_10_0504_2,Q2591,Religion,neg,7f6c34072dc412b57a59e8fb5ee55235ce74ae422c03146f25e286876291e6bb,Q2591
bbq_v,07_10_0504_2_13,07_10_0504_2,Q2591,Religion,neg,696539cbd6cbb1eb419c102f4e8507461bbb74e9a26ea5e82d4563a92b7fc1fb,Q2591
bbq_v,07_10_0506_1_01,07_10_0506_1,Q2591,Religion,nonneg,be47094677a8441ad93f4dc09cab582b1752e24b544eb91948b6fff9683ee122,Q2591
bbq_v,07_10_0506_1_02,07_10_0506_1,Q2591,Religion,nonneg,cfd169cfa9da696c86afa63f813487252b550c5dd9ede4d55b74dae2d8ecee7f,Q2591
bbq_v,07_10_0506_1_03,07_10_0506_1,Q2591,Religion,nonneg,ef2bb61856a9c0a0918396956fbb7729aa1c304c82d6664a747d016e975cc382,Q2591
bbq_v,07_10_0506_1_04,07_10_0506_1,Q2591,Religion,nonneg,af74647758f78ec65570bb1942b333985ab198461841b12381115df6d51eb9b2,Q2591
bbq_v,07_10_0506_1_05,07_10_0506_1,Q2591,Religion,nonneg,b3d35d171ef4ef6ea5e580d78f48538af86cf95a182432b5feff20530bcc0129,Q2591
bbq_v,07_10_0506_1_06,07_10_0506_1,Q2591,Religion,nonneg,1d184843d20498554be3c386c9968332658d63c3397ea453fe357d5cb12a9cf9,Q2591
bbq_v,07_10_0506_1_07,07_10_0506_1,Q2591,Religion,nonneg,a66ff555e5582a46d4d76d89b1f5c2d8c6f1444ca5b441f38fb815bffb7be3a2,Q2591
bbq_v,07_10_0506_1_08,07_10_0506_1,Q2591,Religion,nonneg,ec39dd5f8c59843c92770bc9821e07c9ffafd4f7f9e6f9aceb90dbc984e528bd,Q2591
bbq_v,07_10_0506_1_09,07_10_0506_1,Q2591,Religion,nonneg,4fa1dbe85b88640e0b288ac6c817434f7e26cab966b2a6c0e126e3a960b607d4,Q2591
bbq_v,07_10_0506_1_10,07_10_0506_1,Q2591,Religion,nonneg,c869f43c9aaf0505898e3e929f7dc48e0b6ff5285fc297a88c6b5fd0b00e83b2,Q2591
bbq_v,07_10_0506_1_11,07_10_0506_1,Q2591,Religion,nonneg,7f6c34072dc412b57a59e8fb5ee55235ce74ae422c03146f25e286876291e6bb,Q2591
bbq_v,07_10_0506_1_13,07_10_0506_1,Q2591,Religion,nonneg,696539cbd6cbb1eb419c102f4e8507461bbb74e9a26ea5e82d4563a92b7fc1fb,Q2591
bbq_v,07_10_0512_2_01,07_10_0512_2,Q2590,Religion,neg,59418bf397f9c53f0bc26111c1b885402cfbc6e9ca86013548a92af40d6fb334,Q2590
bbq_v,07_10_0514_1_01,07_10_0514_1,Q2590,Religion,nonneg,59418bf397f9c53f0bc26111c1b885402cfbc6e9ca86013548a92af40d6fb334,Q2590
bbq_v,07_11_0544_2_01,07_11_0544_2,Q1437,Religion,neg,672eeaa91ab8ac3cf682f0a5d0ad115454a502fa519725900689d1c31519da40,Q1437
bbq_v,07_11_0546_1_01,07_11_0546_1,Q1437,Religion,nonneg,672eeaa91ab8ac3cf682f0a5d0ad115454a502fa519725900689d1c31519da40,Q1437
bbq_v,07_12_0592_2_01,07_12_0592_2,Q1178,Religion,neg,ed54b39125fbf6c95571c2009fb24a9d90bbeaff91b140a3dfad55e3e698ee56,Q1178
bbq_v,07_12_0594_1_01,07_12_0594_1,Q1178,Religion,nonneg,ed54b39125fbf6c95571c2009fb24a9d90bbeaff91b140a3dfad55e3e698ee56,Q1178
bbq_v,07_13_0608_2_01,07_13_0608_2,Q7216,Religion,neg,6bd3ba99e74c871ba1d461c968f7765d01eef4c00a8908c805c55850aa3dce8f,Q7216
bbq_v,07_13_0608_2_02,07_13_0608_2,Q7216,Religion,neg,b3f19b12f84d8ba7ebad225fff6662265feecf460cd98fae7fa35449d60622d9,Q7216
bbq_v,07_13_0608_2_03,07_13_0608_2,Q7216,Religion,neg,6f71cd992a0ae5e053539da559c8ebb23d590d53ef2d545a737696cbafe5dc60,Q7216
bbq_v,07_13_0608_2_04,07_13_0608_2,Q7216,Religion,neg,3234e1a096c12d7b07c36b3fff33767860b38fd088905c637d3d6ddf0c135bfe,Q7216
bbq_v,07_13_0608_2_05,07_13_0608_2,Q7216,Religion,neg,cc4a055cd79bb5a2632c509c3a9eb5059f44cd349b6d9a0bec47b3cb0d9f9448,Q7216
bbq_v,07_13_0608_2_06,07_13_0608_2,Q7216,Religion,neg,3098dfa76d08bd8ff49cbbba31d15645d458ea6a71459b4f47a391ac2f4a4afe,Q7216
bbq_v,07_13_0608_2_07,07_13_0608_2,Q7216,Religion,neg,4ba86d8c1bfa2c79bbed83fe3c6c5a29feeaf74da1ac46888f7548ec46ffc362,Q7216
bbq_v,07_13_0610_1_01,07_13_0610_1,Q7216,Religion,nonneg,6bd3ba99e74c871ba1d461c968f7765d01eef4c00a8908c805c55850aa3dce8f,Q7216
bbq_v,07_13_0610_1_02,07_13_0610_1,Q7216,Religion,nonneg,b3f19b12f84d8ba7ebad225fff6662265feecf460cd98fae7fa35449d60622d9,Q7216
bbq_v,07_13_0610_1_03,07_13_0610_1,Q7216,Religion,nonneg,6f71cd992a0ae5e053539da559c8ebb23d590d53ef2d545a737696cbafe5dc60,Q7216
bbq_v,07_13_0610_1_04,07_13_0610_1,Q7216,Religion,nonneg,3234e1a096c12d7b07c36b3fff33767860b38fd088905c637d3d6ddf0c135bfe,Q7216
bbq_v,07_13_0610_1_05,07_13_0610_1,Q7216,Religion,nonneg,cc4a055cd79bb5a2632c509c3a9eb5059f44cd349b6d9a0bec47b3cb0d9f9448,Q7216
bbq_v,07_13_0610_1_06,07_13_0610_1,Q7216,Religion,nonneg,3098dfa76d08bd8ff49cbbba31d15645d458ea6a71459b4f47a391ac2f4a4afe,Q7216
bbq_v,07_13_0610_1_07,07_13_0610_1,Q7216,Religion,nonneg,4ba86d8c1bfa2c79bbed83fe3c6c5a29feeaf74da1ac46888f7548ec46ffc362,Q7216
bbq_v,07_14_0640_2_01,07_14_0640_2,Q1190,Religion,neg,cc013a401f8c2e5091b6011374f39d56a3c404da5060cb797e574dff2a26233d,Q1190
bbq_v,07_14_0640_2_02,07_14_0640_2,Q1190,Religion,neg,e454e5652a35ce45fe1860cd4c793114f0be907ea3b493cc58ee4d47fe50acde,Q1190
bbq_v,07_14_0640_2_03,07_14_0640_2,Q1190,Religion,neg,a5063929228f13194278228129289d4c9374bbe3be47486350b06a784e28df67,Q1190
bbq_v,07_14_0642_1_01,07_14_0642_1,Q1190,Religion,nonneg,cc013a401f8c2e5091b6011374f39d56a3c404da5060cb797e574dff2a26233d,Q1190
bbq_v,07_14_0642_1_02,07_14_0642_1,Q1190,Religion,nonneg,e454e5652a35ce45fe1860cd4c793114f0be907ea3b493cc58ee4d47fe50acde,Q1190
bbq_v,07_14_0642_1_03,07_14_0642_1,Q1190,Religion,nonneg,a5063929228f13194278228129289d4c9374bbe3be47486350b06a784e28df67,Q1190
bbq_v,07_14_0656_2_01,07_14_0656_2,Q1191,Religion,neg,d4469d3800d734563ced9d050e623d05a04b1d4d61efbb4e3f5fbed815531486,Q1191
bbq_v,07_14_0658_1_01,07_14_0658_1,Q1191,Religion,nonneg,d4469d3800d734563ced9d050e623d05a04b1d4d61efbb4e3f5fbed815531486,Q1191
bbq_v,07_15_0684_2_02,07_15_0684_2,Q3284,Religion,neg,16b86689d09a218cbc5482556be01f66a4e0d7000f22b2cc3a117f9c888dfef8,Q3284
bbq_v,07_15_0684_2_03,07_15_0684_2,Q3284,Religion,neg,191819d9e6bf14fc2f01c476da40c17748c69881cad557342935516e5e0feaa0,Q3284
bbq_v,07_15_0684_2_05,07_15_0684_2,Q3284,Religion,neg,73d6e4ee7ff91824ecf39cb98c5e14a6b5d927a33c1e9704b8aaf7871ec57e21,Q3284
bbq_v,07_15_0684_2_06,07_15_0684_2,Q3284,Religion,neg,8eeb11f59074fef3b2053c605eb28b6607c1df809e473c21911f5e62c62e6363,Q3284
bbq_v,07_15_0686_1_02,07_15_0686_1,Q3284,Religion,nonneg,16b86689d09a218cbc5482556be01f66a4e0d7000f22b2cc3a117f9c888dfef8,Q3284
bbq_v,07_15_0686_1_03,07_15_0686_1,Q3284,Religion,nonneg,191819d9e6bf14fc2f01c476da40c17748c69881cad557342935516e5e0feaa0,Q3284
bbq_v,07_15_0686_1_05,07_15_0686_1,Q3284,Religion,nonneg,73d6e4ee7ff91824ecf39cb98c5e14a6b5d927a33c1e9704b8aaf7871ec57e21,Q3284
bbq_v,07_15_0686_1_06,07_15_0686_1,Q3284,Religion,nonneg,8eeb11f59074fef3b2053c605eb28b6607c1df809e473c21911f5e62c62e6363,Q3284
bbq_v,07_15_0704_2_01,07_15_0704_2,Q3290,Religion,neg,c968029ab5ef1755a4d4d607662cf054b58927dc5cefd927353fbbf621d956aa,Q3290
bbq_v,07_15_0704_2_02,07_15_0704_2,Q3290,Religion,neg,8145ff93137955c6d0bbf0153896699d83381461e7c95a05ec1104955a73a922,Q3290
bbq_v,07_15_0706_1_01,07_15_0706_1,Q3290,Religion,nonneg,c968029ab5ef1755a4d4d607662cf054b58927dc5cefd927353fbbf621d956aa,Q3290
bbq_v,07_15_0706_1_02,07_15_0706_1,Q3290,Religion,nonneg,8145ff93137955c6d0bbf0153896699d83381461e7c95a05ec1104955a73a922,Q3290
bbq_v,07_15_0712_2_01,07_15_0712_2,Q3292,Religion,neg,e00ed8c9e7c2109eb2181051ee61e25cf9acd545643b22dc65cf672fac71f151,Q3292
bbq_v,07_15_0714_1_01,07_15_0714_1,Q3292,Religion,nonneg,e00ed8c9e7c2109eb2181051ee61e25cf9acd545643b22dc65cf672fac71f151,Q3292
bbq_v,07_16_0720_2_01,07_16_0720_2,Q4335,Religion,neg,c5da1ef34f24736a82ed01d725089c39ad46c3e51f9a4ee4ad67d8eea4a9069b,Q4335
bbq_v,07_16_0722_1_01,07_16_0722_1,Q4335,Religion,nonneg,c5da1ef34f24736a82ed01d725089c39ad46c3e51f9a4ee4ad67d8eea4a9069b,Q4335
bbq_v,07_16_0756_2_01,07_16_0756_2,Q4392,Religion,neg,60b947a4b75703c34b77c311e8f7d0055d3bd7cf7da13289cd9bb3e157b4e7e4,Q4392
bbq_v,07_16_0758_1_01,07_16_0758_1,Q4392,Religion,nonneg,60b947a4b75703c34b77c311e8f7d0055d3bd7cf7da13289cd9bb3e157b4e7e4,Q4392
bbq_v,07_18_0816_2_01,07_18_0816_2,Q7157,Religion,neg,99f05835d225674ea830be77a7c5d368d2464b2aed9ce6abb5abc96a2937ef4c,Q7157
bbq_v,07_18_0818_1_01,07_18_0818_1,Q7157,Religion,nonneg,99f05835d225674ea830be77a7c5d368d2464b2aed9ce6abb5abc96a2937ef4c,Q7157
bbq_v,07_19_0844_2_01,07_19_0844_2,Q6251,Religion,neg,f947e07719943a0d0cfb1cf36b6717a91214bffc2829ace3ed3f7ecf654a746c,Q6251
bbq_v,07_19_0846_1_01,07_19_0846_1,Q6251,Religion,nonneg,f947e07719943a0d0cfb1cf36b6717a91214bffc2829ace3ed3f7ecf654a746c,Q6251
bbq_v,07_19_0924_2_01,07_19_0924_2,Q6273,Religion,neg,1ea8e387ad338ecb91c38b3ecfb314001c7d44f9edd2e3098b43dc38c5a9b0fe,Q6273
bbq_v,07_19_0926_1_01,07_19_0926_1,Q6273,Religion,nonneg,1ea8e387ad338ecb91c38b3ecfb314001c7d44f9edd2e3098b43dc38c5a9b0fe,Q6273
bbq_v,07_19_0936_2_01,07_19_0936_2,Q6245,Religion,neg,1de088a741391586b0264c96ae62242c5b5b2778ade8c2042f2a623591198ea8,Q6245
bbq_v,07_19_0938_1_01,07_19_0938_1,Q6245,Religion,nonneg,1de088a741391586b0264c96ae62242c5b5b2778ade8c2042f2a623591198ea8,Q6245
bbq_v,07_19_0940_2_01,07_19_0940_2,Q6280,Religion,neg,ce633e1ec56a84615df1a41eb3c405b47b0a889ca79a6d03d80c541eca3e98d4,Q6280
bbq_v,07_19_0942_1_01,07_19_0942_1,Q6280,Religion,nonneg,ce633e1ec56a84615df1a41eb3c405b47b0a889ca79a6d03d80c541eca3e98d4,Q6280
bbq_v,07_19_0944_2_01,07_19_0944_2,Q6243,Religion,neg,54105f9d12db681ca058297e15c0661bb649c33ce4fce9ded2fddb4b9277a7bb,Q6243
bbq_v,07_19_0946_1_01,07_19_0946_1,Q6243,Religion,nonneg,54105f9d12db681ca058297e15c0661bb649c33ce4fce9ded2fddb4b9277a7bb,Q6243
bbq_v,07_19_0948_2_01,07_19_0948_2,Q6271,Religion,neg,65b09a5b584893f29c2156056be101983669ad7314bc273d10c39ea06dea29e4,Q6271
bbq_v,07_19_0950_1_01,07_19_0950_1,Q6271,Religion,nonneg,65b09a5b584893f29c2156056be101983669ad7314bc273d10c39ea06dea29e4,Q6271
bbq_v,07_19_0952_2_01,07_19_0952_2,Q6242,Religion,neg,50dad1e7c4521acaaa70dc612330496513ee6521fb85a6363f59faa24add1f74,Q6242
bbq_v,07_19_0954_1_01,07_19_0954_1,Q6242,Religion,nonneg,50dad1e7c4521acaaa70dc612330496513ee6521fb85a6363f59faa24add1f74,Q6242
bbq_v,07_20_0964_2_01,07_20_0964_2,Q1267,Religion,neg,1104c0ead8bb64a09f0e5775a80d959a1bf8deef602460e8bd45cf2e9fb8c98d,Q1267
bbq_v,07_20_0966_1_01,07_20_0966_1,Q1267,Religion,nonneg,1104c0ead8bb64a09f0e5775a80d959a1bf8deef602460e8bd45cf2e9fb8c98d,Q1267
bbq_v,07_20_0980_2_01,07_20_0980_2,Q1264,Religion,neg,b7ba74117fc1a1688230a265e394cf0650935dbddfcba1b5c3cf69ca4fd9a0fa,Q1264
bbq_v,07_20_0980_2_02,07_20_0980_2,Q1264,Religion,neg,90cf1bf89c03d49c517148ae7b5c93786053679845cbda774234ba281f49337f,Q1264
bbq_v,07_20_0982_1_01,07_20_0982_1,Q1264,Religion,nonneg,b7ba74117fc1a1688230a265e394cf0650935dbddfcba1b5c3cf69ca4fd9a0fa,Q1264
bbq_v,07_20_0982_1_02,07_20_0982_1,Q1264,Religion,nonneg,90cf1bf89c03d49c517148ae7b5c93786053679845cbda774234ba281f49337f,Q1264
bbq_v,07_20_0992_2_01,07_20_0992_2,Q1270,Religion,neg,d64efe3395dbd6445783e161023acfcc38355ac70edd1dc0ead6ddd18b8a906b,Q1270
bbq_v,07_20_0994_1_01,07_20_0994_1,Q1270,Religion,nonneg,d64efe3395dbd6445783e161023acfcc38355ac70edd1dc0ead6ddd18b8a906b,Q1270
bbq_v,07_22_1072_2_01,07_22_1072_2,Q2779,Religion,neg,d839b1840149725b258ae8cd9b66c35cac4d7b75b00808ed0797b1b0db5b9061,Q2779
bbq_v,07_22_1072_2_03,07_22_1072_2,Q2779,Religion,neg,89fbec3c53b019c6628a9d8974509899a091a7772e23f2f3a5d107639d006ef2,Q2779
bbq_v,07_22_1074_1_01,07_22_1074_1,Q2779,Religion,nonneg,d839b1840149725b258ae8cd9b66c35cac4d7b75b00808ed0797b1b0db5b9061,Q2779
bbq_v,07_22_1074_1_03,07_22_1074_1,Q2779,Religion,nonneg,89fbec3c53b019c6628a9d8974509899a091a7772e23f2f3a5d107639d006ef2,Q2779
bbq_v,07_23_1088_2_01,07_23_1088_2,Q2785,Religion,neg,c079471a5ac376d936b43e85291c75739b6b8e92d74bb7fd5eeece6e46f26e56,Q2785
bbq_v,07_23_1090_1_01,07_23_1090_1,Q2785,Religion,nonneg,c079471a5ac376d936b43e85291c75739b6b8e92d74bb7fd5eeece6e46f26e56,Q2785
bbq_v,07_23_1100_2_01,07_23_1100_2,Q2792,Religion,neg,cefa5f4970a5566a55ded30bad013d3f3947c2e8c487be47c8f4b97bfccdc4a1,Q2792
bbq_v,07_23_1102_1_01,07_23_1102_1,Q2792,Religion,nonneg,cefa5f4970a5566a55ded30bad013d3f3947c2e8c487be47c8f4b97bfccdc4a1,Q2792
bbq_v,07_23_1108_2_01,07_23_1108_2,Q2793,Religion,neg,a6e9ae0875eab40d2be8bc3115762eeba2dae04c0259acf93cc9ea07d17e6a35,Q2793
bbq_v,07_23_1108_2_02,07_23_1108_2,Q2793,Religion,neg,1831560893468cde1b6ba5ae459e87293171f8febd3333a0905a7bf5824ed5ca,Q2793
bbq_v,07_23_1108_2_03,07_23_1108_2,Q2793,Religion,neg,2fc32c4299eec2f643b4aa2ff9602f24cf52d566864e6e8d2b091b58bc3da753,Q2793
bbq_v,07_23_1110_1_01,07_23_1110_1,Q2793,Religion,nonneg,a6e9ae0875eab40d2be8bc3115762eeba2dae04c0259acf93cc9ea07d17e6a35,Q2793
bbq_v,07_23_1110_1_02,07_23_1110_1,Q2793,Religion,nonneg,1831560893468cde1b6ba5ae459e87293171f8febd3333a0905a7bf5824ed5ca,Q2793
bbq_v,07_23_1110_1_03,07_23_1110_1,Q2793,Religion,nonneg,2fc32c4299eec2f643b4aa2ff9602f24cf52d566864e6e8d2b091b58bc3da753,Q2793
bbq_v,07_24_1120_2_01,07_24_1120_2,Q6255,Religion,neg,4656e0fb2f884398fdf9e3850df9e1fbbb2be62795ff00f7ad6a74a0b57f00bf,Q6255
bbq_v,07_24_1122_1_01,07_24_1122_1,Q6255,Religion,nonneg,4656e0fb2f884398fdf9e3850df9e1fbbb2be62795ff00f7ad6a74a0b57f00bf,Q6255
bbq_v,07_24_1136_2_01,07_24_1136_2,Q6252,Religion,neg,9996dd3987ce53919d29549a2ddc456adc78d90617fcf230a6acdf0106e37838,Q6252
bbq_v,07_24_1136_2_02,07_24_1136_2,Q6252,Religion,neg,0a621cd34704d6258404aa16de3fe887f485906f63f5eaf4ae86ed7c6124db5c,Q6252
bbq_v,07_24_1138_1_01,07_24_1138_1,Q6252,Religion,nonneg,9996dd3987ce53919d29549a2ddc456adc78d90617fcf230a6acdf0106e37838,Q6252
bbq_v,07_24_1138_1_02,07_24_1138_1,Q6252,Religion,nonneg,0a621cd34704d6258404aa16de3fe887f485906f63f5eaf4ae86ed7c6124db5c,Q6252
bbq_v,08_01_0008_2_01,08_01_0008_2,Q6475,SES,neg,2aa5e59c5ddd1ce7ff74baeb1358bf933f12fb743610b5cd633e3efc4f90b200,Q6475
bbq_v,08_01_0008_2_02,08_01_0008_2,Q6475,SES,neg,351536a15915b51fa8c00af0fbef97842640b15dda4d75fa15b8f74ac5c9380b,Q6475
bbq_v,08_01_0008_2_03,08_01_0008_2,Q6475,SES,neg,8596f925f09e449a0ada69bc91200730659f3d470aa06caa4459f260ce181e06,Q6475
bbq_v,08_01_0010_1_01,08_01_0010_1,Q6475,SES,nonneg,2aa5e59c5ddd1ce7ff74baeb1358bf933f12fb743610b5cd633e3efc4f90b200,Q6475
bbq_v,08_01_0010_1_02,08_01_0010_1,Q6475,SES,nonneg,351536a15915b51fa8c00af0fbef97842640b15dda4d75fa15b8f74ac5c9380b,Q6475
bbq_v,08_01_0010_1_03,08_01_0010_1,Q6475,SES,nonneg,8596f925f09e449a0ada69bc91200730659f3d470aa06caa4459f260ce181e06,Q6475
bbq_v,08_04_0396_2_01,08_04_0396_2,Q4785,SES,neg,5390e6b44f34b4176e1584e8c5a4d9ae3ac36806f4e7b6a6c63860d6f8a465d5,Q4785
bbq_v,08_04_0396_2_02,08_04_0396_2,Q4785,SES,neg,aa277e470e81b66978c63f8bce1a93844706fc6d8008bc7479057855b8834642,Q4785
bbq_v,08_04_0396_2_03,08_04_0396_2,Q4785,SES,neg,427a1ef869f7578dfdb799efe86509366213b876e07dcb1594aa9cbdf8970cc7,Q4785
bbq_v,08_04_0398_1_01,08_04_0398_1,Q4785,SES,nonneg,5390e6b44f34b4176e1584e8c5a4d9ae3ac36806f4e7b6a6c63860d6f8a465d5,Q4785
bbq_v,08_04_0398_1_02,08_04_0398_1,Q4785,SES,nonneg,aa277e470e81b66978c63f8bce1a93844706fc6d8008bc7479057855b8834642,Q4785
bbq_v,08_04_0398_1_03,08_04_0398_1,Q4785,SES,nonneg,427a1ef869f7578dfdb799efe86509366213b876e07dcb1594aa9cbdf8970cc7,Q4785
bbq_v,08_04_0400_2_01,08_04_0400_2,Q4815,SES,neg,5a87c578228d84a78cc924adabbe9561c5fdbeef45c401fbf4d852ec4e4ff870,Q4815
bbq_v,08_04_0400_2_02,08_04_0400_2,Q4815,SES,neg,c17a7d842352b0e929a3618b1904fcb17fc6fe95e9c16322e9f3a17ad642ae5e,Q4815
bbq_v,08_04_0400_2_03,08_04_0400_2,Q4815,SES,neg,e83dc2c0fe78964d8975c2f5b902d328c5fbb5aff1e05c4f988529fbba3db8ad,Q4815
bbq_v,08_04_0402_1_01,08_04_0402_1,Q4815,SES,nonneg,5a87c578228d84a78cc924adabbe9561c5fdbeef45c401fbf4d852ec4e4ff870,Q4815
bbq_v,08_04_0402_1_02,08_04_0402_1,Q4815,SES,nonneg,c17a7d842352b0e929a3618b1904fcb17fc6fe95e9c16322e9f3a17ad642ae5e,Q4815
bbq_v,08_04_0402_1_03,08_04_0402_1,Q4815,SES,nonneg,e83dc2c0fe78964d8975c2f5b902d328c5fbb5aff1e05c4f988529fbba3db8ad,Q4815
bbq_v,08_05_0712_2_01,08_05_0712_2,Q7002,SES,neg,37e26909bba16e59124435b4c389d2fa61836bf6ab921f3f0af8c9c77c5c9549,Q7002
bbq_v,08_05_0712_2_02,08_05_0712_2,Q7002,SES,neg,0b2061ab436eed4a5aca1738f55b63bbc6709692e80734d10163d1b44f6839d5,Q7002
bbq_v,08_05_0712_2_03,08_05_0712_2,Q7002,SES,neg,16119ea0e942fbba69a9199455c63c198db7383cf11c6617af0fc310e8b4d907,Q7002
bbq_v,08_05_0714_1_01,08_05_0714_1,Q7002,SES,nonneg,37e26909bba16e59124435b4c389d2fa61836bf6ab921f3f0af8c9c77c5c9549,Q7002
bbq_v,08_05_0714_1_02,08_05_0714_1,Q7002,SES,nonneg,0b2061ab436eed4a5aca1738f55b63bbc6709692e80734d10163d1b44f6839d5,Q7002
bbq_v,08_05_0714_1_03,08_05_0714_1,Q7002,SES,nonneg,16119ea0e942fbba69a9199455c63c198db7383cf11c6617af0fc310e8b4d907,Q7002
bbq_v,08_05_0784_2_01,08_05_0784_2,Q6976,SES,neg,28a3c4f29030f993283af003b54b4d8991e339a22f194b3455fbc2fff722b0f0,Q6976
bbq_v,08_05_0784_2_02,08_05_0784_2,Q6976,SES,neg,dfe2381e4a0515b34be4fb91a8ce39f03b762d8ba588b21a1783f774161ce687,Q6976
bbq_v,08_05_0784_2_03,08_05_0784_2,Q6976,SES,neg,acddb5a73dc65dc52b4d9a66892f268d8b62149f77553eb89a726b78bf34d63a,Q6976
bbq_v,08_05_0786_1_01,08_05_0786_1,Q6976,SES,nonneg,28a3c4f29030f993283af003b54b4d8991e339a22f194b3455fbc2fff722b0f0,Q6976
bbq_v,08_05_0786_1_02,08_05_0786_1,Q6976,SES,nonneg,dfe2381e4a0515b34be4fb91a8ce39f03b762d8ba588b21a1783f774161ce687,Q6976
bbq_v,08_05_0786_1_03,08_05_0786_1,Q6976,SES,nonneg,acddb5a73dc65dc52b4d9a66892f268d8b62149f77553eb89a726b78bf34d63a,Q6976
bbq_v,08_05_1020_2_01,08_05_1020_2,Q6904,SES,neg,d2fff8c8f22fbaeabd073d82e98d2c2c5605128b330015aab7a2262553d14898,Q6904
bbq_v,08_05_1022_1_01,08_05_1022_1,Q6904,SES,nonneg,d2fff8c8f22fbaeabd073d82e98d2c2c5605128b330015aab7a2262553d14898,Q6904
bbq_v,08_05_1092_2_01,08_05_1092_2,Q6912,SES,neg,b2365a627776dd94c5d3612a08c141a1bfe180ccd7dfa8fb593147f81b38f269,Q6912
bbq_v,08_05_1092_2_02,08_05_1092_2,Q6912,SES,neg,4dc118848c30304e11bf0b92078f2d259cd32b12d5f7d7a6737c5b295ee415de,Q6912
bbq_v,08_05_1092_2_03,08_05_1092_2,Q6912,SES,neg,803b44c9750654aed10805efcf6aa14a1f9a6334ad70e6edbb0c63bfc37a7f11,Q6912
bbq_v,08_05_1094_1_01,08_05_1094_1,Q6912,SES,nonneg,b2365a627776dd94c5d3612a08c141a1bfe180ccd7dfa8fb593147f81b38f269,Q6912
bbq_v,08_05_1094_1_02,08_05_1094_1,Q6912,SES,nonneg,4dc118848c30304e11bf0b92078f2d259cd32b12d5f7d7a6737c5b295ee415de,Q6912
bbq_v,08_05_1094_1_03,08_05_1094_1,Q6912,SES,nonneg,803b44c9750654aed10805efcf6aa14a1f9a6334ad70e6edbb0c63bfc37a7f11,Q6912
bbq_v,08_06_1104_2_02,08_06_1104_2,Q7123,SES,neg,672d449217d1872ed66d7116271e33a5aed03de44e22b08e2eec2cbf383d6ffd,Q7123
bbq_v,08_06_1104_2_03,08_06_1104_2,Q7123,SES,neg,7830f167e495ef3c116a5fac25e74ce3a0df8ecb8b979edbc0abde6b103a74dc,Q7123
bbq_v,08_06_1106_1_02,08_06_1106_1,Q7123,SES,nonneg,672d449217d1872ed66d7116271e33a5aed03de44e22b08e2eec2cbf383d6ffd,Q7123
bbq_v,08_06_1106_1_03,08_06_1106_1,Q7123,SES,nonneg,7830f167e495ef3c116a5fac25e74ce3a0df8ecb8b979edbc0abde6b103a74dc,Q7123
bbq_v,08_08_1272_2_01,08_08_1272_2,Q5283,SES,neg,37dc7117d8971ef05454692d2ccf04f08d7bf2f96da4618a21a0d4ed8e0c98c0,Q5283
bbq_v,08_08_1272_2_02,08_08_1272_2,Q5283,SES,neg,9e1e55aee4ebcda2776e0aa4b513a5794056f161ffa4dcf25dfe580d794c28a1,Q5283
bbq_v,08_08_1274_1_01,08_08_1274_1,Q5283,SES,nonneg,37dc7117d8971ef05454692d2ccf04f08d7bf2f96da4618a21a0d4ed8e0c98c0,Q5283
bbq_v,08_08_1274_1_02,08_08_1274_1,Q5283,SES,nonneg,9e1e55aee4ebcda2776e0aa4b513a5794056f161ffa4dcf25dfe580d794c28a1,Q5283
bbq_v,08_08_1492_2_02,08_08_1492_2,Q4092,SES,neg,86dadff69dd280afbc43395432c1698b38b10daff37fba6b3d3be53ccd970381,Q4092
bbq_v,08_08_1492_2_03,08_08_1492_2,Q4092,SES,neg,728fd761dc9567f899d6db44be1d5518f4ad8f962f2046adc75e618f8c5adc59,Q4092
bbq_v,08_08_1494_1_02,08_08_1494_1,Q4092,SES,nonneg,86dadff69dd280afbc43395432c1698b38b10daff37fba6b3d3be53ccd970381,Q4092
bbq_v,08_08_1494_1_03,08_08_1494_1,Q4092,SES,nonneg,728fd761dc9567f899d6db44be1d5518f4ad8f962f2046adc75e618f8c5adc59,Q4092
bbq_v,08_09_1712_2_01,08_09_1712_2,Q6511,SES,neg,436d33646001e277318e4fcb13df82cfa1914392e243692ad50aae0c68ee2f7e,Q6511
bbq_v,08_09_1712_2_02,08_09_1712_2,Q6511,SES,neg,00142429f2815133f0e277388c19afbc8b54e7e5ae55763bef0a0011af2b98d9,Q6511
bbq_v,08_09_1712_2_03,08_09_1712_2,Q6511,SES,neg,31fe125d15dbc755c1b84c3904d9012b7dfee9d0446353cd19449b7e83a893ff,Q6511
bbq_v,08_09_1714_1_01,08_09_1714_1,Q6511,SES,nonneg,436d33646001e277318e4fcb13df82cfa1914392e243692ad50aae0c68ee2f7e,Q6511
bbq_v,08_09_1714_1_02,08_09_1714_1,Q6511,SES,nonneg,00142429f2815133f0e277388c19afbc8b54e7e5ae55763bef0a0011af2b98d9,Q6511
bbq_v,08_09_1714_1_03,08_09_1714_1,Q6511,SES,nonneg,31fe125d15dbc755c1b84c3904d9012b7dfee9d0446353cd19449b7e83a893ff,Q6511
bbq_v,08_09_1740_2_01,08_09_1740_2,Q6506,SES,neg,1ab7b0017a4b39e702d5fa346da6c8533edec13d5431421b615c952d05d628c4,Q6506
bbq_v,08_09_1740_2_02,08_09_1740_2,Q6506,SES,neg,e529f408fc2d1232f1f58c0d3a763075626595e60c5620e5aa8d355a470889c8,Q6506
bbq_v,08_09_1740_2_03,08_09_1740_2,Q6506,SES,neg,3137a94d9fcd6c645b852a1584dfe5c7e6afe525337773f8269c3f6b6a5d984b,Q6506
bbq_v,08_09_1742_1_01,08_09_1742_1,Q6506,SES,nonneg,1ab7b0017a4b39e702d5fa346da6c8533edec13d5431421b615c952d05d628c4,Q6506
bbq_v,08_09_1742_1_02,08_09_1742_1,Q6506,SES,nonneg,e529f408fc2d1232f1f58c0d3a763075626595e60c5620e5aa8d355a470889c8,Q6506
bbq_v,08_09_1742_1_03,08_09_1742_1,Q6506,SES,nonneg,3137a94d9fcd6c645b852a1584dfe5c7e6afe525337773f8269c3f6b6a5d984b,Q6506
bbq_v,08_11_1896_2_01,08_11_1896_2,Q855,SES,neg,b397edf441a0589fe07ae1a177b09f657b2998a9528908b5cd5338cad3f73bfa,Q855
bbq_v,08_11_1896_2_03,08_11_1896_2,Q855,SES,neg,fcc0030f7431ad645641c9ed42a1eb8743626574e88b1792389aa2305dddd3c1,Q855
bbq_v,08_11_1898_1_01,08_11_1898_1,Q855,SES,nonneg,b397edf441a0589fe07ae1a177b09f657b2998a9528908b5cd5338cad3f73bfa,Q855
bbq_v,08_11_1898_1_03,08_11_1898_1,Q855,SES,nonneg,fcc0030f7431ad645641c9ed42a1eb8743626574e88b1792389aa2305dddd3c1,Q855
bbq_v,08_11_1964_2_01,08_11_1964_2,UpdtdQ185,SES,neg,44c8f27bf121ca4e512bcbface6718fea0546b44812ca5d77227895a5fa32b46,UpdtdQ185
bbq_v,08_11_1964_2_02,08_11_1964_2,UpdtdQ185,SES,neg,aa6e3ce5e42478f6d518cf5e7fc50cac13b8ede6e06451b1a3b2f8c353901128,UpdtdQ185
bbq_v,08_11_1964_2_03,08_11_1964_2,UpdtdQ185,SES,neg,7a6fe656a4fe696da52253b0160c48ddf5b09cddda509da4c69debe687938d3e,UpdtdQ185
bbq_v,08_11_1966_1_01,08_11_1966_1,UpdtdQ185,SES,nonneg,44c8f27bf121ca4e512bcbface6718fea0546b44812ca5d77227895a5fa32b46,UpdtdQ185
bbq_v,08_11_1966_1_02,08_11_1966_1,UpdtdQ185,SES,nonneg,aa6e3ce5e42478f6d518cf5e7fc50cac13b8ede6e06451b1a3b2f8c353901128,UpdtdQ185
bbq_v,08_11_1966_1_03,08_11_1966_1,UpdtdQ185,SES,nonneg,7a6fe656a4fe696da52253b0160c48ddf5b09cddda509da4c69debe687938d3e,UpdtdQ185
bbq_v,08_11_2064_2_01,08_11_2064_2,Q749,SES,neg,d71a2bb8ef19d37660271d501684f0dc40eba09225191e06a33af16538e9e05c,Q749
bbq_v,08_11_2064_2_02,08_11_2064_2,Q749,SES,neg,310bc12398097d43426b05b66c2bfa8ce9e1e7a61e5c3ad3b1dbd17bf3c40d9f,Q749
bbq_v,08_11_2064_2_03,08_11_2064_2,Q749,SES,neg,bd11730c27fe479974c81b451cef266cd0775c4348a8bdd7ddc5958be60d0f47,Q749
bbq_v,08_11_2066_1_01,08_11_2066_1,Q749,SES,nonneg,d71a2bb8ef19d37660271d501684f0dc40eba09225191e06a33af16538e9e05c,Q749
bbq_v,08_11_2066_1_02,08_11_2066_1,Q749,SES,nonneg,310bc12398097d43426b05b66c2bfa8ce9e1e7a61e5c3ad3b1dbd17bf3c40d9f,Q749
bbq_v,08_11_2066_1_03,08_11_2066_1,Q749,SES,nonneg,bd11730c27fe479974c81b451cef266cd0775c4348a8bdd7ddc5958be60d0f47,Q749
bbq_v,08_11_2124_2_01,08_11_2124_2,Q153,SES,neg,0089b7d35dff2abef8d7b5a9124cbc02dcde5fd509a12ca997a98985a283ab47,Q153
bbq_v,08_11_2124_2_02,08_11_2124_2,Q153,SES,neg,9b4cc8f280fd2594b2a6bc6ccda4e818ed4f62352ccdd19bbdb56e09252544ab,Q153
bbq_v,08_11_2124_2_03,08_11_2124_2,Q153,SES,neg,e3030129f5010590fbbb8fa46b03e77bb0d374fee8f4ba6d3765789b780f2817,Q153
bbq_v,08_11_2126_1_01,08_11_2126_1,Q153,SES,nonneg,0089b7d35dff2abef8d7b5a9124cbc02dcde5fd509a12ca997a98985a283ab47,Q153
bbq_v,08_11_2126_1_02,08_11_2126_1,Q153,SES,nonneg,9b4cc8f280fd2594b2a6bc6ccda4e818ed4f62352ccdd19bbdb56e09252544ab,Q153
bbq_v,08_11_2126_1_03,08_11_2126_1,Q153,SES,nonneg,e3030129f5010590fbbb8fa46b03e77bb0d374fee8f4ba6d3765789b780f2817,Q153
bbq_v,08_11_2132_2_01,08_11_2132_2,Q387,SES,neg,83bb01a46c81e8a0919159ef139014422daf7806e0af208a2109ee7009ea5551,Q387
bbq_v,08_11_2132_2_02,08_11_2132_2,Q387,SES,neg,afb3d376590e045fa0fee5dfa6589987e4d7c21bfb523b9c54ef01d6d2efc2be,Q387
bbq_v,08_11_2132_2_03,08_11_2132_2,Q387,SES,neg,024050e1d5eac17548dc34713be23afae26c4f65b96d4fa1cd926117651758bc,Q387
bbq_v,08_11_2134_1_01,08_11_2134_1,Q387,SES,nonneg,83bb01a46c81e8a0919159ef139014422daf7806e0af208a2109ee7009ea5551,Q387
bbq_v,08_11_2134_1_02,08_11_2134_1,Q387,SES,nonneg,afb3d376590e045fa0fee5dfa6589987e4d7c21bfb523b9c54ef01d6d2efc2be,Q387
bbq_v,08_11_2134_1_03,08_11_2134_1,Q387,SES,nonneg,024050e1d5eac17548dc34713be23afae26c4f65b96d4fa1cd926117651758bc,Q387
bbq_v,08_11_2184_2_01,08_11_2184_2,Q141,SES,neg,09263fd71cea5ed7b3b3dbb21f5263b93466177bddc7135cca27479084d96219,Q141
bbq_v,08_11_2184_2_03,08_11_2184_2,Q141,SES,neg,ef8e3a69a3f1538ecb248481444f2ef79efed7a036f66b14d42c729210443eca,Q141
bbq_v,08_11_2186_1_01,08_11_2186_1,Q141,SES,nonneg,09263fd71cea5ed7b3b3dbb21f5263b93466177bddc7135cca27479084d96219,Q141
bbq_v,08_11_2186_1_03,08_11_2186_1,Q141,SES,nonneg,ef8e3a69a3f1538ecb248481444f2ef79efed7a036f66b14d42c729210443eca,Q141
bbq_v,08_11_2200_2_01,08_11_2200_2,Q138,SES,neg,500a6ef6a373a5aea3040b7c1ae6d2d5204a258e260430883cc3def496bed7dc,Q138
bbq_v,08_11_2200_2_02,08_11_2200_2,Q138,SES,neg,4b0b7e237510b2983995805d6f0bb3d116af950d1964810e089fbb58af14d14b,Q138
bbq_v,08_11_2200_2_03,08_11_2200_2,Q138,SES,neg,4c0313da6420d5d80bdc3e3293970e4f6c1e104be65714c5991a8e3fa8158745,Q138
bbq_v,08_11_2202_1_01,08_11_2202_1,Q138,SES,nonneg,500a6ef6a373a5aea3040b7c1ae6d2d5204a258e260430883cc3def496bed7dc,Q138
bbq_v,08_11_2202_1_02,08_11_2202_1,Q138,SES,nonneg,4b0b7e237510b2983995805d6f0bb3d116af950d1964810e089fbb58af14d14b,Q138
bbq_v,08_11_2202_1_03,08_11_2202_1,Q138,SES,nonneg,4c0313da6420d5d80bdc3e3293970e4f6c1e104be65714c5991a8e3fa8158745,Q138
bbq_v,08_11_2236_2_01,08_11_2236_2,Q899,SES,neg,4afcdee6f26d550b91d76a8c5f1d942a04d637cfa6df213f4ab63a43c34ee8be,Q899
bbq_v,08_11_2236_2_02,08_11_2236_2,Q899,SES,neg,4dfe998833a555250b7d796b9bdfdd8abedf6a85e4fc06bbbd2d3d1cf59eb263,Q899
bbq_v,08_11_2236_2_03,08_11_2236_2,Q899,SES,neg,1213a69a6ad41b31cf37a8018feb605e7c2b8ee4139b1e547942e026bf34167f,Q899
bbq_v,08_11_2238_1_01,08_11_2238_1,Q899,SES,nonneg,4afcdee6f26d550b91d76a8c5f1d942a04d637cfa6df213f4ab63a43c34ee8be,Q899
bbq_v,08_11_2238_1_02,08_11_2238_1,Q899,SES,nonneg,4dfe998833a555250b7d796b9bdfdd8abedf6a85e4fc06bbbd2d3d1cf59eb263,Q899
bbq_v,08_11_2238_1_03,08_11_2238_1,Q899,SES,nonneg,1213a69a6ad41b31cf37a8018feb605e7c2b8ee4139b1e547942e026bf34167f,Q899
bbq_v,08_12_2332_2_01,08_12_2332_2,Q6812,SES,neg,7202b02ba52de637311161671f2ccd8e18a81c928a6eb193a8a1457c15a919b0,Q6812
bbq_v,08_12_2332_2_02,08_12_2332_2,Q6812,SES,neg,21dabdcc7275c6a1d57a70367f947cfc5aebf481f0b52572be0afd126d1040f6,Q6812
bbq_v,08_12_2334_1_01,08_12_2334_1,Q6812,SES,nonneg,7202b02ba52de637311161671f2ccd8e18a81c928a6eb193a8a1457c15a919b0,Q6812
bbq_v,08_12_2334_1_02,08_12_2334_1,Q6812,SES,nonneg,21dabdcc7275c6a1d57a70367f947cfc5aebf481f0b52572be0afd126d1040f6,Q6812
bbq_v,08_12_2400_2_01,08_12_2400_2,Q6844,SES,neg,7f0e6662d2e6b618e386ae886caa16b39ef8ab3a034f115fac24af7333babe59,Q6844
bbq_v,08_12_2400_2_02,08_12_2400_2,Q6844,SES,neg,655bb9015b11c1816ff46ba1bf8d19310587bbe11f6d968d98553fb3007cbd4a,Q6844
bbq_v,08_12_2400_2_03,08_12_2400_2,Q6844,SES,neg,904a289c2d96df999300de82c28c92055c9796766889720bdab151e5af8c402a,Q6844
bbq_v,08_12_2402_1_01,08_12_2402_1,Q6844,SES,nonneg,7f0e6662d2e6b618e386ae886caa16b39ef8ab3a034f115fac24af7333babe59,Q6844
bbq_v,08_12_2402_1_02,08_12_2402_1,Q6844,SES,nonneg,655bb9015b11c1816ff46ba1bf8d19310587bbe11f6d968d98553fb3007cbd4a,Q6844
bbq_v,08_12_2402_1_03,08_12_2402_1,Q6844,SES,nonneg,904a289c2d96df999300de82c28c92055c9796766889720bdab151e5af8c402a,Q6844
bbq_v,08_12_2408_2_01,08_12_2408_2,Q6834,SES,neg,b81f48e3b1a6eaf0a01c41a50c7c41eae3e540c385a4f803e0fa0d6c09d3b69b,Q6834
bbq_v,08_12_2408_2_02,08_12_2408_2,Q6834,SES,neg,104f9b2e67eefca9a294cd00daf51c42b5498f6a9ed25ade5d90f272a8c98d84,Q6834
bbq_v,08_12_2408_2_03,08_12_2408_2,Q6834,SES,neg,17df97b8b42029394e3292a3ff32a99ecd03d09ccea8634c6e44c8f99e931a8e,Q6834
bbq_v,08_12_2410_1_01,08_12_2410_1,Q6834,SES,nonneg,b81f48e3b1a6eaf0a01c41a50c7c41eae3e540c385a4f803e0fa0d6c09d3b69b,Q6834
bbq_v,08_12_2410_1_02,08_12_2410_1,Q6834,SES,nonneg,104f9b2e67eefca9a294cd00daf51c42b5498f6a9ed25ade5d90f272a8c98d84,Q6834
bbq_v,08_12_2410_1_03,08_12_2410_1,Q6834,SES,nonneg,17df97b8b42029394e3292a3ff32a99ecd03d09ccea8634c6e44c8f99e931a8e,Q6834
bbq_v,08_12_2416_2_01,08_12_2416_2,Q6835,SES,neg,cbe832ee0324a9807aa0f4723e970ae2fee84669682c87ac5ab67b12c4cc8723,Q6835
bbq_v,08_12_2416_2_02,08_12_2416_2,Q6835,SES,neg,987bef0c531f7011dea89a3e82238cc1e4d3274301aaabd9649137558d05aae0,Q6835
bbq_v,08_12_2416_2_03,08_12_2416_2,Q6835,SES,neg,6e0bdbfcbca3cccfec2e7b439d73caa4581350fa021fd1a8ffd851c261f97255,Q6835
bbq_v,08_12_2418_1_01,08_12_2418_1,Q6835,SES,nonneg,cbe832ee0324a9807aa0f4723e970ae2fee84669682c87ac5ab67b12c4cc8723,Q6835
bbq_v,08_12_2418_1_02,08_12_2418_1,Q6835,SES,nonneg,987bef0c531f7011dea89a3e82238cc1e4d3274301aaabd9649137558d05aae0,Q6835
bbq_v,08_12_2418_1_03,08_12_2418_1,Q6835,SES,nonneg,6e0bdbfcbca3cccfec2e7b439d73caa4581350fa021fd1a8ffd851c261f97255,Q6835
bbq_v,08_12_2432_2_01,08_12_2432_2,Q6843,SES,neg,82a84a15b40b654261a6b08a33e0804edc028dc855fbf35903619c998cea9e8a,Q6843
bbq_v,08_12_2432_2_02,08_12_2432_2,Q6843,SES,neg,967109dad93b4f5499686b8948e3c93fc4c3bd1fc165ed446e7c498deaa7a842,Q6843
bbq_v,08_12_2432_2_03,08_12_2432_2,Q6843,SES,neg,70c15e5304d343475424cebeaf6da40bd5923811852db4d31ccacb365214923e,Q6843
bbq_v,08_12_2434_1_01,08_12_2434_1,Q6843,SES,nonneg,82a84a15b40b654261a6b08a33e0804edc028dc855fbf35903619c998cea9e8a,Q6843
bbq_v,08_12_2434_1_02,08_12_2434_1,Q6843,SES,nonneg,967109dad93b4f5499686b8948e3c93fc4c3bd1fc165ed446e7c498deaa7a842,Q6843
bbq_v,08_12_2434_1_03,08_12_2434_1,Q6843,SES,nonneg,70c15e5304d343475424cebeaf6da40bd5923811852db4d31ccacb365214923e,Q6843
bbq_v,08_12_2448_2_01,08_12_2448_2,Q6839,SES,neg,7521f0894494fc5d75923d31207bdae8a07cef31f0f33af440941b9a7be2336c,Q6839
bbq_v,08_12_2448_2_02,08_12_2448_2,Q6839,SES,neg,8e410c82b37771e09b543262f01f56e296f07a6431fe795f4c378817ffdd44c5,Q6839
bbq_v,08_12_2448_2_03,08_12_2448_2,Q6839,SES,neg,d1402fcf8a672d975259b7b77c18e4c0a57c5698c4106b96d7428e0df94b916f,Q6839
bbq_v,08_12_2450_1_01,08_12_2450_1,Q6839,SES,nonneg,7521f0894494fc5d75923d31207bdae8a07cef31f0f33af440941b9a7be2336c,Q6839
bbq_v,08_12_2450_1_02,08_12_2450_1,Q6839,SES,nonneg,8e410c82b37771e09b543262f01f56e296f07a6431fe795f4c378817ffdd44c5,Q6839
bbq_v,08_12_2450_1_03,08_12_2450_1,Q6839,SES,nonneg,d1402fcf8a672d975259b7b77c18e4c0a57c5698c4106b96d7428e0df94b916f,Q6839
bbq_v,08_12_2452_2_01,08_12_2452_2,Q6800,SES,neg,2e0283e55bd7d3a4e9602e6440c3d493a69cdae11944360ccbefe682c895c7aa,Q6800
bbq_v,08_12_2452_2_02,08_12_2452_2,Q6800,SES,neg,9751e581ab8e75b508d9b45f4cfdca0b2706bf09d535f9ef903a2a3ee5e1e37b,Q6800
bbq_v,08_12_2452_2_03,08_12_2452_2,Q6800,SES,neg,163ce2a8e22a933b052f30992e626980442f72577a5ea68119f729a9e4204235,Q6800
bbq_v,08_12_2454_1_01,08_12_2454_1,Q6800,SES,nonneg,2e0283e55bd7d3a4e9602e6440c3d493a69cdae11944360ccbefe682c895c7aa,Q6800
bbq_v,08_12_2454_1_02,08_12_2454_1,Q6800,SES,nonneg,9751e581ab8e75b508d9b45f4cfdca0b2706bf09d535f9ef903a2a3ee5e1e37b,Q6800
bbq_v,08_12_2454_1_03,08_12_2454_1,Q6800,SES,nonneg,163ce2a8e22a933b052f30992e626980442f72577a5ea68119f729a9e4204235,Q6800
bbq_v,08_12_2480_2_01,08_12_2480_2,Q6833,SES,neg,b8d3b2df51c1b49bcf7b194e60c2c298eef338640cc5bc4cd7d0369924d44ba2,Q6833
bbq_v,08_12_2480_2_02,08_12_2480_2,Q6833,SES,neg,6966a9764f23a46b82db688e4221f29fe1ca76093821e8bb9efc13a78e9fc4c7,Q6833
bbq_v,08_12_2480_2_03,08_12_2480_2,Q6833,SES,neg,003771811d924f3df2177e819a355c3f5dc62c50f5ce60f910a39f49dc2910d5,Q6833
bbq_v,08_12_2482_1_01,08_12_2482_1,Q6833,SES,nonneg,b8d3b2df51c1b49bcf7b194e60c2c298eef338640cc5bc4cd7d0369924d44ba2,Q6833
bbq_v,08_12_2482_1_02,08_12_2482_1,Q6833,SES,nonneg,6966a9764f23a46b82db688e4221f29fe1ca76093821e8bb9efc13a78e9fc4c7,Q6833
bbq_v,08_12_2482_1_03,08_12_2482_1,Q6833,SES,nonneg,003771811d924f3df2177e819a355c3f5dc62c50f5ce60f910a39f49dc2910d5,Q6833
bbq_v,08_12_2504_2_01,08_12_2504_2,Q6817,SES,neg,16b7862251376cd19e6d3b849aac508f108741cb6a1715d8c667bd7a80180000,Q6817
bbq_v,08_12_2504_2_02,08_12_2504_2,Q6817,SES,neg,32685223b848a29bc983eaaeb316a1f28f4c71d65037fd6571cc4e865d10365c,Q6817
bbq_v,08_12_2504_2_03,08_12_2504_2,Q6817,SES,neg,3f30076a02571001638e2461250c60f1a2fba07d37f5c138d41a96ac68e6d4e3,Q6817
bbq_v,08_12_2506_1_01,08_12_2506_1,Q6817,SES,nonneg,16b7862251376cd19e6d3b849aac508f108741cb6a1715d8c667bd7a80180000,Q6817
bbq_v,08_12_2506_1_02,08_12_2506_1,Q6817,SES,nonneg,32685223b848a29bc983eaaeb316a1f28f4c71d65037fd6571cc4e865d10365c,Q6817
bbq_v,08_12_2506_1_03,08_12_2506_1,Q6817,SES,nonneg,3f30076a02571001638e2461250c60f1a2fba07d37f5c138d41a96ac68e6d4e3,Q6817
bbq_v,08_13_2964_2_01,08_13_2964_2,Q1760,SES,neg,905dca5c4c102774a6073794ef833379c80718018a821bbccc95f85ba9664d48,Q1760
bbq_v,08_13_2964_2_02,08_13_2964_2,Q1760,SES,neg,8244182ae0a3c204eafb317d7f914f92b06f2f89f42b73fe270fc45b62aca511,Q1760
bbq_v,08_13_2964_2_03,08_13_2964_2,Q1760,SES,neg,c770896f879ea11717edffb66af44b5cc1d8daa6be66c597e0d229beef764808,Q1760
bbq_v,08_13_2966_1_01,08_13_2966_1,Q1760,SES,nonneg,905dca5c4c102774a6073794ef833379c80718018a821bbccc95f85ba9664d48,Q1760
bbq_v,08_13_2966_1_02,08_13_2966_1,Q1760,SES,nonneg,8244182ae0a3c204eafb317d7f914f92b06f2f89f42b73fe270fc45b62aca511,Q1760
bbq_v,08_13_2966_1_03,08_13_2966_1,Q1760,SES,nonneg,c770896f879ea11717edffb66af44b5cc1d8daa6be66c597e0d229beef764808,Q1760
bbq_v,08_13_3088_2_01,08_13_3088_2,Q1802,SES,neg,1f1883747b09071b3fd2686de415e2983c080cca5d56abd6a307cb00bf155330,Q1802
bbq_v,08_13_3088_2_02,08_13_3088_2,Q1802,SES,neg,f1815869fd25a8e4e88b8f002db288cad95d0426bc97381452d6d3acd1047c30,Q1802
bbq_v,08_13_3088_2_03,08_13_3088_2,Q1802,SES,neg,47f13b260134a9e79f01b822a31f9ef661b4d2457180a16052edeaeb6e587412,Q1802
bbq_v,08_13_3090_1_01,08_13_3090_1,Q1802,SES,nonneg,1f1883747b09071b3fd2686de415e2983c080cca5d56abd6a307cb00bf155330,Q1802
bbq_v,08_13_3090_1_02,08_13_3090_1,Q1802,SES,nonneg,f1815869fd25a8e4e88b8f002db288cad95d0426bc97381452d6d3acd1047c30,Q1802
bbq_v,08_13_3090_1_03,08_13_3090_1,Q1802,SES,nonneg,47f13b260134a9e79f01b822a31f9ef661b4d2457180a16052edeaeb6e587412,Q1802
bbq_v,08_14_3632_2_01,08_14_3632_2,Q3784,SES,neg,85e939fbf3b3adc8250e9a6ef5eaa0e940d4c180817275c25fa3714f2f0dab9c,Q3784
bbq_v,08_14_3632_2_03,08_14_3632_2,Q3784,SES,neg,10a115fd85e28e511345eade50e1f556776ba4d676fdc352784ad95e28f02aac,Q3784
bbq_v,08_14_3634_1_01,08_14_3634_1,Q3784,SES,nonneg,85e939fbf3b3adc8250e9a6ef5eaa0e940d4c180817275c25fa3714f2f0dab9c,Q3784
bbq_v,08_14_3634_1_03,08_14_3634_1,Q3784,SES,nonneg,10a115fd85e28e511345eade50e1f556776ba4d676fdc352784ad95e28f02aac,Q3784
bbq_v,08_15_4208_2_01,08_15_4208_2,Q2683,SES,neg,5e7b04a3be1b2b877d682c9b2a18d84113d166fd63e59268da4bd32baca67bf3,Q2683
bbq_v,08_15_4208_2_02,08_15_4208_2,Q2683,SES,neg,fba5c8cc3dfca15288fbf95daef0b9c7c343fa1bb093329529c3e352766f75dd,Q2683
bbq_v,08_15_4208_2_03,08_15_4208_2,Q2683,SES,neg,09f68f5f6d8ccf5b75b1e87ee3522bb20483f09a389f95db1e3ab9fc83952c4d,Q2683
bbq_v,08_15_4210_1_01,08_15_4210_1,Q2683,SES,nonneg,5e7b04a3be1b2b877d682c9b2a18d84113d166fd63e59268da4bd32baca67bf3,Q2683
bbq_v,08_15_4210_1_02,08_15_4210_1,Q2683,SES,nonneg,fba5c8cc3dfca15288fbf95daef0b9c7c343fa1bb093329529c3e352766f75dd,Q2683
bbq_v,08_15_4210_1_03,08_15_4210_1,Q2683,SES,nonneg,09f68f5f6d8ccf5b75b1e87ee3522bb20483f09a389f95db1e3ab9fc83952c4d,Q2683
bbq_v,08_16_4256_2_01,08_16_4256_2,Q2294,SES,neg,4ee5a334404c9f83dc50e8b43062d5e6890f3b5933f67ad3dfb2c38156927fd9,Q2294
bbq_v,08_16_4256_2_02,08_16_4256_2,Q2294,SES,neg,a252e3dc2e819eeb2dae9c47c46f565397f3492d0e1291a600db1bd605d331bd,Q2294
bbq_v,08_16_4256_2_03,08_16_4256_2,Q2294,SES,neg,9de933ce318c01f6d28daaea13fe373d63dcfad45e04825ea76f02a0e460c893,Q2294
bbq_v,08_16_4258_1_01,08_16_4258_1,Q2294,SES,nonneg,4ee5a334404c9f83dc50e8b43062d5e6890f3b5933f67ad3dfb2c38156927fd9,Q2294
bbq_v,08_16_4258_1_02,08_16_4258_1,Q2294,SES,nonneg,a252e3dc2e819eeb2dae9c47c46f565397f3492d0e1291a600db1bd605d331bd,Q2294
bbq_v,08_16_4258_1_03,08_16_4258_1,Q2294,SES,nonneg,9de933ce318c01f6d28daaea13fe373d63dcfad45e04825ea76f02a0e460c893,Q2294
bbq_v,08_20_5024_2_01,08_20_5024_2,Q2183,SES,neg,79ae6c28b6fc3ef8f4789cf079e4388d35636e99c58425037e4014535929fa6a,Q2183
bbq_v,08_20_5024_2_02,08_20_5024_2,Q2183,SES,neg,cdb3370f68e6f9b145a8a24ea3194050ff661d96e5e3f878071f8b380419298f,Q2183
bbq_v,08_20_5024_2_03,08_20_5024_2,Q2183,SES,neg,32cc9bad407c4f26d20b59012a1045e124ed80b52578165e1a7e36bd986aa6f4,Q2183
bbq_v,08_20_5026_1_01,08_20_5026_1,Q2183,SES,nonneg,79ae6c28b6fc3ef8f4789cf079e4388d35636e99c58425037e4014535929fa6a,Q2183
bbq_v,08_20_5026_1_02,08_20_5026_1,Q2183,SES,nonneg,cdb3370f68e6f9b145a8a24ea3194050ff661d96e5e3f878071f8b380419298f,Q2183
bbq_v,08_20_5026_1_03,08_20_5026_1,Q2183,SES,nonneg,32cc9bad407c4f26d20b59012a1045e124ed80b52578165e1a7e36bd986aa6f4,Q2183
bbq_v,08_20_5188_2_01,08_20_5188_2,Q2274,SES,neg,f636967ef4db740d158ebcff83470434e1a2826b1db2d9415ae3423f6df85727,Q2274
bbq_v,08_20_5188_2_02,08_20_5188_2,Q2274,SES,neg,584cf1c06082babf609ed8dad519c851e0396131048c3c1781af1a75ae8580db,Q2274
bbq_v,08_20_5188_2_03,08_20_5188_2,Q2274,SES,neg,b26cd44c60cf2cbb249b557b3a9dabd6bbaf5bc3d9a2f966323539def27329f6,Q2274
bbq_v,08_20_5190_1_01,08_20_5190_1,Q2274,SES,nonneg,f636967ef4db740d158ebcff83470434e1a2826b1db2d9415ae3423f6df85727,Q2274
bbq_v,08_20_5190_1_02,08_20_5190_1,Q2274,SES,nonneg,584cf1c06082babf609ed8dad519c851e0396131048c3c1781af1a75ae8580db,Q2274
bbq_v,08_20_5190_1_03,08_20_5190_1,Q2274,SES,nonneg,b26cd44c60cf2cbb249b557b3a9dabd6bbaf5bc3d9a2f966323539def27329f6,Q2274
bbq_v,08_21_5512_2_01,08_21_5512_2,Q2335,SES,neg,b45ce76b157685b940491450fb6fe848f0b368e12a1d0d9ef58b2894427623b3,Q2335
bbq_v,08_21_5512_2_02,08_21_5512_2,Q2335,SES,neg,fddb432b1cd21d047ddaafadce4a84c0e36512c9ce6b821a667c5b428f314f63,Q2335
bbq_v,08_21_5512_2_03,08_21_5512_2,Q2335,SES,neg,971e8957544ae728e7e2995f30305ab95db9f39e379618a6ed5522ce428a93e5,Q2335
bbq_v,08_21_5514_1_01,08_21_5514_1,Q2335,SES,nonneg,b45ce76b157685b940491450fb6fe848f0b368e12a1d0d9ef58b2894427623b3,Q2335
bbq_v,08_21_5514_1_02,08_21_5514_1,Q2335,SES,nonneg,fddb432b1cd21d047ddaafadce4a84c0e36512c9ce6b821a667c5b428f314f63,Q2335
bbq_v,08_21_5514_1_03,08_21_5514_1,Q2335,SES,nonneg,971e8957544ae728e7e2995f30305ab95db9f39e379618a6ed5522ce428a93e5,Q2335
bbq_v,08_22_6256_2_02,08_22_6256_2,Q531,SES,neg,59519fc5abf8d4eac5577f0179431531065c8c5f355d1a3d2ce7bb6f39bd9da3,Q531
bbq_v,08_22_6256_2_03,08_22_6256_2,Q531,SES,neg,31ec310abc68a3c98ac9e2b4a1f5e14627d3060bf313fb68dbdfe9669336ef0d,Q531
bbq_v,08_22_6258_1_02,08_22_6258_1,Q531,SES,nonneg,59519fc5abf8d4eac5577f0179431531065c8c5f355d1a3d2ce7bb6f39bd9da3,Q531
bbq_v,08_22_6258_1_03,08_22_6258_1,Q531,SES,nonneg,31ec310abc68a3c98ac9e2b4a1f5e14627d3060bf313fb68dbdfe9669336ef0d,Q531
bbq_v,08_23_6316_2_01,08_23_6316_2,Q5106,SES,neg,3291d80d4bf3e358cd296d3d32ec29c2edb609b9ee0a9ddf11bbb8fb2fc52605,Q5106
bbq_v,08_23_6316_2_03,08_23_6316_2,Q5106,SES,neg,51a43dc93c0bfc3ebbdbbf5a1e946427f935dd9329c6b88da3ef00c89e987e0d,Q5106
bbq_v,08_23_6318_1_01,08_23_6318_1,Q5106,SES,nonneg,3291d80d4bf3e358cd296d3d32ec29c2edb609b9ee0a9ddf11bbb8fb2fc52605,Q5106
bbq_v,08_23_6318_1_03,08_23_6318_1,Q5106,SES,nonneg,51a43dc93c0bfc3ebbdbbf5a1e946427f935dd9329c6b88da3ef00c89e987e0d,Q5106
bbq_v,08_23_6508_2_01,08_23_6508_2,Q5108,SES,neg,81949c2839237dbe605cae215415a06f5161422afbb998f6f3f7a062b9246866,Q5108
bbq_v,08_23_6508_2_02,08_23_6508_2,Q5108,SES,neg,cbe9c2eca76816da61abcf1f703fa06e5ce991023e66de8c123d1aa89492010f,Q5108
bbq_v,08_23_6510_1_01,08_23_6510_1,Q5108,SES,nonneg,81949c2839237dbe605cae215415a06f5161422afbb998f6f3f7a062b9246866,Q5108
bbq_v,08_23_6510_1_02,08_23_6510_1,Q5108,SES,nonneg,cbe9c2eca76816da61abcf1f703fa06e5ce991023e66de8c123d1aa89492010f,Q5108
bbq_v,08_23_6752_2_01,08_23_6752_2,Q5062,SES,neg,d870416cacb296ed52caaeacf4cc9fd997a10e3377d8295a553e35afa66e056e,Q5062
bbq_v,08_23_6752_2_02,08_23_6752_2,Q5062,SES,neg,1b1fd97b347a430d0dbfcc854d1253a7a415690a36774a0fce0468fe85bffc20,Q5062
bbq_v,08_23_6752_2_03,08_23_6752_2,Q5062,SES,neg,07d0a84a2c2b9433c459eb1ecacbd09875186597e76ab2c23d9f4f85ab10f9e1,Q5062
bbq_v,08_23_6754_1_01,08_23_6754_1,Q5062,SES,nonneg,d870416cacb296ed52caaeacf4cc9fd997a10e3377d8295a553e35afa66e056e,Q5062
bbq_v,08_23_6754_1_02,08_23_6754_1,Q5062,SES,nonneg,1b1fd97b347a430d0dbfcc854d1253a7a415690a36774a0fce0468fe85bffc20,Q5062
bbq_v,08_23_6754_1_03,08_23_6754_1,Q5062,SES,nonneg,07d0a84a2c2b9433c459eb1ecacbd09875186597e76ab2c23d9f4f85ab10f9e1,Q5062
bbq_v,09_01_0012_2_01,09_01_0012_2,Q2930,Sexual_orientation,neg,f387a2aba11946a603da7ee61c18f80af9c16a088265acbc137c2601b47d71b5,Q2930
bbq_v,09_01_0014_1_01,09_01_0014_1,Q2930,Sexual_orientation,nonneg,f387a2aba11946a603da7ee61c18f80af9c16a088265acbc137c2601b47d71b5,Q2930
bbq_v,09_01_0016_2_01,09_01_0016_2,Q2932,Sexual_orientation,neg,74299be8ebd11e302a8480506a8b51e5f01bec4ab6ae9ebccdf0b9a7b2aaaab5,Q2932
bbq_v,09_01_0016_2_02,09_01_0016_2,Q2932,Sexual_orientation,neg,56c2e784c85f6f7bf2f26b690733ae3b05c172fc4f8ad12a2ae34225ee45586b,Q2932
bbq_v,09_01_0016_2_03,09_01_0016_2,Q2932,Sexual_orientation,neg,ad92f4bac61d9265f4590bad21e97aeb416cf72a1d09b3581ef73303bfe959f0,Q2932
bbq_v,09_01_0016_2_04,09_01_0016_2,Q2932,Sexual_orientation,neg,f10fec5e5db9d74a77a541bdd57f5ee8cbcdbe2b3f8f30d296ba64d97371ed11,Q2932
bbq_v,09_01_0016_2_05,09_01_0016_2,Q2932,Sexual_orientation,neg,7eb3a3e1915f6e6d67321c4872033fd9b40510582934d38c6c2219a815bc8940,Q2932
bbq_v,09_01_0016_2_06,09_01_0016_2,Q2932,Sexual_orientation,neg,eefd22863dbba2d5112a4098193bd7f5285b8187f5b79ccdd0324468c5a00e35,Q2932
bbq_v,09_01_0016_2_07,09_01_0016_2,Q2932,Sexual_orientation,neg,58ad5bdf92463789322375951681a307b7e471a1a6f908eef69626fb38495ac6,Q2932
bbq_v,09_01_0016_2_08,09_01_0016_2,Q2932,Sexual_orientation,neg,07e1a24683130a697f9c9e68f6c1035c84f9dd19a048d19a9b7065aea89f2e84,Q2932
bbq_v,09_01_0016_2_09,09_01_0016_2,Q2932,Sexual_orientation,neg,fdc71771a25e043b503b65cf862221f03aa315e62ca6c431fd85fcc47dd8bddd,Q2932
bbq_v,09_01_0016_2_10,09_01_0016_2,Q2932,Sexual_orientation,neg,8392bb838da7bc5519e9f70032e7485dd0cc21a6115e9fe07782340e587ac070,Q2932
bbq_v,09_01_0018_1_01,09_01_0018_1,Q2932,Sexual_orientation,nonneg,74299be8ebd11e302a8480506a8b51e5f01bec4ab6ae9ebccdf0b9a7b2aaaab5,Q2932
bbq_v,09_01_0018_1_02,09_01_0018_1,Q2932,Sexual_orientation,nonneg,56c2e784c85f6f7bf2f26b690733ae3b05c172fc4f8ad12a2ae34225ee45586b,Q2932
bbq_v,09_01_0018_1_03,09_01_0018_1,Q2932,Sexual_orientation,nonneg,ad92f4bac61d9265f4590bad21e97aeb416cf72a1d09b3581ef73303bfe959f0,Q2932
bbq_v,09_01_0018_1_04,09_01_0018_1,Q2932,Sexual_orientation,nonneg,f10fec5e5db9d74a77a541bdd57f5ee8cbcdbe2b3f8f30d296ba64d97371ed11,Q2932
bbq_v,09_01_0018_1_05,09_01_0018_1,Q2932,Sexual_orientation,nonneg,7eb3a3e1915f6e6d67321c4872033fd9b40510582934d38c6c2219a815bc8940,Q2932
bbq_v,09_01_0018_1_06,09_01_0018_1,Q2932,Sexual_orientation,nonneg,eefd22863dbba2d5112a4098193bd7f5285b8187f5b79ccdd0324468c5a00e35,Q2932
bbq_v,09_01_0018_1_07,09_01_0018_1,Q2932,Sexual_orientation,nonneg,58ad5bdf92463789322375951681a307b7e471a1a6f908eef69626fb38495ac6,Q2932
bbq_v,09_01_0018_1_08,09_01_0018_1,Q2932,Sexual_orientation,nonneg,07e1a24683130a697f9c9e68f6c1035c84f9dd19a048d19a9b7065aea89f2e84,Q2932
bbq_v,09_01_0018_1_09,09_01_0018_1,Q2932,Sexual_orientation,nonneg,fdc71771a25e043b503b65cf862221f03aa315e62ca6c431fd85fcc47dd8bddd,Q2932
bbq_v,09_01_0018_1_10,09_01_0018_1,Q2932,Sexual_orientation,nonneg,8392bb838da7bc5519e9f70032e7485dd0cc21a6115e9fe07782340e587ac070,Q2932
bbq_v,09_03_0064_2_01,09_03_0064_2,Q6680,Sexual_orientation,neg,df75dbd9c8fdb41a686de4374c44e2179fcb7da3a39639db3e91ece5d8ce72b9,Q6680
bbq_v,09_03_0064_2_02,09_03_0064_2,Q6680,Sexual_orientation,neg,5c34167c6cff123bca48fdc4a541584bb1842d2c53181c7b6b502fb8345884be,Q6680
bbq_v,09_03_0064_2_03,09_03_0064_2,Q6680,Sexual_orientation,neg,2b6bf98636824c51f75ce82aa024eca7fb7269136b896e13be580602022a19d8,Q6680
bbq_v,09_03_0066_1_01,09_03_0066_1,Q6680,Sexual_orientation,nonneg,df75dbd9c8fdb41a686de4374c44e2179fcb7da3a39639db3e91ece5d8ce72b9,Q6680
bbq_v,09_03_0066_1_02,09_03_0066_1,Q6680,Sexual_orientation,nonneg,5c34167c6cff123bca48fdc4a541584bb1842d2c53181c7b6b502fb8345884be,Q6680
bbq_v,09_03_0066_1_03,09_03_0066_1,Q6680,Sexual_orientation,nonneg,2b6bf98636824c51f75ce82aa024eca7fb7269136b896e13be580602022a19d8,Q6680
bbq_v,09_03_0072_2_01,09_03_0072_2,Q6683,Sexual_orientation,neg,7426493b870bff8711806059cc4d2966dc9ab92b5df99b391a45b28fa1064d0c,Q6683
bbq_v,09_03_0072_2_02,09_03_0072_2,Q6683,Sexual_orientation,neg,b1726bb39cf167db691fdd5d9fd01714943cdf8b762a77c3b4ffb36f722e6365,Q6683
bbq_v,09_03_0072_2_03,09_03_0072_2,Q6683,Sexual_orientation,neg,3cdeceed0863ac6406cf1f13bae6675aeefacd7675e249e1d26b39b7566e8510,Q6683
bbq_v,09_03_0074_1_01,09_03_0074_1,Q6683,Sexual_orientation,nonneg,7426493b870bff8711806059cc4d2966dc9ab92b5df99b391a45b28fa1064d0c,Q6683
bbq_v,09_03_0074_1_02,09_03_0074_1,Q6683,Sexual_orientation,nonneg,b1726bb39cf167db691fdd5d9fd01714943cdf8b762a77c3b4ffb36f722e6365,Q6683
bbq_v,09_03_0074_1_03,09_03_0074_1,Q6683,Sexual_orientation,nonneg,3cdeceed0863ac6406cf1f13bae6675aeefacd7675e249e1d26b39b7566e8510,Q6683
bbq_v,09_03_0080_2_01,09_03_0080_2,Q6679,Sexual_orientation,neg,aa223b98117e800bc843fe6a90eae24da6bd643d530a3be97b58754e9e4ff993,Q6679
bbq_v,09_03_0080_2_02,09_03_0080_2,Q6679,Sexual_orientation,neg,a262af90ea1d2c0c909b5a73dce0e3c1c65e3f48a6fd133bc1d5336c43c0a6a8,Q6679
bbq_v,09_03_0080_2_03,09_03_0080_2,Q6679,Sexual_orientation,neg,e30f7231bfddb090ef4da0fcac6f88061e65d0a920bd3c86e07914eb5442e80d,Q6679
bbq_v,09_03_0080_2_04,09_03_0080_2,Q6679,Sexual_orientation,neg,58ee1f2ec7e0dc02d83f9b28d82962315851e61a6ceeca80ff0682a081fe99b7,Q6679
bbq_v,09_03_0080_2_05,09_03_0080_2,Q6679,Sexual_orientation,neg,6008add446e43ac1f99b6fe50ba033f219f5ee71ee8743f791747fba01f0e9cc,Q6679
bbq_v,09_03_0080_2_06,09_03_0080_2,Q6679,Sexual_orientation,neg,14b423e6e1f9229431b841db81c4eed3bbb10c6884f88e674f80fc5a6513a03c,Q6679
bbq_v,09_03_0080_2_07,09_03_0080_2,Q6679,Sexual_orientation,neg,7d7c179796a10e81bdf5529566e1e8401f1940b4c60e2ffc776eee2be32e2345,Q6679
bbq_v,09_03_0080_2_08,09_03_0080_2,Q6679,Sexual_orientation,neg,2ddd785f6bdc84351464d494da30eca0aee5446e2854e871bb6ce799ba2097f7,Q6679
bbq_v,09_03_0080_2_09,09_03_0080_2,Q6679,Sexual_orientation,neg,2761cb70a6d938a85bc38423efdad0606fc06a8799d055de5c59cc91338f6585,Q6679
bbq_v,09_03_0080_2_10,09_03_0080_2,Q6679,Sexual_orientation,neg,ac55feda89da3ffca9fbfd078cc940572d0dbad965d49ec4b9842597662c2f6f,Q6679
bbq_v,09_03_0082_1_01,09_03_0082_1,Q6679,Sexual_orientation,nonneg,aa223b98117e800bc843fe6a90eae24da6bd643d530a3be97b58754e9e4ff993,Q6679
bbq_v,09_03_0082_1_02,09_03_0082_1,Q6679,Sexual_orientation,nonneg,a262af90ea1d2c0c909b5a73dce0e3c1c65e3f48a6fd133bc1d5336c43c0a6a8,Q6679
bbq_v,09_03_0082_1_03,09_03_0082_1,Q6679,Sexual_orientation,nonneg,e30f7231bfddb090ef4da0fcac6f88061e65d0a920bd3c86e07914eb5442e80d,Q6679
bbq_v,09_03_0082_1_04,09_03_0082_1,Q6679,Sexual_orientation,nonneg,58ee1f2ec7e0dc02d83f9b28d82962315851e61a6ceeca80ff0682a081fe99b7,Q6679
bbq_v,09_03_0082_1_05,09_03_0082_1,Q6679,Sexual_orientation,nonneg,6008add446e43ac1f99b6fe50ba033f219f5ee71ee8743f791747fba01f0e9cc,Q6679
bbq_v,09_03_0082_1_06,09_03_0082_1,Q6679,Sexual_orientation,nonneg,14b423e6e1f9229431b841db81c4eed3bbb10c6884f88e674f80fc5a6513a03c,Q6679
bbq_v,09_03_0082_1_07,09_03_0082_1,Q6679,Sexual_orientation,nonneg,7d7c179796a10e81bdf5529566e1e8401f1940b4c60e2ffc776eee2be32e2345,Q6679
bbq_v,09_03_0082_1_08,09_03_0082_1,Q6679,Sexual_orientation,nonneg,2ddd785f6bdc84351464d494da30eca0aee5446e2854e871bb6ce799ba2097f7,Q6679
bbq_v,09_03_0082_1_09,09_03_0082_1,Q6679,Sexual_orientation,nonneg,2761cb70a6d938a85bc38423efdad0606fc06a8799d055de5c59cc91338f6585,Q6679
bbq_v,09_03_0082_1_10,09_03_0082_1,Q6679,Sexual_orientation,nonneg,ac55feda89da3ffca9fbfd078cc940572d0dbad965d49ec4b9842597662c2f6f,Q6679
bbq_v,09_06_0176_2_01,09_06_0176_2,Q445,Sexual_orientation,neg,c1453f1b91cdeb5405f579b64da9de4e9ac9aafdc542bd40f43daa72325adae6,Q445
bbq_v,09_06_0176_2_02,09_06_0176_2,Q445,Sexual_orientation,neg,e6d835c94dd3b086aea8d402d96464d8bcc7b039ef43100a41b53c912772393e,Q445
bbq_v,09_06_0178_1_01,09_06_0178_1,Q445,Sexual_orientation,nonneg,c1453f1b91cdeb5405f579b64da9de4e9ac9aafdc542bd40f43daa72325adae6,Q445
bbq_v,09_06_0178_1_02,09_06_0178_1,Q445,Sexual_orientation,nonneg,e6d835c94dd3b086aea8d402d96464d8bcc7b039ef43100a41b53c912772393e,Q445
bbq_v,09_07_0224_2_01,09_07_0224_2,Q3174,Sexual_orientation,neg,38427d1be581c8da212e8dc1962be11998a06713a12f3111b460fa0e39f6991a,Q3174
bbq_v,09_07_0224_2_02,09_07_0224_2,Q3174,Sexual_orientation,neg,634e54b8ed94988d844db72ca62642d067883fb059984c9ac735eb8a3095a548,Q3174
bbq_v,09_07_0224_2_03,09_07_0224_2,Q3174,Sexual_orientation,neg,6ea687df01c6d345e6bcd1961127b966866c4cfa1d735f0fd3629c8c66dae085,Q3174
bbq_v,09_07_0224_2_04,09_07_0224_2,Q3174,Sexual_orientation,neg,9ced38b5d93d7909a04c3f0156889367fd07b4a35124276b2cc265c15efde519,Q3174
bbq_v,09_07_0224_2_05,09_07_0224_2,Q3174,Sexual_orientation,neg,d58e2b62f6b99ddac71dad0e5052fbdfe3bc7b193169640732c9f3674bb4ee3f,Q3174
bbq_v,09_07_0224_2_06,09_07_0224_2,Q3174,Sexual_orientation,neg,839a8f2e1aba6658e6934debdb07676a48a93eaa22ac041ff9b6d0e73c74ca05,Q3174
bbq_v,09_07_0224_2_07,09_07_0224_2,Q3174,Sexual_orientation,neg,47b29b17f7017dc350571a89cdce39cf76b91d5729856ba2be847213aa2bd59b,Q3174
bbq_v,09_07_0224_2_08,09_07_0224_2,Q3174,Sexual_orientation,neg,d1d4dab0e116dfc83746e38a4ae1939923c594b281f23795c540816f5d8fa8c1,Q3174
bbq_v,09_07_0224_2_09,09_07_0224_2,Q3174,Sexual_orientation,neg,f5c1f4d2655a66217888c0223198ecc3d7a3d39f686a65eddfc552b4ac5c539a,Q3174
bbq_v,09_07_0224_2_10,09_07_0224_2,Q3174,Sexual_orientation,neg,67a2efa4c6e114dcbd0b7b20c816c7b864fecb27bf58a5079880578ea0456567,Q3174
bbq_v,09_07_0226_1_01,09_07_0226_1,Q3174,Sexual_orientation,nonneg,38427d1be581c8da212e8dc1962be11998a06713a12f3111b460fa0e39f6991a,Q3174
bbq_v,09_07_0226_1_02,09_07_0226_1,Q3174,Sexual_orientation,nonneg,634e54b8ed94988d844db72ca62642d067883fb059984c9ac735eb8a3095a548,Q3174
bbq_v,09_07_0226_1_03,09_07_0226_1,Q3174,Sexual_orientation,nonneg,6ea687df01c6d345e6bcd1961127b966866c4cfa1d735f0fd3629c8c66dae085,Q3174
bbq_v,09_07_0226_1_04,09_07_0226_1,Q3174,Sexual_orientation,nonneg,9ced38b5d93d7909a04c3f0156889367fd07b4a35124276b2cc265c15efde519,Q3174
bbq_v,09_07_0226_1_05,09_07_0226_1,Q3174,Sexual_orientation,nonneg,d58e2b62f6b99ddac71dad0e5052fbdfe3bc7b193169640732c9f3674bb4ee3f,Q3174
bbq_v,09_07_0226_1_06,09_07_0226_1,Q3174,Sexual_orientation,nonneg,839a8f2e1aba6658e6934debdb07676a48a93eaa22ac041ff9b6d0e73c74ca05,Q3174
bbq_v,09_07_0226_1_07,09_07_0226_1,Q3174,Sexual_orientation,nonneg,47b29b17f7017dc350571a89cdce39cf76b91d5729856ba2be847213aa2bd59b,Q3174
bbq_v,09_07_0226_1_08,09_07_0226_1,Q3174,Sexual_orientation,nonneg,d1d4dab0e116dfc83746e38a4ae1939923c594b281f23795c540816f5d8fa8c1,Q3174
bbq_v,09_07_0226_1_09,09_07_0226_1,Q3174,Sexual_orientation,nonneg,f5c1f4d2655a66217888c0223198ecc3d7a3d39f686a65eddfc552b4ac5c539a,Q3174
bbq_v,09_07_0226_1_10,09_07_0226_1,Q3174,Sexual_orientation,nonneg,67a2efa4c6e114dcbd0b7b20c816c7b864fecb27bf58a5079880578ea0456567,Q3174
bbq_v,09_07_0232_2_01,09_07_0232_2,Q3175,Sexual_orientation,neg,91f0521ed1facfb88c2803949c937855910f188ccdca86ac6a8c975d2c200cf9,Q3175
bbq_v,09_07_0234_1_01,09_07_0234_1,Q3175,Sexual_orientation,nonneg,91f0521ed1facfb88c2803949c937855910f188ccdca86ac6a8c975d2c200cf9,Q3175
bbq_v,09_09_0284_2_01,09_09_0284_2,Q331,Sexual_orientation,neg,a9c8cd438781b60750fb1d6194cfbfbc028a9b82854b374700793a3f9e55a217,Q331
bbq_v,09_09_0284_2_02,09_09_0284_2,Q331,Sexual_orientation,neg,cbad3d46aeac86a826bf4037744182a502b4751ee729accd8d432c67bef01e71,Q331
bbq_v,09_09_0286_1_01,09_09_0286_1,Q331,Sexual_orientation,nonneg,a9c8cd438781b60750fb1d6194cfbfbc028a9b82854b374700793a3f9e55a217,Q331
bbq_v,09_09_0286_1_02,09_09_0286_1,Q331,Sexual_orientation,nonneg,cbad3d46aeac86a826bf4037744182a502b4751ee729accd8d432c67bef01e71,Q331
bbq_v,09_09_0296_2_01,09_09_0296_2,Q328,Sexual_orientation,neg,19556792bec9f926bb5229559f1617d6d03404a9a8932ddd15350ced9de654d3,Q328
bbq_v,09_09_0296_2_02,09_09_0296_2,Q328,Sexual_orientation,neg,36485c4b0e680ef9a2dbcd02af0b232ddf2004357bcb294f27c6578ec6cb0dbf,Q328
bbq_v,09_09_0296_2_03,09_09_0296_2,Q328,Sexual_orientation,neg,c0145d97d1265625347a4d03e86853d22e5e966651a3350b7ea8566413f06604,Q328
bbq_v,09_09_0296_2_04,09_09_0296_2,Q328,Sexual_orientation,neg,0dcbd1046fcec67c744a5c8f0f6f9f664d02743c7deefbc70142785e7c8e5889,Q328
bbq_v,09_09_0296_2_05,09_09_0296_2,Q328,Sexual_orientation,neg,8f37ffc44a35fa8d7f9d91b2034d9e5fe58c5bee52d1f983cd8caf154c5884a2,Q328
bbq_v,09_09_0296_2_06,09_09_0296_2,Q328,Sexual_orientation,neg,5119626c97a1da280c8e2961e7bc83a9ffd4da6c65dca480f0c22c9076047e0d,Q328
bbq_v,09_09_0296_2_07,09_09_0296_2,Q328,Sexual_orientation,neg,97e918ecf5c6d3d81c519a4a7ca8dfa79292be265b998fd500aa23610b2cbe3e,Q328
bbq_v,09_09_0296_2_08,09_09_0296_2,Q328,Sexual_orientation,neg,0a025d15a723caf0ac13f14c3df1e9c7ecd8d0781d3ca82802a30fb95471c39c,Q328
bbq_v,09_09_0296_2_09,09_09_0296_2,Q328,Sexual_orientation,neg,e94b9c0c1c209a1930e60daaf8884a22bf1048820e4b8de8b1380caf4c49f4b8,Q328
bbq_v,09_09_0296_2_10,09_09_0296_2,Q328,Sexual_orientation,neg,ba1c110de699bfadf9dd0de6fbab053ae67ac9edcb387da8d0ee5a5778e330ed,Q328
bbq_v,09_09_0298_1_01,09_09_0298_1,Q328,Sexual_orientation,nonneg,19556792bec9f926bb5229559f1617d6d03404a9a8932ddd15350ced9de654d3,Q328
bbq_v,09_09_0298_1_02,09_09_0298_1,Q328,Sexual_orientation,nonneg,36485c4b0e680ef9a2dbcd02af0b232ddf2004357bcb294f27c6578ec6cb0dbf,Q328
bbq_v,09_09_0298_1_03,09_09_0298_1,Q328,Sexual_orientation,nonneg,c0145d97d1265625347a4d03e86853d22e5e966651a3350b7ea8566413f06604,Q328
bbq_v,09_09_0298_1_04,09_09_0298_1,Q328,Sexual_orientation,nonneg,0dcbd1046fcec67c744a5c8f0f6f9f664d02743c7deefbc70142785e7c8e5889,Q328
bbq_v,09_09_0298_1_05,09_09_0298_1,Q328,Sexual_orientation,nonneg,8f37ffc44a35fa8d7f9d91b2034d9e5fe58c5bee52d1f983cd8caf154c5884a2,Q328
bbq_v,09_09_0298_1_06,09_09_0298_1,Q328,Sexual_orientation,nonneg,5119626c97a1da280c8e2961e7bc83a9ffd4da6c65dca480f0c22c9076047e0d,Q328
bbq_v,09_09_0298_1_07,09_09_0298_1,Q328,Sexual_orientation,nonneg,97e918ecf5c6d3d81c519a4a7ca8dfa79292be265b998fd500aa23610b2cbe3e,Q328
bbq_v,09_09_0298_1_08,09_09_0298_1,Q328,Sexual_orientation,nonneg,0a025d15a723caf0ac13f14c3df1e9c7ecd8d0781d3ca82802a30fb95471c39c,Q328
bbq_v,09_09_0298_1_09,09_09_0298_1,Q328,Sexual_orientation,nonneg,e94b9c0c1c209a1930e60daaf8884a22bf1048820e4b8de8b1380caf4c49f4b8,Q328
bbq_v,09_09_0298_1_10,09_09_0298_1,Q328,Sexual_orientation,nonneg,ba1c110de699bfadf9dd0de6fbab053ae67ac9edcb387da8d0ee5a5778e330ed,Q328
bbq_v,09_13_0416_2_01,09_13_0416_2,Q7249,Sexual_orientation,neg,fa8587e86e41aa422c8718baf6a822a575e13975ee74bb945b5743757a9e947d,Q7249
bbq_v,09_13_0418_1_01,09_13_0418_1,Q7249,Sexual_orientation,nonneg,fa8587e86e41aa422c8718baf6a822a575e13975ee74bb945b5743757a9e947d,Q7249
bbq_v,09_13_0428_2_01,09_13_0428_2,Q7253,Sexual_orientation,neg,23ba61a99288909b3e00e2d0e5050425509f13c8c2f8f05c25a98bf7151e0c9a,Q7253
bbq_v,09_13_0428_2_02,09_13_0428_2,Q7253,Sexual_orientation,neg,f15867b1904569df4cda316ce6fe05233a9429e04bb2f45661c775bcecedf1cb,Q7253
bbq_v,09_13_0428_2_03,09_13_0428_2,Q7253,Sexual_orientation,neg,e70bedf28ce85811a737ba544344b6541044839b5ab478de5ef80f5ed497719e,Q7253
bbq_v,09_13_0428_2_04,09_13_0428_2,Q7253,Sexual_orientation,neg,f79226d8b7e9588ec043fd2563b8771a9c2d337eba69e6632df74c1aa68ae0b6,Q7253
bbq_v,09_13_0428_2_05,09_13_0428_2,Q7253,Sexual_orientation,neg,6cba8e3475ed75f441baba3589beef98726f0e513d3eb0c20ab10358287d8528,Q7253
bbq_v,09_13_0428_2_06,09_13_0428_2,Q7253,Sexual_orientation,neg,18cae3122b8d0afef302c7dd8f6fd24932741f3d62c5783f45b23b1589cb3636,Q7253
bbq_v,09_13_0428_2_07,09_13_0428_2,Q7253,Sexual_orientation,neg,c5dfc7d376173d5c1d67deb3632c5e4e02a9f970426ba819b3861f277abcd0ee,Q7253
bbq_v,09_13_0428_2_08,09_13_0428_2,Q7253,Sexual_orientation,neg,4d5f29f73b113bd4f0b34f8ebe7d9b886e62e4ecd8ee8fe04c93923bb68b57fd,Q7253
bbq_v,09_13_0428_2_09,09_13_0428_2,Q7253,Sexual_orientation,neg,37f660add305290d8dbc89cb25ba4d94235fa58342ed15fcdf6a83e8152dac4d,Q7253
bbq_v,09_13_0428_2_10,09_13_0428_2,Q7253,Sexual_orientation,neg,6a57f5f325e75f7d4ef65a629ea1903eb1948e3e3de45087847b2a5629c1d8c0,Q7253
bbq_v,09_13_0428_2_11,09_13_0428_2,Q7253,Sexual_orientation,neg,7927620e95b371d7d71c892e710c62ef576091fe836c910952a5960b512fe5e1,Q7253
bbq_v,09_13_0428_2_12,09_13_0428_2,Q7253,Sexual_orientation,neg,4b65aaebcde1e100a582c8d6015df2c81c025118f476b8ff412bd14c3dea2686,Q7253
bbq_v,09_13_0430_1_01,09_13_0430_1,Q7253,Sexual_orientation,nonneg,23ba61a99288909b3e00e2d0e5050425509f13c8c2f8f05c25a98bf7151e0c9a,Q7253
bbq_v,09_13_0430_1_02,09_13_0430_1,Q7253,Sexual_orientation,nonneg,f15867b1904569df4cda316ce6fe05233a9429e04bb2f45661c775bcecedf1cb,Q7253
bbq_v,09_13_0430_1_03,09_13_0430_1,Q7253,Sexual_orientation,nonneg,e70bedf28ce85811a737ba544344b6541044839b5ab478de5ef80f5ed497719e,Q7253
bbq_v,09_13_0430_1_04,09_13_0430_1,Q7253,Sexual_orientation,nonneg,f79226d8b7e9588ec043fd2563b8771a9c2d337eba69e6632df74c1aa68ae0b6,Q7253
bbq_v,09_13_0430_1_05,09_13_0430_1,Q7253,Sexual_orientation,nonneg,6cba8e3475ed75f441baba3589beef98726f0e513d3eb0c20ab10358287d8528,Q7253
bbq_v,09_13_0430_1_06,09_13_0430_1,Q7253,Sexual_orientation,nonneg,18cae3122b8d0afef302c7dd8f6fd24932741f3d62c5783f45b23b1589cb3636,Q7253
bbq_v,09_13_0430_1_07,09_13_0430_1,Q7253,Sexual_orientation,nonneg,c5dfc7d376173d5c1d67deb3632c5e4e02a9f970426ba819b3861f277abcd0ee,Q7253
bbq_v,09_13_0430_1_08,09_13_0430_1,Q7253,Sexual_orientation,nonneg,4d5f29f73b113bd4f0b34f8ebe7d9b886e62e4ecd8ee8fe04c93923bb68b57fd,Q7253
bbq_v,09_13_0430_1_09,09_13_0430_1,Q7253,Sexual_orientation,nonneg,37f660add305290d8dbc89cb25ba4d94235fa58342ed15fcdf6a83e8152dac4d,Q7253
bbq_v,09_13_0430_1_10,09_13_0430_1,Q7253,Sexual_orientation,nonneg,6a57f5f325e75f7d4ef65a629ea1903eb1948e3e3de45087847b2a5629c1d8c0,Q7253
bbq_v,09_13_0430_1_11,09_13_0430_1,Q7253,Sexual_orientation,nonneg,7927620e95b371d7d71c892e710c62ef576091fe836c910952a5960b512fe5e1,Q7253
bbq_v,09_13_0430_1_12,09_13_0430_1,Q7253,Sexual_orientation,nonneg,4b65aaebcde1e100a582c8d6015df2c81c025118f476b8ff412bd14c3dea2686,Q7253
bbq_v,09_16_0520_2_01,09_16_0520_2,Q2227,Sexual_orientation,neg,a0f74436592a9a6e729ce27394d257add3b234d26ecc01a183c6fc2c19faa93a,Q2227
bbq_v,09_16_0522_1_01,09_16_0522_1,Q2227,Sexual_orientation,nonneg,a0f74436592a9a6e729ce27394d257add3b234d26ecc01a183c6fc2c19faa93a,Q2227
bbq_v,09_17_0556_2_02,09_17_0556_2,Q903,Sexual_orientation,neg,02e60bebd616576e374f018fddef248454fe637dd86ac035e326cfae63555632,Q903
bbq_v,09_17_0558_1_02,09_17_0558_1,Q903,Sexual_orientation,nonneg,02e60bebd616576e374f018fddef248454fe637dd86ac035e326cfae63555632,Q903
bbq_v,09_17_0568_2_01,09_17_0568_2,Q442,Sexual_orientation,neg,9cefc87f2e0a1cb3c94098e8677cd4be2f0118a9112b1e34cb514f819c8261ae,Q442
bbq_v,09_17_0568_2_02,09_17_0568_2,Q442,Sexual_orientation,neg,2696219190bb098661a516482df12b576920898fd574fec8f93db00c1c8d1761,Q442
bbq_v,09_17_0570_1_01,09_17_0570_1,Q442,Sexual_orientation,nonneg,9cefc87f2e0a1cb3c94098e8677cd4be2f0118a9112b1e34cb514f819c8261ae,Q442
bbq_v,09_17_0570_1_02,09_17_0570_1,Q442,Sexual_orientation,nonneg,2696219190bb098661a516482df12b576920898fd574fec8f93db00c1c8d1761,Q442
bbq_v,09_17_0572_2_02,09_17_0572_2,Q753,Sexual_orientation,neg,596ae6da99e6da9170502142aa4fad294ed377072cb20b3f2c1d10fa71de062c,Q753
bbq_v,09_17_0574_1_02,09_17_0574_1,Q753,Sexual_orientation,nonneg,596ae6da99e6da9170502142aa4fad294ed377072cb20b3f2c1d10fa71de062c,Q753
bbq_v,09_18_0604_2_01,09_18_0604_2,Q2262,Sexual_orientation,neg,b7bc778d6b714d470f7e4a88f647312206673aaf7bb7e3be90f30ca9e60a436e,Q2262
bbq_v,09_18_0606_1_01,09_18_0606_1,Q2262,Sexual_orientation,nonneg,b7bc778d6b714d470f7e4a88f647312206673aaf7bb7e3be90f30ca9e60a436e,Q2262
bbq_v,09_19_0620_2_01,09_19_0620_2,Q4604,Sexual_orientation,neg,5741217b5bffdf5ff04854730d52ca26f53c6ee50321bb1a51f071b290ee6bd9,Q4604
bbq_v,09_19_0622_1_01,09_19_0622_1,Q4604,Sexual_orientation,nonneg,5741217b5bffdf5ff04854730d52ca26f53c6ee50321bb1a51f071b290ee6bd9,Q4604
bbq_v,09_19_0636_2_01,09_19_0636_2,Q4605,Sexual_orientation,neg,39fdc5ac1825e8500ef683b4dbab590e0c0890bc18b01ebb10015caaaede44aa,Q4605
bbq_v,09_19_0638_1_01,09_19_0638_1,Q4605,Sexual_orientation,nonneg,39fdc5ac1825e8500ef683b4dbab590e0c0890bc18b01ebb10015caaaede44aa,Q4605
bbq_v,09_20_0640_2_01,09_20_0640_2,Q3960,Sexual_orientation,neg,b7c2cff9416a13b49a353f27d0fdce02b9d642ca0b55aa8f2e27cd4880117459,Q3960
bbq_v,09_20_0640_2_02,09_20_0640_2,Q3960,Sexual_orientation,neg,ff82e11659b806fa942373c9a686bfc7d3560a2c76a09948bf8c922708966ec1,Q3960
bbq_v,09_20_0640_2_03,09_20_0640_2,Q3960,Sexual_orientation,neg,88f6549cc5dc4fe0ac8b3559e317551b10d3b7b93d7be3c6cf5f09c78e41c8a3,Q3960
bbq_v,09_20_0640_2_04,09_20_0640_2,Q3960,Sexual_orientation,neg,d447e606b7e1a121e4e9257183daec243da40f9e6930d9549326daf4d88e9aa4,Q3960
bbq_v,09_20_0640_2_05,09_20_0640_2,Q3960,Sexual_orientation,neg,de8588d5d6346a8633db11039b4f0150a082db8fc39ab583bb959c7e29aa5ab8,Q3960
bbq_v,09_20_0640_2_06,09_20_0640_2,Q3960,Sexual_orientation,neg,d4a4172df04dafeeb8cbcbb4eb214494f04cda2a4a8c86ea2451ea984cd6ce45,Q3960
bbq_v,09_20_0640_2_07,09_20_0640_2,Q3960,Sexual_orientation,neg,97f08af5515c69b0011803dc1c5cbe7ec626f60e533894fffa6a4b189a4bb1c7,Q3960
bbq_v,09_20_0640_2_08,09_20_0640_2,Q3960,Sexual_orientation,neg,62ab275b1e91984ebfab7c34dc9b6c6b5a836c1eb0538181b39b9f2b83ee66b0,Q3960
bbq_v,09_20_0640_2_09,09_20_0640_2,Q3960,Sexual_orientation,neg,d78d968c5c5a983672873579f2025ab7b66175250cc4dc4857422bc1e8a9cf5c,Q3960
bbq_v,09_20_0640_2_10,09_20_0640_2,Q3960,Sexual_orientation,neg,62a235aa53780ed73a43a729da2df1ba6fdc05e4bb36ea885793ed6fa4bbbd0f,Q3960
bbq_v,09_20_0642_1_01,09_20_0642_1,Q3960,Sexual_orientation,nonneg,b7c2cff9416a13b49a353f27d0fdce02b9d642ca0b55aa8f2e27cd4880117459,Q3960
bbq_v,09_20_0642_1_02,09_20_0642_1,Q3960,Sexual_orientation,nonneg,ff82e11659b806fa942373c9a686bfc7d3560a2c76a09948bf8c922708966ec1,Q3960
bbq_v,09_20_0642_1_03,09_20_0642_1,Q3960,Sexual_orientation,nonneg,88f6549cc5dc4fe0ac8b3559e317551b10d3b7b93d7be3c6cf5f09c78e41c8a3,Q3960
bbq_v,09_20_0642_1_04,09_20_0642_1,Q3960,Sexual_orientation,nonneg,d447e606b7e1a121e4e9257183daec243da40f9e6930d9549326daf4d88e9aa4,Q3960
bbq_v,09_20_0642_1_05,09_20_0642_1,Q3960,Sexual_orientation,nonneg,de8588d5d6346a8633db11039b4f0150a082db8fc39ab583bb959c7e29aa5ab8,Q3960
bbq_v,09_20_0642_1_06,09_20_0642_1,Q3960,Sexual_orientation,nonneg,d4a4172df04dafeeb8cbcbb4eb214494f04cda2a4a8c86ea2451ea984cd6ce45,Q3960
bbq_v,09_20_0642_1_07,09_20_0642_1,Q3960,Sexual_orientation,nonneg,97f08af5515c69b0011803dc1c5cbe7ec626f60e533894fffa6a4b189a4bb1c7,Q3960
bbq_v,09_20_0642_1_08,09_20_0642_1,Q3960,Sexual_orientation,nonneg,62ab275b1e91984ebfab7c34dc9b6c6b5a836c1eb0538181b39b9f2b83ee66b0,Q3960
bbq_v,09_20_0642_1_09,09_20_0642_1,Q3960,Sexual_orientation,nonneg,d78d968c5c5a983672873579f2025ab7b66175250cc4dc4857422bc1e8a9cf5c,Q3960
bbq_v,09_20_0642_1_10,09_20_0642_1,Q3960,Sexual_orientation,nonneg,62a235aa53780ed73a43a729da2df1ba6fdc05e4bb36ea885793ed6fa4bbbd0f,Q3960
bbq_v,09_21_0696_2_01,09_21_0696_2,Q7111,Sexual_orientation,neg,f26ecdfca6b845e0e5ad6a76a5633c0a03bcd727974db32bdf444faf8fd197d8,Q7111
bbq_v,09_21_0696_2_02,09_21_0696_2,Q7111,Sexual_orientation,neg,93963d4e4db17e0d77a22c223bdc130bc5a731ea5c5271d986e20a680ea74806,Q7111
bbq_v,09_21_0696_2_03,09_21_0696_2,Q7111,Sexual_orientation,neg,5708113f6957999b9e616c879301e6028495499b726df97929e8c103de1c3302,Q7111
bbq_v,09_21_0696_2_04,09_21_0696_2,Q7111,Sexual_orientation,neg,541488e18f6ba43cbbbae1fa57f2b58e8303b44d8cdc03d808f4c52d2faf065f,Q7111
bbq_v,09_21_0696_2_05,09_21_0696_2,Q7111,Sexual_orientation,neg,5a9c99bd4b9a30b7ef79552b772d6062717b4176c5024f5ba4a2fbdaea5a6b5a,Q7111
bbq_v,09_21_0696_2_06,09_21_0696_2,Q7111,Sexual_orientation,neg,628762da9f4d4e30d02a7a9360a622300230d779f67d292cb044d73a1a41affd,Q7111
bbq_v,09_21_0696_2_07,09_21_0696_2,Q7111,Sexual_orientation,neg,0452210da7b7e0ed26cb3d9f486fdf0751ca78b14d5728bdae0265661ae9e610,Q7111
bbq_v,09_21_0696_2_08,09_21_0696_2,Q7111,Sexual_orientation,neg,276035a833c6c16d48c863dd46e9c93e75270d3593e08bfa1210ad7975437f68,Q7111
bbq_v,09_21_0696_2_09,09_21_0696_2,Q7111,Sexual_orientation,neg,e03e4ffac9578ba8aa0d4386d29d738a4d281d7854c2870f661e8b8e775e676c,Q7111
bbq_v,09_21_0696_2_10,09_21_0696_2,Q7111,Sexual_orientation,neg,3b02597b1b222dc5f9faa0cc6ed820d2d6410e78751da3e40a139baf31ca6628,Q7111
bbq_v,09_21_0696_2_11,09_21_0696_2,Q7111,Sexual_orientation,neg,22543403933d0b27fd9f2d3884dc594b6e439c9eedefbfe407d8de51d32a5e2c,Q7111
bbq_v,09_21_0698_1_01,09_21_0698_1,Q7111,Sexual_orientation,nonneg,f26ecdfca6b845e0e5ad6a76a5633c0a03bcd727974db32bdf444faf8fd197d8,Q7111
bbq_v,09_21_0698_1_02,09_21_0698_1,Q7111,Sexual_orientation,nonneg,93963d4e4db17e0d77a22c223bdc130bc5a731ea5c5271d986e20a680ea74806,Q7111
bbq_v,09_21_0698_1_03,09_21_0698_1,Q7111,Sexual_orientation,nonneg,5708113f6957999b9e616c879301e6028495499b726df97929e8c103de1c3302,Q7111
bbq_v,09_21_0698_1_04,09_21_0698_1,Q7111,Sexual_orientation,nonneg,541488e18f6ba43cbbbae1fa57f2b58e8303b44d8cdc03d808f4c52d2faf065f,Q7111
bbq_v,09_21_0698_1_05,09_21_0698_1,Q7111,Sexual_orientation,nonneg,5a9c99bd4b9a30b7ef79552b772d6062717b4176c5024f5ba4a2fbdaea5a6b5a,Q7111
bbq_v,09_21_0698_1_06,09_21_0698_1,Q7111,Sexual_orientation,nonneg,628762da9f4d4e30d02a7a9360a622300230d779f67d292cb044d73a1a41affd,Q7111
bbq_v,09_21_0698_1_07,09_21_0698_1,Q7111,Sexual_orientation,nonneg,0452210da7b7e0ed26cb3d9f486fdf0751ca78b14d5728bdae0265661ae9e610,Q7111
bbq_v,09_21_0698_1_08,09_21_0698_1,Q7111,Sexual_orientation,nonneg,276035a833c6c16d48c863dd46e9c93e75270d3593e08bfa1210ad7975437f68,Q7111
bbq_v,09_21_0698_1_09,09_21_0698_1,Q7111,Sexual_orientation,nonneg,e03e4ffac9578ba8aa0d4386d29d738a4d281d7854c2870f661e8b8e775e676c,Q7111
bbq_v,09_21_0698_1_10,09_21_0698_1,Q7111,Sexual_orientation,nonneg,3b02597b1b222dc5f9faa0cc6ed820d2d6410e78751da3e40a139baf31ca6628,Q7111
bbq_v,09_21_0698_1_11,09_21_0698_1,Q7111,Sexual_orientation,nonneg,22543403933d0b27fd9f2d3884dc594b6e439c9eedefbfe407d8de51d32a5e2c,Q7111
bbq_v,09_22_0744_2_01,09_22_0744_2,Q2801,Sexual_orientation,neg,b3508245051b79e4ed62d012092038343fded9f61fce9a96cadf006320c048fb,Q2801
bbq_v,09_22_0744_2_02,09_22_0744_2,Q2801,Sexual_orientation,neg,3f1f8d7312564a332969d1e7b541c424d66fb28fcf163ad87fe8127a6c5a16e3,Q2801
bbq_v,09_22_0744_2_03,09_22_0744_2,Q2801,Sexual_orientation,neg,d2b4450c2809fb6d71438848f4ead6d3f368e0bdb995b7ad3dc10ed013aa6429,Q2801
bbq_v,09_22_0746_1_01,09_22_0746_1,Q2801,Sexual_orientation,nonneg,b3508245051b79e4ed62d012092038343fded9f61fce9a96cadf006320c048fb,Q2801
bbq_v,09_22_0746_1_02,09_22_0746_1,Q2801,Sexual_orientation,nonneg,3f1f8d7312564a332969d1e7b541c424d66fb28fcf163ad87fe8127a6c5a16e3,Q2801
bbq_v,09_22_0746_1_03,09_22_0746_1,Q2801,Sexual_orientation,nonneg,d2b4450c2809fb6d71438848f4ead6d3f368e0bdb995b7ad3dc10ed013aa6429,Q2801
bbq_v,09_22_0764_2_01,09_22_0764_2,Q2803,Sexual_orientation,neg,b992598bc9d62e19613b75846c2ad286c2f2b2c5d051c6f687a0ac21f1ff4897,Q2803
bbq_v,09_22_0764_2_02,09_22_0764_2,Q2803,Sexual_orientation,neg,e4ab5f5a131019b5b739ffb85b1a6bf8f96c3c2824f5ab679f6a45c794f8ef33,Q2803
bbq_v,09_22_0766_1_01,09_22_0766_1,Q2803,Sexual_orientation,nonneg,b992598bc9d62e19613b75846c2ad286c2f2b2c5d051c6f687a0ac21f1ff4897,Q2803
bbq_v,09_22_0766_1_02,09_22_0766_1,Q2803,Sexual_orientation,nonneg,e4ab5f5a131019b5b739ffb85b1a6bf8f96c3c2824f5ab679f6a45c794f8ef33,Q2803
bbq_v,09_23_0788_2_01,09_23_0788_2,Q6656,Sexual_orientation,neg,8a3f02fe0194fb7e848d167e1a709d4704a58df003354d0bd49b3aefc963bc8e,Q6656
bbq_v,09_23_0788_2_02,09_23_0788_2,Q6656,Sexual_orientation,neg,ea2c15028452cf8bf13d4c42acdb3e50298b59800cc861e148b1d3383cf00d2f,Q6656
bbq_v,09_23_0788_2_03,09_23_0788_2,Q6656,Sexual_orientation,neg,0d642674091777d7a51d916f510f4446a561cee95f795717ee0bcc458cd0c23e,Q6656
bbq_v,09_23_0788_2_04,09_23_0788_2,Q6656,Sexual_orientation,neg,110d46f2a986cc39f2dc6a93da6359187937962033cc49b22a27e607d7ef4b08,Q6656
bbq_v,09_23_0788_2_05,09_23_0788_2,Q6656,Sexual_orientation,neg,936760963dbdc7d9c21a547a36c40683dd648ab27df25249cabc395b73a7943c,Q6656
bbq_v,09_23_0788_2_06,09_23_0788_2,Q6656,Sexual_orientation,neg,f5da6daf6aa6f8440f70dd7863ccd25ca028f2ab25ab586bd135e549c10dd592,Q6656
bbq_v,09_23_0788_2_07,09_23_0788_2,Q6656,Sexual_orientation,neg,f44813c001005aca1434b13add6cb473d32c34271cc9fdb23f2b2bdec313dcc2,Q6656
bbq_v,09_23_0788_2_08,09_23_0788_2,Q6656,Sexual_orientation,neg,7544baf716817516267b6c9d9ec0eb8dc5b6f1a4ba8a34cc597a5a6043bbe311,Q6656
bbq_v,09_23_0788_2_09,09_23_0788_2,Q6656,Sexual_orientation,neg,9aed19d9aebd8840549fef0fe111b58cbb731aa0c5de1aa20a136ffb4a48cd74,Q6656
bbq_v,09_23_0788_2_10,09_23_0788_2,Q6656,Sexual_orientation,neg,fcdfdb3c16637dff1666ab530f7e5d286ccd7e03e67c25ce5433d1dbe3315c71,Q6656
bbq_v,09_23_0790_1_01,09_23_0790_1,Q6656,Sexual_orientation,nonneg,8a3f02fe0194fb7e848d167e1a709d4704a58df003354d0bd49b3aefc963bc8e,Q6656
bbq_v,09_23_0790_1_02,09_23_0790_1,Q6656,Sexual_orientation,nonneg,ea2c15028452cf8bf13d4c42acdb3e50298b59800cc861e148b1d3383cf00d2f,Q6656
bbq_v,09_23_0790_1_03,09_23_0790_1,Q6656,Sexual_orientation,nonneg,0d642674091777d7a51d916f510f4446a561cee95f795717ee0bcc458cd0c23e,Q6656
bbq_v,09_23_0790_1_04,09_23_0790_1,Q6656,Sexual_orientation,nonneg,110d46f2a986cc39f2dc6a93da6359187937962033cc49b22a27e607d7ef4b08,Q6656
bbq_v,09_23_0790_1_05,09_23_0790_1,Q6656,Sexual_orientation,nonneg,936760963dbdc7d9c21a547a36c40683dd648ab27df25249cabc395b73a7943c,Q6656
bbq_v,09_23_0790_1_06,09_23_0790_1,Q6656,Sexual_orientation,nonneg,f5da6daf6aa6f8440f70dd7863ccd25ca028f2ab25ab586bd135e549c10dd592,Q6656
bbq_v,09_23_0790_1_07,09_23_0790_1,Q6656,Sexual_orientation,nonneg,f44813c001005aca1434b13add6cb473d32c34271cc9fdb23f2b2bdec313dcc2,Q6656
bbq_v,09_23_0790_1_08,09_23_0790_1,Q6656,Sexual_orientation,nonneg,7544baf716817516267b6c9d9ec0eb8dc5b6f1a4ba8a34cc597a5a6043bbe311,Q6656
bbq_v,09_23_0790_1_09,09_23_0790_1,Q6656,Sexual_orientation,nonneg,9aed19d9aebd8840549fef0fe111b58cbb731aa0c5de1aa20a136ffb4a48cd74,Q6656
bbq_v,09_23_0790_1_10,09_23_0790_1,Q6656,Sexual_orientation,nonneg,fcdfdb3c16637dff1666ab530f7e5d286ccd7e03e67c25ce5433d1dbe3315c71,Q6656
bbq_v,09_25_0856_2_01,09_25_0856_2,Q4473,Sexual_orientation,neg,ba23ad6975be185de9920bfbd66721f862a149565968f0d3a7ee932cfb336290,Q4473
bbq_v,09_25_0858_1_01,09_25_0858_1,Q4473,Sexual_orientation,nonneg,ba23ad6975be185de9920bfbd66721f862a149565968f0d3a7ee932cfb336290,Q4473
bbq_v,09_25_0860_2_01,09_25_0860_2,Q4581,Sexual_orientation,neg,042ed22d468cede53b4fd598f13d620dae48ce82b88d8113eca0aaa6f2b6f789,Q4581
bbq_v,09_25_0862_1_01,09_25_0862_1,Q4581,Sexual_orientation,nonneg,042ed22d468cede53b4fd598f13d620dae48ce82b88d8113eca0aaa6f2b6f789,Q4581
