dataset,category,example_id,case_id,question_index,context_condition,question_polarity,natural_unit_id
bbq,Age,12,3,1,ambig,neg,Age:3
bbq,Age,13,3,1,disambig,neg,Age:3
bbq,Age,14,3,1,ambig,nonneg,Age:3
bbq,Age,15,3,1,disambig,nonneg,Age:3
bbq,Age,16,4,1,ambig,neg,Age:4
bbq,Age,17,4,1,disambig,neg,Age:4
bbq,Age,18,4,1,ambig,nonneg,Age:4
bbq,Age,19,4,1,disambig,nonneg,Age:4
bbq,Age,32,8,2,ambig,neg,Age:8
bbq,Age,33,8,2,disambig,neg,Age:8
bbq,Age,34,8,2,ambig,nonneg,Age:8
bbq,Age,35,8,2,disambig,nonneg,Age:8
bbq,Age,64,16,3,ambig,neg,Age:16
bbq,Age,65,16,3,disambig,neg,Age:16
bbq,Age,66,16,3,ambig,nonneg,Age:16
bbq,Age,67,16,3,disambig,nonneg,Age:16
bbq,Age,128,32,4,ambig,neg,Age:32
bbq,Age,129,32,4,disambig,neg,Age:32
bbq,Age,130,32,4,ambig,nonneg,Age:32
bbq,Age,131,32,4,disambig,nonneg,Age:32
bbq,Age,140,35,4,ambig,neg,Age:35
bbq,Age,141,35,4,disambig,neg,Age:35
bbq,Age,142,35,4,ambig,nonneg,Age:35
bbq,Age,143,35,4,disambig,nonneg,Age:35
bbq,Age,204,51,5,ambig,neg,Age:51
bbq,Age,205,51,5,disambig,neg,Age:51
bbq,Age,206,51,5,ambig,nonneg,Age:51
bbq,Age,207,51,5,disambig,nonneg,Age:51
bbq,Age,268,67,6,ambig,neg,Age:67
bbq,Age,269,67,6,disambig,neg,Age:67
bbq,Age,270,67,6,ambig,nonneg,Age:67
bbq,Age,271,67,6,disambig,nonneg,Age:67
bbq,Age,276,69,6,ambig,neg,Age:69
bbq,Age,277,69,6,disambig,neg,Age:69
bbq,Age,278,69,6,ambig,nonneg,Age:69
bbq,Age,279,69,6,disambig,nonneg,Age:69
bbq,Age,316,79,6,ambig,neg,Age:79
bbq,Age,317,79,6,disambig,neg,Age:79
bbq,Age,318,79,6,ambig,nonneg,Age:79
bbq,Age,319,79,6,disambig,nonneg,Age:79
bbq,Age,432,108,7,ambig,neg,Age:108
bbq,Age,433,108,7,disambig,neg,Age:108
bbq,Age,434,108,7,ambig,nonneg,Age:108
bbq,Age,435,108,7,disambig,nonneg,Age:108
bbq,Age,640,160,8,ambig,neg,Age:160
bbq,Age,641,160,8,disambig,neg,Age:160
bbq,Age,642,160,8,ambig,nonneg,Age:160
bbq,Age,643,160,8,disambig,nonneg,Age:160
bbq,Age,688,172,9,ambig,neg,Age:172
bbq,Age,689,172,9,disambig,neg,Age:172
bbq,Age,690,172,9,ambig,nonneg,Age:172
bbq,Age,691,172,9,disambig,nonneg,Age:172
bbq,Age,696,174,9,ambig,neg,Age:174
bbq,Age,697,174,9,disambig,neg,Age:174
bbq,Age,698,174,9,ambig,nonneg,Age:174
bbq,Age,699,174,9,disambig,nonneg,Age:174
bbq,Age,828,207,10,ambig,neg,Age:207
bbq,Age,829,207,10,disambig,neg,Age:207
bbq,Age,830,207,10,ambig,nonneg,Age:207
bbq,Age,831,207,10,disambig,nonneg,Age:207
bbq,Age,880,220,11,ambig,neg,Age:220
bbq,Age,881,220,11,disambig,neg,Age:220
bbq,Age,882,220,11,ambig,nonneg,Age:220
bbq,Age,883,220,11,disambig,nonneg,Age:220
bbq,Age,932,233,11,ambig,neg,Age:233
bbq,Age,933,233,11,disambig,neg,Age:233
bbq,Age,934,233,11,ambig,nonneg,Age:233
bbq,Age,935,233,11,disambig,nonneg,Age:233
bbq,Age,952,238,11,ambig,neg,Age:238
bbq,Age,953,238,11,disambig,neg,Age:238
bbq,Age,954,238,11,ambig,nonneg,Age:238
bbq,Age,955,238,11,disambig,nonneg,Age:238
bbq,Age,960,240,11,ambig,neg,Age:240
bbq,Age,961,240,11,disambig,neg,Age:240
bbq,Age,962,240,11,ambig,nonneg,Age:240
bbq,Age,963,240,11,disambig,nonneg,Age:240
bbq,Age,1020,255,12,ambig,neg,Age:255
bbq,Age,1021,255,12,disambig,neg,Age:255
bbq,Age,1022,255,12,ambig,nonneg,Age:255
bbq,Age,1023,255,12,disambig,nonneg,Age:255
bbq,Age,1036,259,12,ambig,neg,Age:259
bbq,Age,1037,259,12,disambig,neg,Age:259
bbq,Age,1038,259,12,ambig,nonneg,Age:259
bbq,Age,1039,259,12,disambig,nonneg,Age:259
bbq,Age,1096,274,13,ambig,neg,Age:274
bbq,Age,1097,274,13,disambig,neg,Age:274
bbq,Age,1098,274,13,ambig,nonneg,Age:274
bbq,Age,1099,274,13,disambig,nonneg,Age:274
bbq,Age,1108,277,13,ambig,neg,Age:277
bbq,Age,1109,277,13,disambig,neg,Age:277
bbq,Age,1110,277,13,ambig,nonneg,Age:277
bbq,Age,1111,277,13,disambig,nonneg,Age:277
bbq,Age,1112,278,13,ambig,neg,Age:278
bbq,Age,1113,278,13,disambig,neg,Age:278
bbq,Age,1114,278,13,ambig,nonneg,Age:278
bbq,Age,1115,278,13,disambig,nonneg,Age:278
bbq,Age,1140,285,13,ambig,neg,Age:285
bbq,Age,1141,285,13,disambig,neg,Age:285
bbq,Age,1142,285,13,ambig,nonneg,Age:285
bbq,Age,1143,285,13,disambig,nonneg,Age:285
bbq,Age,1176,294,14,ambig,neg,Age:294
bbq,Age,1177,294,14,disambig,neg,Age:294
bbq,Age,1178,294,14,ambig,nonneg,Age:294
bbq,Age,1179,294,14,disambig,nonneg,Age:294
bbq,Age,1216,304,14,ambig,neg,Age:304
bbq,Age,1217,304,14,disambig,neg,Age:304
bbq,Age,1218,304,14,ambig,nonneg,Age:304
bbq,Age,1219,304,14,disambig,nonneg,Age:304
bbq,Age,1324,331,15,ambig,neg,Age:331
bbq,Age,1325,331,15,disambig,neg,Age:331
bbq,Age,1326,331,15,ambig,nonneg,Age:331
bbq,Age,1327,331,15,disambig,nonneg,Age:331
bbq,Age,1388,347,16,ambig,neg,Age:347
bbq,Age,1389,347,16,disambig,neg,Age:347
bbq,Age,1390,347,16,ambig,nonneg,Age:347
bbq,Age,1391,347,16,disambig,nonneg,Age:347
bbq,Age,1512,378,16,ambig,neg,Age:378
bbq,Age,1513,378,16,disambig,neg,Age:378
bbq,Age,1514,378,16,ambig,nonneg,Age:378
bbq,Age,1515,378,16,disambig,nonneg,Age:378
bbq,Age,1548,387,17,ambig,neg,Age:387
bbq,Age,1549,387,17,disambig,neg,Age:387
bbq,Age,1550,387,17,ambig,nonneg,Age:387
bbq,Age,1551,387,17,disambig,nonneg,Age:387
bbq,Age,1564,391,17,ambig,neg,Age:391
bbq,Age,1565,391,17,disambig,neg,Age:391
bbq,Age,1566,391,17,ambig,nonneg,Age:391
bbq,Age,1567,391,17,disambig,nonneg,Age:391
bbq,Age,1752,438,18,ambig,neg,Age:438
bbq,Age,1753,438,18,disambig,neg,Age:438
bbq,Age,1754,438,18,ambig,nonneg,Age:438
bbq,Age,1755,438,18,disambig,nonneg,Age:438
bbq,Age,1892,473,19,ambig,neg,Age:473
bbq,Age,1893,473,19,disambig,neg,Age:473
bbq,Age,1894,473,19,ambig,nonneg,Age:473
bbq,Age,1895,473,19,disambig,nonneg,Age:473
bbq,Age,2148,537,20,ambig,neg,Age:537
bbq,Age,2149,537,20,disambig,neg,Age:537
bbq,Age,2150,537,20,ambig,nonneg,Age:537
bbq,Age,2151,537,20,disambig,nonneg,Age:537
bbq,Age,2152,538,20,ambig,neg,Age:538
bbq,Age,2153,538,20,disambig,neg,Age:538
bbq,Age,2154,538,20,ambig,nonneg,Age:538
bbq,Age,2155,538,20,disambig,nonneg,Age:538
bbq,Age,2400,600,21,ambig,neg,Age:600
bbq,Age,2401,600,21,disambig,neg,Age:600
bbq,Age,2402,600,21,ambig,nonneg,Age:600
bbq,Age,2403,600,21,disambig,nonneg,Age:600
bbq,Age,2424,606,21,ambig,neg,Age:606
bbq,Age,2425,606,21,disambig,neg,Age:606
bbq,Age,2426,606,21,ambig,nonneg,Age:606
bbq,Age,2427,606,21,disambig,nonneg,Age:606
bbq,Age,2580,645,22,ambig,neg,Age:645
bbq,Age,2581,645,22,disambig,neg,Age:645
bbq,Age,2582,645,22,ambig,nonneg,Age:645
bbq,Age,2583,645,22,disambig,nonneg,Age:645
bbq,Age,2800,700,22,ambig,neg,Age:700
bbq,Age,2801,700,22,disambig,neg,Age:700
bbq,Age,2802,700,22,ambig,nonneg,Age:700
bbq,Age,2803,700,22,disambig,nonneg,Age:700
bbq,Age,3052,763,23,ambig,neg,Age:763
bbq,Age,3053,763,23,disambig,neg,Age:763
bbq,Age,3054,763,23,ambig,nonneg,Age:763
bbq,Age,3055,763,23,disambig,nonneg,Age:763
bbq,Age,3156,789,23,ambig,neg,Age:789
bbq,Age,3157,789,23,disambig,neg,Age:789
bbq,Age,3158,789,23,ambig,nonneg,Age:789
bbq,Age,3159,789,23,disambig,nonneg,Age:789
bbq,Age,3328,832,24,ambig,neg,Age:832
bbq,Age,3329,832,24,disambig,neg,Age:832
bbq,Age,3330,832,24,ambig,nonneg,Age:832
bbq,Age,3331,832,24,disambig,nonneg,Age:832
bbq,Age,3508,877,25,ambig,neg,Age:877
bbq,Age,3509,877,25,disambig,neg,Age:877
bbq,Age,3510,877,25,ambig,nonneg,Age:877
bbq,Age,3511,877,25,disambig,nonneg,Age:877
bbq,Age,3620,905,25,ambig,neg,Age:905
bbq,Age,3621,905,25,disambig,neg,Age:905
bbq,Age,3622,905,25,ambig,nonneg,Age:905
bbq,Age,3623,905,25,disambig,nonneg,Age:905
bbq,Disability_status,44,11,1,ambig,neg,Disability_status:11
bbq,Disability_status,45,11,1,disambig,neg,Disability_status:11
bbq,Disability_status,46,11,1,ambig,nonneg,Disability_status:11
bbq,Disability_status,47,11,1,disambig,nonneg,Disability_status:11
bbq,Disability_status,136,34,2,ambig,neg,Disability_status:34
bbq,Disability_status,137,34,2,disambig,neg,Disability_status:34
bbq,Disability_status,138,34,2,ambig,nonneg,Disability_status:34
bbq,Disability_status,139,34,2,disambig,nonneg,Disability_status:34
bbq,Disability_status,280,70,2,ambig,neg,Disability_status:70
bbq,Disability_status,281,70,2,disambig,neg,Disability_status:70
bbq,Disability_status,282,70,2,ambig,nonneg,Disability_status:70
bbq,Disability_status,283,70,2,disambig,nonneg,Disability_status:70
bbq,Disability_status,304,76,3,ambig,neg,Disability_status:76
bbq,Disability_status,305,76,3,disambig,neg,Disability_status:76
bbq,Disability_status,306,76,3,ambig,nonneg,Disability_status:76
bbq,Disability_status,307,76,3,disambig,nonneg,Disability_status:76
bbq,Disability_status,308,77,3,ambig,neg,Disability_status:77
bbq,Disability_status,309,77,3,disambig,neg,Disability_status:77
bbq,Disability_status,310,77,3,ambig,nonneg,Disability_status:77
bbq,Disability_status,311,77,3,disambig,nonneg,Disability_status:77
bbq,Disability_status,332,83,3,ambig,neg,Disability_status:83
bbq,Disability_status,333,83,3,disambig,neg,Disability_status:83
bbq,Disability_status,334,83,3,ambig,nonneg,Disability_status:83
bbq,Disability_status,335,83,3,disambig,nonneg,Disability_status:83
bbq,Disability_status,356,89,4,ambig,neg,Disability_status:89
bbq,Disability_status,357,89,4,disambig,neg,Disability_status:89
bbq,Disability_status,358,89,4,ambig,nonneg,Disability_status:89
bbq,Disability_status,359,89,4,disambig,nonneg,Disability_status:89
bbq,Disability_status,372,93,5,ambig,neg,Disability_status:93
bbq,Disability_status,373,93,5,disambig,neg,Disability_status:93
bbq,Disability_status,374,93,5,ambig,nonneg,Disability_status:93
bbq,Disability_status,375,93,5,disambig,nonneg,Disability_status:93
bbq,Disability_status,392,98,6,ambig,neg,Disability_status:98
bbq,Disability_status,393,98,6,disambig,neg,Disability_status:98
bbq,Disability_status,394,98,6,ambig,nonneg,Disability_status:98
bbq,Disability_status,395,98,6,disambig,nonneg,Disability_status:98
bbq,Disability_status,400,100,6,ambig,neg,Disability_status:100
bbq,Disability_status,401,100,6,disambig,neg,Disability_status:100
bbq,Disability_status,402,100,6,ambig,nonneg,Disability_status:100
bbq,Disability_status,403,100,6,disambig,nonneg,Disability_status:100
bbq,Disability_status,420,105,7,ambig,neg,Disability_status:105
bbq,Disability_status,421,105,7,disambig,neg,Disability_status:105
bbq,Disability_status,422,105,7,ambig,nonneg,Disability_status:105
bbq,Disability_status,423,105,7,disambig,nonneg,Disability_status:105
bbq,Disability_status,436,109,7,ambig,neg,Disability_status:109
bbq,Disability_status,437,109,7,disambig,neg,Disability_status:109
bbq,Disability_status,438,109,7,ambig,nonneg,Disability_status:109
bbq,Disability_status,439,109,7,disambig,nonneg,Disability_status:109
bbq,Disability_status,440,110,7,ambig,neg,Disability_status:110
bbq,Disability_status,441,110,7,disambig,neg,Disability_status:110
bbq,Disability_status,442,110,7,ambig,nonneg,Disability_status:110
bbq,Disability_status,443,110,7,disambig,nonneg,Disability_status:110
bbq,Disability_status,484,121,8,ambig,neg,Disability_status:121
bbq,Disability_status,485,121,8,disambig,neg,Disability_status:121
bbq,Disability_status,486,121,8,ambig,nonneg,Disability_status:121
bbq,Disability_status,487,121,8,disambig,nonneg,Disability_status:121
bbq,Disability_status,488,122,8,ambig,neg,Disability_status:122
bbq,Disability_status,489,122,8,disambig,neg,Disability_status:122
bbq,Disability_status,490,122,8,ambig,nonneg,Disability_status:122
bbq,Disability_status,491,122,8,disambig,nonneg,Disability_status:122
bbq,Disability_status,520,130,9,ambig,neg,Disability_status:130
bbq,Disability_status,521,130,9,disambig,neg,Disability_status:130
bbq,Disability_status,522,130,9,ambig,nonneg,Disability_status:130
bbq,Disability_status,523,130,9,disambig,nonneg,Disability_status:130
bbq,Disability_status,584,146,9,ambig,neg,Disability_status:146
bbq,Disability_status,585,146,9,disambig,neg,Disability_status:146
bbq,Disability_status,586,146,9,ambig,nonneg,Disability_status:146
bbq,Disability_status,587,146,9,disambig,nonneg,Disability_status:146
bbq,Disability_status,688,172,10,ambig,neg,Disability_status:172
bbq,Disability_status,689,172,10,disambig,neg,Disability_status:172
bbq,Disability_status,690,172,10,ambig,nonneg,Disability_status:172
bbq,Disability_status,691,172,10,disambig,nonneg,Disability_status:172
bbq,Disability_status,732,183,10,ambig,neg,Disability_status:183
bbq,Disability_status,733,183,10,disambig,neg,Disability_status:183
bbq,Disability_status,734,183,10,ambig,nonneg,Disability_status:183
bbq,Disability_status,735,183,10,disambig,nonneg,Disability_status:183
bbq,Disability_status,744,186,10,ambig,neg,Disability_status:186
bbq,Disability_status,745,186,10,disambig,neg,Disability_status:186
bbq,Disability_status,746,186,10,ambig,nonneg,Disability_status:186
bbq,Disability_status,747,186,10,disambig,nonneg,Disability_status:186
bbq,Disability_status,780,195,11,ambig,neg,Disability_status:195
bbq,Disability_status,781,195,11,disambig,neg,Disability_status:195
bbq,Disability_status,782,195,11,ambig,nonneg,Disability_status:195
bbq,Disability_status,783,195,11,disambig,nonneg,Disability_status:195
bbq,Disability_status,804,201,11,ambig,neg,Disability_status:201
bbq,Disability_status,805,201,11,disambig,neg,Disability_status:201
bbq,Disability_status,806,201,11,ambig,nonneg,Disability_status:201
bbq,Disability_status,807,201,11,disambig,nonneg,Disability_status:201
bbq,Disability_status,844,211,11,ambig,neg,Disability_status:211
bbq,Disability_status,845,211,11,disambig,neg,Disability_status:211
bbq,Disability_status,846,211,11,ambig,nonneg,Disability_status:211
bbq,Disability_status,847,211,11,disambig,nonneg,Disability_status:211
bbq,Disability_status,924,231,12,ambig,neg,Disability_status:231
bbq,Disability_status,925,231,12,disambig,neg,Disability_status:231
bbq,Disability_status,926,231,12,ambig,nonneg,Disability_status:231
bbq,Disability_status,927,231,12,disambig,nonneg,Disability_status:231
bbq,Disability_status,1016,254,13,ambig,neg,Disability_status:254
bbq,Disability_status,1017,254,13,disambig,neg,Disability_status:254
bbq,Disability_status,1018,254,13,ambig,nonneg,Disability_status:254
bbq,Disability_status,1019,254,13,disambig,nonneg,Disability_status:254
bbq,Disability_status,1068,267,14,ambig,neg,Disability_status:267
bbq,Disability_status,1069,267,14,disambig,neg,Disability_status:267
bbq,Disability_status,1070,267,14,ambig,nonneg,Disability_status:267
bbq,Disability_status,1071,267,14,disambig,nonneg,Disability_status:267
bbq,Disability_status,1092,273,14,ambig,neg,Disability_status:273
bbq,Disability_status,1093,273,14,disambig,neg,Disability_status:273
bbq,Disability_status,1094,273,14,ambig,nonneg,Disability_status:273
bbq,Disability_status,1095,273,14,disambig,nonneg,Disability_status:273
bbq,Disability_status,1144,286,15,ambig,neg,Disability_status:286
bbq,Disability_status,1145,286,15,disambig,neg,Disability_status:286
bbq,Disability_status,1146,286,15,ambig,nonneg,Disability_status:286
bbq,Disability_status,1147,286,15,disambig,nonneg,Disability_status:286
bbq,Disability_status,1172,293,16,ambig,neg,Disability_status:293
bbq,Disability_status,1173,293,16,disambig,neg,Disability_status:293
bbq,Disability_status,1174,293,16,ambig,nonneg,Disability_status:293
bbq,Disability_status,1175,293,16,disambig,nonneg,Disability_status:293
bbq,Disability_status,1192,298,16,ambig,neg,Disability_status:298
bbq,Disability_status,1193,298,16,disambig,neg,Disability_status:298
bbq,Disability_status,1194,298,16,ambig,nonneg,Disability_status:298
bbq,Disability_status,1195,298,16,disambig,nonneg,Disability_status:298
bbq,Disability_status,1196,299,16,ambig,neg,Disability_status:299
bbq,Disability_status,1197,299,16,disambig,neg,Disability_status:299
bbq,Disability_status,1198,299,16,ambig,nonneg,Disability_status:299
bbq,Disability_status,1199,299,16,disambig,nonneg,Disability_status:299
bbq,Disability_status,1204,301,17,ambig,neg,Disability_status:301
bbq,Disability_status,1205,301,17,disambig,neg,Disability_status:301
bbq,Disability_status,1206,301,17,ambig,nonneg,Disability_status:301
bbq,Disability_status,1207,301,17,disambig,nonneg,Disability_status:301
bbq,Disability_status,1256,314,17,ambig,neg,Disability_status:314
bbq,Disability_status,1257,314,17,disambig,neg,Disability_status:314
bbq,Disability_status,1258,314,17,ambig,nonneg,Disability_status:314
bbq,Disability_status,1259,314,17,disambig,nonneg,Disability_status:314
bbq,Disability_status,1308,327,18,ambig,neg,Disability_status:327
bbq,Disability_status,1309,327,18,disambig,neg,Disability_status:327
bbq,Disability_status,1310,327,18,ambig,nonneg,Disability_status:327
bbq,Disability_status,1311,327,18,disambig,nonneg,Disability_status:327
bbq,Disability_status,1324,331,19,ambig,neg,Disability_status:331
bbq,Disability_status,1325,331,19,disambig,neg,Disability_status:331
bbq,Disability_status,1326,331,19,ambig,nonneg,Disability_status:331
bbq,Disability_status,1327,331,19,disambig,nonneg,Disability_status:331
bbq,Disability_status,1340,335,20,ambig,neg,Disability_status:335
bbq,Disability_status,1341,335,20,disambig,neg,Disability_status:335
bbq,Disability_status,1342,335,20,ambig,nonneg,Disability_status:335
bbq,Disability_status,1343,335,20,disambig,nonneg,Disability_status:335
bbq,Disability_status,1356,339,20,ambig,neg,Disability_status:339
bbq,Disability_status,1357,339,20,disambig,neg,Disability_status:339
bbq,Disability_status,1358,339,20,ambig,nonneg,Disability_status:339
bbq,Disability_status,1359,339,20,disambig,nonneg,Disability_status:339
bbq,Disability_status,1360,340,20,ambig,neg,Disability_status:340
bbq,Disability_status,1361,340,20,disambig,neg,Disability_status:340
bbq,Disability_status,1362,340,20,ambig,nonneg,Disability_status:340
bbq,Disability_status,1363,340,20,disambig,nonneg,Disability_status:340
bbq,Disability_status,1388,347,21,ambig,neg,Disability_status:347
bbq,Disability_status,1389,347,21,disambig,neg,Disability_status:347
bbq,Disability_status,1390,347,21,ambig,nonneg,Disability_status:347
bbq,Disability_status,1391,347,21,disambig,nonneg,Disability_status:347
bbq,Disability_status,1448,362,22,ambig,neg,Disability_status:362
bbq,Disability_status,1449,362,22,disambig,neg,Disability_status:362
bbq,Disability_status,1450,362,22,ambig,nonneg,Disability_status:362
bbq,Disability_status,1451,362,22,disambig,nonneg,Disability_status:362
bbq,Disability_status,1472,368,23,ambig,neg,Disability_status:368
bbq,Disability_status,1473,368,23,disambig,neg,Disability_status:368
bbq,Disability_status,1474,368,23,ambig,nonneg,Disability_status:368
bbq,Disability_status,1475,368,23,disambig,nonneg,Disability_status:368
bbq,Disability_status,1476,369,23,ambig,neg,Disability_status:369
bbq,Disability_status,1477,369,23,disambig,neg,Disability_status:369
bbq,Disability_status,1478,369,23,ambig,nonneg,Disability_status:369
bbq,Disability_status,1479,369,23,disambig,nonneg,Disability_status:369
bbq,Disability_status,1504,376,24,ambig,neg,Disability_status:376
bbq,Disability_status,1505,376,24,disambig,neg,Disability_status:376
bbq,Disability_status,1506,376,24,ambig,nonneg,Disability_status:376
bbq,Disability_status,1507,376,24,disambig,nonneg,Disability_status:376
bbq,Disability_status,1540,385,25,ambig,neg,Disability_status:385
bbq,Disability_status,1541,385,25,disambig,neg,Disability_status:385
bbq,Disability_status,1542,385,25,ambig,nonneg,Disability_status:385
bbq,Disability_status,1543,385,25,disambig,nonneg,Disability_status:385
bbq,Disability_status,1548,387,25,ambig,neg,Disability_status:387
bbq,Disability_status,1549,387,25,disambig,neg,Disability_status:387
bbq,Disability_status,1550,387,25,ambig,nonneg,Disability_status:387
bbq,Disability_status,1551,387,25,disambig,nonneg,Disability_status:387
bbq,Gender_identity,0,0,1,ambig,neg,Gender_identity:0
bbq,Gender_identity,1,0,1,disambig,neg,Gender_identity:0
bbq,Gender_identity,2,0,1,ambig,nonneg,Gender_identity:0
bbq,Gender_identity,3,0,1,disambig,nonneg,Gender_identity:0
bbq,Gender_identity,12,3,2,ambig,neg,Gender_identity:3
bbq,Gender_identity,13,3,2,disambig,neg,Gender_identity:3
bbq,Gender_identity,14,3,2,ambig,nonneg,Gender_identity:3
bbq,Gender_identity,15,3,2,disambig,nonneg,Gender_identity:3
bbq,Gender_identity,16,4,3,ambig,neg,Gender_identity:4
bbq,Gender_identity,17,4,3,disambig,neg,Gender_identity:4
bbq,Gender_identity,18,4,3,ambig,nonneg,Gender_identity:4
bbq,Gender_identity,19,4,3,disambig,nonneg,Gender_identity:4
bbq,Gender_identity,24,6,4,ambig,neg,Gender_identity:6
bbq,Gender_identity,25,6,4,disambig,neg,Gender_identity:6
bbq,Gender_identity,26,6,4,ambig,nonneg,Gender_identity:6
bbq,Gender_identity,27,6,4,disambig,nonneg,Gender_identity:6
bbq,Gender_identity,32,8,5,ambig,neg,Gender_identity:8
bbq,Gender_identity,33,8,5,disambig,neg,Gender_identity:8
bbq,Gender_identity,34,8,5,ambig,nonneg,Gender_identity:8
bbq,Gender_identity,35,8,5,disambig,nonneg,Gender_identity:8
bbq,Gender_identity,40,10,6,ambig,neg,Gender_identity:10
bbq,Gender_identity,41,10,6,disambig,neg,Gender_identity:10
bbq,Gender_identity,42,10,6,ambig,nonneg,Gender_identity:10
bbq,Gender_identity,43,10,6,disambig,nonneg,Gender_identity:10
bbq,Gender_identity,48,12,7,ambig,neg,Gender_identity:12
bbq,Gender_identity,49,12,7,disambig,neg,Gender_identity:12
bbq,Gender_identity,50,12,7,ambig,nonneg,Gender_identity:12
bbq,Gender_identity,51,12,7,disambig,nonneg,Gender_identity:12
bbq,Gender_identity,60,15,8,ambig,neg,Gender_identity:15
bbq,Gender_identity,61,15,8,disambig,neg,Gender_identity:15
bbq,Gender_identity,62,15,8,ambig,nonneg,Gender_identity:15
bbq,Gender_identity,63,15,8,disambig,nonneg,Gender_identity:15
bbq,Gender_identity,64,16,9,ambig,neg,Gender_identity:16
bbq,Gender_identity,65,16,9,disambig,neg,Gender_identity:16
bbq,Gender_identity,66,16,9,ambig,nonneg,Gender_identity:16
bbq,Gender_identity,67,16,9,disambig,nonneg,Gender_identity:16
bbq,Gender_identity,108,27,10,ambig,neg,Gender_identity:27
bbq,Gender_identity,109,27,10,disambig,neg,Gender_identity:27
bbq,Gender_identity,110,27,10,ambig,nonneg,Gender_identity:27
bbq,Gender_identity,111,27,10,disambig,nonneg,Gender_identity:27
bbq,Gender_identity,144,36,11,ambig,neg,Gender_identity:36
bbq,Gender_identity,145,36,11,disambig,neg,Gender_identity:36
bbq,Gender_identity,146,36,11,ambig,nonneg,Gender_identity:36
bbq,Gender_identity,147,36,11,disambig,nonneg,Gender_identity:36
bbq,Gender_identity,232,58,12,ambig,neg,Gender_identity:58
bbq,Gender_identity,233,58,12,disambig,neg,Gender_identity:58
bbq,Gender_identity,234,58,12,ambig,nonneg,Gender_identity:58
bbq,Gender_identity,235,58,12,disambig,nonneg,Gender_identity:58
bbq,Gender_identity,324,81,13,ambig,neg,Gender_identity:81
bbq,Gender_identity,325,81,13,disambig,neg,Gender_identity:81
bbq,Gender_identity,326,81,13,ambig,nonneg,Gender_identity:81
bbq,Gender_identity,327,81,13,disambig,nonneg,Gender_identity:81
bbq,Gender_identity,328,82,14,ambig,neg,Gender_identity:82
bbq,Gender_identity,329,82,14,disambig,neg,Gender_identity:82
bbq,Gender_identity,330,82,14,ambig,nonneg,Gender_identity:82
bbq,Gender_identity,331,82,14,disambig,nonneg,Gender_identity:82
bbq,Gender_identity,336,84,15,ambig,neg,Gender_identity:84
bbq,Gender_identity,337,84,15,disambig,neg,Gender_identity:84
bbq,Gender_identity,338,84,15,ambig,nonneg,Gender_identity:84
bbq,Gender_identity,339,84,15,disambig,nonneg,Gender_identity:84
bbq,Gender_identity,376,94,16,ambig,neg,Gender_identity:94
bbq,Gender_identity,377,94,16,disambig,neg,Gender_identity:94
bbq,Gender_identity,378,94,16,ambig,nonneg,Gender_identity:94
bbq,Gender_identity,379,94,16,disambig,nonneg,Gender_identity:94
bbq,Gender_identity,584,146,17,ambig,neg,Gender_identity:146
bbq,Gender_identity,585,146,17,disambig,neg,Gender_identity:146
bbq,Gender_identity,586,146,17,ambig,nonneg,Gender_identity:146
bbq,Gender_identity,587,146,17,disambig,nonneg,Gender_identity:146
bbq,Gender_identity,604,151,18,ambig,neg,Gender_identity:151
bbq,Gender_identity,605,151,18,disambig,neg,Gender_identity:151
bbq,Gender_identity,606,151,18,ambig,nonneg,Gender_identity:151
bbq,Gender_identity,607,151,18,disambig,nonneg,Gender_identity:151
bbq,Gender_identity,612,153,19,ambig,neg,Gender_identity:153
bbq,Gender_identity,613,153,19,disambig,neg,Gender_identity:153
bbq,Gender_identity,614,153,19,ambig,nonneg,Gender_identity:153
bbq,Gender_identity,615,153,19,disambig,nonneg,Gender_identity:153
bbq,Gender_identity,624,156,20,ambig,neg,Gender_identity:156
bbq,Gender_identity,625,156,20,disambig,neg,Gender_identity:156
bbq,Gender_identity,626,156,20,ambig,nonneg,Gender_identity:156
bbq,Gender_identity,627,156,20,disambig,nonneg,Gender_identity:156
bbq,Gender_identity,636,159,21,ambig,neg,Gender_identity:159
bbq,Gender_identity,637,159,21,disambig,neg,Gender_identity:159
bbq,Gender_identity,638,159,21,ambig,nonneg,Gender_identity:159
bbq,Gender_identity,639,159,21,disambig,nonneg,Gender_identity:159
bbq,Gender_identity,640,160,22,ambig,neg,Gender_identity:160
bbq,Gender_identity,641,160,22,disambig,neg,Gender_identity:160
bbq,Gender_identity,642,160,22,ambig,nonneg,Gender_identity:160
bbq,Gender_identity,643,160,22,disambig,nonneg,Gender_identity:160
bbq,Gender_identity,652,163,23,ambig,neg,Gender_identity:163
bbq,Gender_identity,653,163,23,disambig,neg,Gender_identity:163
bbq,Gender_identity,654,163,23,ambig,nonneg,Gender_identity:163
bbq,Gender_identity,655,163,23,disambig,nonneg,Gender_identity:163
bbq,Gender_identity,660,165,24,ambig,neg,Gender_identity:165
bbq,Gender_identity,661,165,24,disambig,neg,Gender_identity:165
bbq,Gender_identity,662,165,24,ambig,nonneg,Gender_identity:165
bbq,Gender_identity,663,165,24,disambig,nonneg,Gender_identity:165
bbq,Gender_identity,664,166,25,ambig,neg,Gender_identity:166
bbq,Gender_identity,665,166,25,disambig,neg,Gender_identity:166
bbq,Gender_identity,666,166,25,ambig,nonneg,Gender_identity:166
bbq,Gender_identity,667,166,25,disambig,nonneg,Gender_identity:166
bbq,Gender_identity,800,200,26,ambig,neg,Gender_identity:200
bbq,Gender_identity,801,200,26,disambig,neg,Gender_identity:200
bbq,Gender_identity,802,200,26,ambig,nonneg,Gender_identity:200
bbq,Gender_identity,803,200,26,disambig,nonneg,Gender_identity:200
bbq,Gender_identity,1040,260,27,ambig,neg,Gender_identity:260
bbq,Gender_identity,1041,260,27,disambig,neg,Gender_identity:260
bbq,Gender_identity,1042,260,27,ambig,nonneg,Gender_identity:260
bbq,Gender_identity,1043,260,27,disambig,nonneg,Gender_identity:260
bbq,Gender_identity,1120,280,28,ambig,neg,Gender_identity:280
bbq,Gender_identity,1121,280,28,disambig,neg,Gender_identity:280
bbq,Gender_identity,1122,280,28,ambig,nonneg,Gender_identity:280
bbq,Gender_identity,1123,280,28,disambig,nonneg,Gender_identity:280
bbq,Gender_identity,1300,325,29,ambig,neg,Gender_identity:325
bbq,Gender_identity,1301,325,29,disambig,neg,Gender_identity:325
bbq,Gender_identity,1302,325,29,ambig,nonneg,Gender_identity:325
bbq,Gender_identity,1303,325,29,disambig,nonneg,Gender_identity:325
bbq,Gender_identity,1788,447,31,ambig,neg,Gender_identity:447
bbq,Gender_identity,1789,447,31,disambig,neg,Gender_identity:447
bbq,Gender_identity,1790,447,31,ambig,nonneg,Gender_identity:447
bbq,Gender_identity,1791,447,31,disambig,nonneg,Gender_identity:447
bbq,Gender_identity,1872,468,32,ambig,neg,Gender_identity:468
bbq,Gender_identity,1873,468,32,disambig,neg,Gender_identity:468
bbq,Gender_identity,1874,468,32,ambig,nonneg,Gender_identity:468
bbq,Gender_identity,1875,468,32,disambig,nonneg,Gender_identity:468
bbq,Gender_identity,2120,530,33,ambig,neg,Gender_identity:530
bbq,Gender_identity,2121,530,33,disambig,neg,Gender_identity:530
bbq,Gender_identity,2122,530,33,ambig,nonneg,Gender_identity:530
bbq,Gender_identity,2123,530,33,disambig,nonneg,Gender_identity:530
bbq,Gender_identity,2396,599,34,ambig,neg,Gender_identity:599
bbq,Gender_identity,2397,599,34,disambig,neg,Gender_identity:599
bbq,Gender_identity,2398,599,34,ambig,nonneg,Gender_identity:599
bbq,Gender_identity,2399,599,34,disambig,nonneg,Gender_identity:599
bbq,Gender_identity,2980,745,37,ambig,neg,Gender_identity:745
bbq,Gender_identity,2981,745,37,disambig,neg,Gender_identity:745
bbq,Gender_identity,2982,745,37,ambig,nonneg,Gender_identity:745
bbq,Gender_identity,2983,745,37,disambig,nonneg,Gender_identity:745
bbq,Gender_identity,3192,798,38,ambig,neg,Gender_identity:798
bbq,Gender_identity,3193,798,38,disambig,neg,Gender_identity:798
bbq,Gender_identity,3194,798,38,ambig,nonneg,Gender_identity:798
bbq,Gender_identity,3195,798,38,disambig,nonneg,Gender_identity:798
bbq,Gender_identity,3360,840,39,ambig,neg,Gender_identity:840
bbq,Gender_identity,3361,840,39,disambig,neg,Gender_identity:840
bbq,Gender_identity,3362,840,39,ambig,nonneg,Gender_identity:840
bbq,Gender_identity,3363,840,39,disambig,nonneg,Gender_identity:840
bbq,Gender_identity,3516,879,40,ambig,neg,Gender_identity:879
bbq,Gender_identity,3517,879,40,disambig,neg,Gender_identity:879
bbq,Gender_identity,3518,879,40,ambig,nonneg,Gender_identity:879
bbq,Gender_identity,3519,879,40,disambig,nonneg,Gender_identity:879
bbq,Gender_identity,3752,938,41,ambig,neg,Gender_identity:938
bbq,Gender_identity,3753,938,41,disambig,neg,Gender_identity:938
bbq,Gender_identity,3754,938,41,ambig,nonneg,Gender_identity:938
bbq,Gender_identity,3755,938,41,disambig,nonneg,Gender_identity:938
bbq,Gender_identity,3944,986,42,ambig,neg,Gender_identity:986
bbq,Gender_identity,3945,986,42,disambig,neg,Gender_identity:986
bbq,Gender_identity,3946,986,42,ambig,nonneg,Gender_identity:986
bbq,Gender_identity,3947,986,42,disambig,nonneg,Gender_identity:986
bbq,Gender_identity,4456,1114,44,ambig,neg,Gender_identity:1114
bbq,Gender_identity,4457,1114,44,disambig,neg,Gender_identity:1114
bbq,Gender_identity,4458,1114,44,ambig,nonneg,Gender_identity:1114
bbq,Gender_identity,4459,1114,44,disambig,nonneg,Gender_identity:1114
bbq,Gender_identity,4656,1164,45,ambig,neg,Gender_identity:1164
bbq,Gender_identity,4657,1164,45,disambig,neg,Gender_identity:1164
bbq,Gender_identity,4658,1164,45,ambig,nonneg,Gender_identity:1164
bbq,Gender_identity,4659,1164,45,disambig,nonneg,Gender_identity:1164
bbq,Gender_identity,4844,1211,46,ambig,neg,Gender_identity:1211
bbq,Gender_identity,4845,1211,46,disambig,neg,Gender_identity:1211
bbq,Gender_identity,4846,1211,46,ambig,nonneg,Gender_identity:1211
bbq,Gender_identity,4847,1211,46,disambig,nonneg,Gender_identity:1211
bbq,Gender_identity,4956,1239,47,ambig,neg,Gender_identity:1239
bbq,Gender_identity,4957,1239,47,disambig,neg,Gender_identity:1239
bbq,Gender_identity,4958,1239,47,ambig,nonneg,Gender_identity:1239
bbq,Gender_identity,4959,1239,47,disambig,nonneg,Gender_identity:1239
bbq,Gender_identity,5216,1304,48,ambig,neg,Gender_identity:1304
bbq,Gender_identity,5217,1304,48,disambig,neg,Gender_identity:1304
bbq,Gender_identity,5218,1304,48,ambig,nonneg,Gender_identity:1304
bbq,Gender_identity,5219,1304,48,disambig,nonneg,Gender_identity:1304
bbq,Gender_identity,5308,1327,49,ambig,neg,Gender_identity:1327
bbq,Gender_identity,5309,1327,49,disambig,neg,Gender_identity:1327
bbq,Gender_identity,5310,1327,49,ambig,nonneg,Gender_identity:1327
bbq,Gender_identity,5311,1327,49,disambig,nonneg,Gender_identity:1327
bbq,Gender_identity,5476,1369,50,ambig,neg,Gender_identity:1369
bbq,Gender_identity,5477,1369,50,disambig,neg,Gender_identity:1369
bbq,Gender_identity,5478,1369,50,ambig,nonneg,Gender_identity:1369
bbq,Gender_identity,5479,1369,50,disambig,nonneg,Gender_identity:1369
bbq,Nationality,16,4,1,ambig,neg,Nationality:4
bbq,Nationality,17,4,1,disambig,neg,Nationality:4
bbq,Nationality,18,4,1,ambig,nonneg,Nationality:4
bbq,Nationality,19,4,1,disambig,nonneg,Nationality:4
bbq,Nationality,44,11,2,ambig,neg,Nationality:11
bbq,Nationality,45,11,2,disambig,neg,Nationality:11
bbq,Nationality,46,11,2,ambig,nonneg,Nationality:11
bbq,Nationality,47,11,2,disambig,nonneg,Nationality:11
bbq,Nationality,80,20,3,ambig,neg,Nationality:20
bbq,Nationality,81,20,3,disambig,neg,Nationality:20
bbq,Nationality,82,20,3,ambig,nonneg,Nationality:20
bbq,Nationality,83,20,3,disambig,nonneg,Nationality:20
bbq,Nationality,132,33,4,ambig,neg,Nationality:33
bbq,Nationality,133,33,4,disambig,neg,Nationality:33
bbq,Nationality,134,33,4,ambig,nonneg,Nationality:33
bbq,Nationality,135,33,4,disambig,nonneg,Nationality:33
bbq,Nationality,396,99,5,ambig,neg,Nationality:99
bbq,Nationality,397,99,5,disambig,neg,Nationality:99
bbq,Nationality,398,99,5,ambig,nonneg,Nationality:99
bbq,Nationality,399,99,5,disambig,nonneg,Nationality:99
bbq,Nationality,552,138,6,ambig,neg,Nationality:138
bbq,Nationality,553,138,6,disambig,neg,Nationality:138
bbq,Nationality,554,138,6,ambig,nonneg,Nationality:138
bbq,Nationality,555,138,6,disambig,nonneg,Nationality:138
bbq,Nationality,572,143,7,ambig,neg,Nationality:143
bbq,Nationality,573,143,7,disambig,neg,Nationality:143
bbq,Nationality,574,143,7,ambig,nonneg,Nationality:143
bbq,Nationality,575,143,7,disambig,nonneg,Nationality:143
bbq,Nationality,612,153,8,ambig,neg,Nationality:153
bbq,Nationality,613,153,8,disambig,neg,Nationality:153
bbq,Nationality,614,153,8,ambig,nonneg,Nationality:153
bbq,Nationality,615,153,8,disambig,nonneg,Nationality:153
bbq,Nationality,692,173,8,ambig,neg,Nationality:173
bbq,Nationality,693,173,8,disambig,neg,Nationality:173
bbq,Nationality,694,173,8,ambig,nonneg,Nationality:173
bbq,Nationality,695,173,8,disambig,nonneg,Nationality:173
bbq,Nationality,736,184,8,ambig,neg,Nationality:184
bbq,Nationality,737,184,8,disambig,neg,Nationality:184
bbq,Nationality,738,184,8,ambig,nonneg,Nationality:184
bbq,Nationality,739,184,8,disambig,nonneg,Nationality:184
bbq,Nationality,848,212,9,ambig,neg,Nationality:212
bbq,Nationality,849,212,9,disambig,neg,Nationality:212
bbq,Nationality,850,212,9,ambig,nonneg,Nationality:212
bbq,Nationality,851,212,9,disambig,nonneg,Nationality:212
bbq,Nationality,1024,256,10,ambig,neg,Nationality:256
bbq,Nationality,1025,256,10,disambig,neg,Nationality:256
bbq,Nationality,1026,256,10,ambig,nonneg,Nationality:256
bbq,Nationality,1027,256,10,disambig,nonneg,Nationality:256
bbq,Nationality,1160,290,11,ambig,neg,Nationality:290
bbq,Nationality,1161,290,11,disambig,neg,Nationality:290
bbq,Nationality,1162,290,11,ambig,nonneg,Nationality:290
bbq,Nationality,1163,290,11,disambig,nonneg,Nationality:290
bbq,Nationality,1180,295,11,ambig,neg,Nationality:295
bbq,Nationality,1181,295,11,disambig,neg,Nationality:295
bbq,Nationality,1182,295,11,ambig,nonneg,Nationality:295
bbq,Nationality,1183,295,11,disambig,nonneg,Nationality:295
bbq,Nationality,1244,311,11,ambig,neg,Nationality:311
bbq,Nationality,1245,311,11,disambig,neg,Nationality:311
bbq,Nationality,1246,311,11,ambig,nonneg,Nationality:311
bbq,Nationality,1247,311,11,disambig,nonneg,Nationality:311
bbq,Nationality,1440,360,12,ambig,neg,Nationality:360
bbq,Nationality,1441,360,12,disambig,neg,Nationality:360
bbq,Nationality,1442,360,12,ambig,nonneg,Nationality:360
bbq,Nationality,1443,360,12,disambig,nonneg,Nationality:360
bbq,Nationality,1452,363,12,ambig,neg,Nationality:363
bbq,Nationality,1453,363,12,disambig,neg,Nationality:363
bbq,Nationality,1454,363,12,ambig,nonneg,Nationality:363
bbq,Nationality,1455,363,12,disambig,nonneg,Nationality:363
bbq,Nationality,1492,373,12,ambig,neg,Nationality:373
bbq,Nationality,1493,373,12,disambig,neg,Nationality:373
bbq,Nationality,1494,373,12,ambig,nonneg,Nationality:373
bbq,Nationality,1495,373,12,disambig,nonneg,Nationality:373
bbq,Nationality,1604,401,13,ambig,neg,Nationality:401
bbq,Nationality,1605,401,13,disambig,neg,Nationality:401
bbq,Nationality,1606,401,13,ambig,nonneg,Nationality:401
bbq,Nationality,1607,401,13,disambig,nonneg,Nationality:401
bbq,Nationality,1704,426,13,ambig,neg,Nationality:426
bbq,Nationality,1705,426,13,disambig,neg,Nationality:426
bbq,Nationality,1706,426,13,ambig,nonneg,Nationality:426
bbq,Nationality,1707,426,13,disambig,nonneg,Nationality:426
bbq,Nationality,1724,431,14,ambig,neg,Nationality:431
bbq,Nationality,1725,431,14,disambig,neg,Nationality:431
bbq,Nationality,1726,431,14,ambig,nonneg,Nationality:431
bbq,Nationality,1727,431,14,disambig,nonneg,Nationality:431
bbq,Nationality,1756,439,14,ambig,neg,Nationality:439
bbq,Nationality,1757,439,14,disambig,neg,Nationality:439
bbq,Nationality,1758,439,14,ambig,nonneg,Nationality:439
bbq,Nationality,1759,439,14,disambig,nonneg,Nationality:439
bbq,Nationality,1852,463,15,ambig,neg,Nationality:463
bbq,Nationality,1853,463,15,disambig,neg,Nationality:463
bbq,Nationality,1854,463,15,ambig,nonneg,Nationality:463
bbq,Nationality,1855,463,15,disambig,nonneg,Nationality:463
bbq,Nationality,1956,489,15,ambig,neg,Nationality:489
bbq,Nationality,1957,489,15,disambig,neg,Nationality:489
bbq,Nationality,1958,489,15,ambig,nonneg,Nationality:489
bbq,Nationality,1959,489,15,disambig,nonneg,Nationality:489
bbq,Nationality,1976,494,16,ambig,neg,Nationality:494
bbq,Nationality,1977,494,16,disambig,neg,Nationality:494
bbq,Nationality,1978,494,16,ambig,nonneg,Nationality:494
bbq,Nationality,1979,494,16,disambig,nonneg,Nationality:494
bbq,Nationality,1992,498,16,ambig,neg,Nationality:498
bbq,Nationality,1993,498,16,disambig,neg,Nationality:498
bbq,Nationality,1994,498,16,ambig,nonneg,Nationality:498
bbq,Nationality,1995,498,16,disambig,nonneg,Nationality:498
bbq,Nationality,2012,503,17,ambig,neg,Nationality:503
bbq,Nationality,2013,503,17,disambig,neg,Nationality:503
bbq,Nationality,2014,503,17,ambig,nonneg,Nationality:503
bbq,Nationality,2015,503,17,disambig,nonneg,Nationality:503
bbq,Nationality,2016,504,17,ambig,neg,Nationality:504
bbq,Nationality,2017,504,17,disambig,neg,Nationality:504
bbq,Nationality,2018,504,17,ambig,nonneg,Nationality:504
bbq,Nationality,2019,504,17,disambig,nonneg,Nationality:504
bbq,Nationality,2060,515,18,ambig,neg,Nationality:515
bbq,Nationality,2061,515,18,disambig,neg,Nationality:515
bbq,Nationality,2062,515,18,ambig,nonneg,Nationality:515
bbq,Nationality,2063,515,18,disambig,nonneg,Nationality:515
bbq,Nationality,2076,519,18,ambig,neg,Nationality:519
bbq,Nationality,2077,519,18,disambig,neg,Nationality:519
bbq,Nationality,2078,519,18,ambig,nonneg,Nationality:519
bbq,Nationality,2079,519,18,disambig,nonneg,Nationality:519
bbq,Nationality,2084,521,19,ambig,neg,Nationality:521
bbq,Nationality,2085,521,19,disambig,neg,Nationality:521
bbq,Nationality,2086,521,19,ambig,nonneg,Nationality:521
bbq,Nationality,2087,521,19,disambig,nonneg,Nationality:521
bbq,Nationality,2316,579,20,ambig,neg,Nationality:579
bbq,Nationality,2317,579,20,disambig,neg,Nationality:579
bbq,Nationality,2318,579,20,ambig,nonneg,Nationality:579
bbq,Nationality,2319,579,20,disambig,nonneg,Nationality:579
bbq,Nationality,2328,582,21,ambig,neg,Nationality:582
bbq,Nationality,2329,582,21,disambig,neg,Nationality:582
bbq,Nationality,2330,582,21,ambig,nonneg,Nationality:582
bbq,Nationality,2331,582,21,disambig,nonneg,Nationality:582
bbq,Nationality,2332,583,21,ambig,neg,Nationality:583
bbq,Nationality,2333,583,21,disambig,neg,Nationality:583
bbq,Nationality,2334,583,21,ambig,nonneg,Nationality:583
bbq,Nationality,2335,583,21,disambig,nonneg,Nationality:583
bbq,Nationality,2376,594,21,ambig,neg,Nationality:594
bbq,Nationality,2377,594,21,disambig,neg,Nationality:594
bbq,Nationality,2378,594,21,ambig,nonneg,Nationality:594
bbq,Nationality,2379,594,21,disambig,nonneg,Nationality:594
bbq,Nationality,2440,610,22,ambig,neg,Nationality:610
bbq,Nationality,2441,610,22,disambig,neg,Nationality:610
bbq,Nationality,2442,610,22,ambig,nonneg,Nationality:610
bbq,Nationality,2443,610,22,disambig,nonneg,Nationality:610
bbq,Nationality,2448,612,22,ambig,neg,Nationality:612
bbq,Nationality,2449,612,22,disambig,neg,Nationality:612
bbq,Nationality,2450,612,22,ambig,nonneg,Nationality:612
bbq,Nationality,2451,612,22,disambig,nonneg,Nationality:612
bbq,Nationality,2572,643,22,ambig,neg,Nationality:643
bbq,Nationality,2573,643,22,disambig,neg,Nationality:643
bbq,Nationality,2574,643,22,ambig,nonneg,Nationality:643
bbq,Nationality,2575,643,22,disambig,nonneg,Nationality:643
bbq,Nationality,2576,644,22,ambig,neg,Nationality:644
bbq,Nationality,2577,644,22,disambig,neg,Nationality:644
bbq,Nationality,2578,644,22,ambig,nonneg,Nationality:644
bbq,Nationality,2579,644,22,disambig,nonneg,Nationality:644
bbq,Nationality,2632,658,22,ambig,neg,Nationality:658
bbq,Nationality,2633,658,22,disambig,neg,Nationality:658
bbq,Nationality,2634,658,22,ambig,nonneg,Nationality:658
bbq,Nationality,2635,658,22,disambig,nonneg,Nationality:658
bbq,Nationality,2820,705,23,ambig,neg,Nationality:705
bbq,Nationality,2821,705,23,disambig,neg,Nationality:705
bbq,Nationality,2822,705,23,ambig,nonneg,Nationality:705
bbq,Nationality,2823,705,23,disambig,nonneg,Nationality:705
bbq,Nationality,2896,724,24,ambig,neg,Nationality:724
bbq,Nationality,2897,724,24,disambig,neg,Nationality:724
bbq,Nationality,2898,724,24,ambig,nonneg,Nationality:724
bbq,Nationality,2899,724,24,disambig,nonneg,Nationality:724
bbq,Nationality,2912,728,24,ambig,neg,Nationality:728
bbq,Nationality,2913,728,24,disambig,neg,Nationality:728
bbq,Nationality,2914,728,24,ambig,nonneg,Nationality:728
bbq,Nationality,2915,728,24,disambig,nonneg,Nationality:728
bbq,Nationality,3028,757,24,ambig,neg,Nationality:757
bbq,Nationality,3029,757,24,disambig,neg,Nationality:757
bbq,Nationality,3030,757,24,ambig,nonneg,Nationality:757
bbq,Nationality,3031,757,24,disambig,nonneg,Nationality:757
bbq,Nationality,3072,768,25,ambig,neg,Nationality:768
bbq,Nationality,3073,768,25,disambig,neg,Nationality:768
bbq,Nationality,3074,768,25,ambig,nonneg,Nationality:768
bbq,Nationality,3075,768,25,disambig,nonneg,Nationality:768
bbq,Physical_appearance,8,2,1,ambig,neg,Physical_appearance:2
bbq,Physical_appearance,9,2,1,disambig,neg,Physical_appearance:2
bbq,Physical_appearance,10,2,1,ambig,nonneg,Physical_appearance:2
bbq,Physical_appearance,11,2,1,disambig,nonneg,Physical_appearance:2
bbq,Physical_appearance,16,4,1,ambig,neg,Physical_appearance:4
bbq,Physical_appearance,17,4,1,disambig,neg,Physical_appearance:4
bbq,Physical_appearance,18,4,1,ambig,nonneg,Physical_appearance:4
bbq,Physical_appearance,19,4,1,disambig,nonneg,Physical_appearance:4
bbq,Physical_appearance,44,11,1,ambig,neg,Physical_appearance:11
bbq,Physical_appearance,45,11,1,disambig,neg,Physical_appearance:11
bbq,Physical_appearance,46,11,1,ambig,nonneg,Physical_appearance:11
bbq,Physical_appearance,47,11,1,disambig,nonneg,Physical_appearance:11
bbq,Physical_appearance,108,27,2,ambig,neg,Physical_appearance:27
bbq,Physical_appearance,109,27,2,disambig,neg,Physical_appearance:27
bbq,Physical_appearance,110,27,2,ambig,nonneg,Physical_appearance:27
bbq,Physical_appearance,111,27,2,disambig,nonneg,Physical_appearance:27
bbq,Physical_appearance,132,33,2,ambig,neg,Physical_appearance:33
bbq,Physical_appearance,133,33,2,disambig,neg,Physical_appearance:33
bbq,Physical_appearance,134,33,2,ambig,nonneg,Physical_appearance:33
bbq,Physical_appearance,135,33,2,disambig,nonneg,Physical_appearance:33
bbq,Physical_appearance,180,45,3,ambig,neg,Physical_appearance:45
bbq,Physical_appearance,181,45,3,disambig,neg,Physical_appearance:45
bbq,Physical_appearance,182,45,3,ambig,nonneg,Physical_appearance:45
bbq,Physical_appearance,183,45,3,disambig,nonneg,Physical_appearance:45
bbq,Physical_appearance,200,50,3,ambig,neg,Physical_appearance:50
bbq,Physical_appearance,201,50,3,disambig,neg,Physical_appearance:50
bbq,Physical_appearance,202,50,3,ambig,nonneg,Physical_appearance:50
bbq,Physical_appearance,203,50,3,disambig,nonneg,Physical_appearance:50
bbq,Physical_appearance,280,70,4,ambig,neg,Physical_appearance:70
bbq,Physical_appearance,281,70,4,disambig,neg,Physical_appearance:70
bbq,Physical_appearance,282,70,4,ambig,nonneg,Physical_appearance:70
bbq,Physical_appearance,283,70,4,disambig,nonneg,Physical_appearance:70
bbq,Physical_appearance,284,71,4,ambig,neg,Physical_appearance:71
bbq,Physical_appearance,285,71,4,disambig,neg,Physical_appearance:71
bbq,Physical_appearance,286,71,4,ambig,nonneg,Physical_appearance:71
bbq,Physical_appearance,287,71,4,disambig,nonneg,Physical_appearance:71
bbq,Physical_appearance,292,73,5,ambig,neg,Physical_appearance:73
bbq,Physical_appearance,293,73,5,disambig,neg,Physical_appearance:73
bbq,Physical_appearance,294,73,5,ambig,nonneg,Physical_appearance:73
bbq,Physical_appearance,295,73,5,disambig,nonneg,Physical_appearance:73
bbq,Physical_appearance,300,75,5,ambig,neg,Physical_appearance:75
bbq,Physical_appearance,301,75,5,disambig,neg,Physical_appearance:75
bbq,Physical_appearance,302,75,5,ambig,nonneg,Physical_appearance:75
bbq,Physical_appearance,303,75,5,disambig,nonneg,Physical_appearance:75
bbq,Physical_appearance,304,76,5,ambig,neg,Physical_appearance:76
bbq,Physical_appearance,305,76,5,disambig,neg,Physical_appearance:76
bbq,Physical_appearance,306,76,5,ambig,nonneg,Physical_appearance:76
bbq,Physical_appearance,307,76,5,disambig,nonneg,Physical_appearance:76
bbq,Physical_appearance,332,83,5,ambig,neg,Physical_appearance:83
bbq,Physical_appearance,333,83,5,disambig,neg,Physical_appearance:83
bbq,Physical_appearance,334,83,5,ambig,nonneg,Physical_appearance:83
bbq,Physical_appearance,335,83,5,disambig,nonneg,Physical_appearance:83
bbq,Physical_appearance,336,84,5,ambig,neg,Physical_appearance:84
bbq,Physical_appearance,337,84,5,disambig,neg,Physical_appearance:84
bbq,Physical_appearance,338,84,5,ambig,nonneg,Physical_appearance:84
bbq,Physical_appearance,339,84,5,disambig,nonneg,Physical_appearance:84
bbq,Physical_appearance,440,110,6,ambig,neg,Physical_appearance:110
bbq,Physical_appearance,441,110,6,disambig,neg,Physical_appearance:110
bbq,Physical_appearance,442,110,6,ambig,nonneg,Physical_appearance:110
bbq,Physical_appearance,443,110,6,disambig,nonneg,Physical_appearance:110
bbq,Physical_appearance,476,119,6,ambig,neg,Physical_appearance:119
bbq,Physical_appearance,477,119,6,disambig,neg,Physical_appearance:119
bbq,Physical_appearance,478,119,6,ambig,nonneg,Physical_appearance:119
bbq,Physical_appearance,479,119,6,disambig,nonneg,Physical_appearance:119
bbq,Physical_appearance,532,133,6,ambig,neg,Physical_appearance:133
bbq,Physical_appearance,533,133,6,disambig,neg,Physical_appearance:133
bbq,Physical_appearance,534,133,6,ambig,nonneg,Physical_appearance:133
bbq,Physical_appearance,535,133,6,disambig,nonneg,Physical_appearance:133
bbq,Physical_appearance,552,138,6,ambig,neg,Physical_appearance:138
bbq,Physical_appearance,553,138,6,disambig,neg,Physical_appearance:138
bbq,Physical_appearance,554,138,6,ambig,nonneg,Physical_appearance:138
bbq,Physical_appearance,555,138,6,disambig,nonneg,Physical_appearance:138
bbq,Physical_appearance,568,142,7,ambig,neg,Physical_appearance:142
bbq,Physical_appearance,569,142,7,disambig,neg,Physical_appearance:142
bbq,Physical_appearance,570,142,7,ambig,nonneg,Physical_appearance:142
bbq,Physical_appearance,571,142,7,disambig,nonneg,Physical_appearance:142
bbq,Physical_appearance,584,146,7,ambig,neg,Physical_appearance:146
bbq,Physical_appearance,585,146,7,disambig,neg,Physical_appearance:146
bbq,Physical_appearance,586,146,7,ambig,nonneg,Physical_appearance:146
bbq,Physical_appearance,587,146,7,disambig,nonneg,Physical_appearance:146
bbq,Physical_appearance,608,152,8,ambig,neg,Physical_appearance:152
bbq,Physical_appearance,609,152,8,disambig,neg,Physical_appearance:152
bbq,Physical_appearance,610,152,8,ambig,nonneg,Physical_appearance:152
bbq,Physical_appearance,611,152,8,disambig,nonneg,Physical_appearance:152
bbq,Physical_appearance,616,154,8,ambig,neg,Physical_appearance:154
bbq,Physical_appearance,617,154,8,disambig,neg,Physical_appearance:154
bbq,Physical_appearance,618,154,8,ambig,nonneg,Physical_appearance:154
bbq,Physical_appearance,619,154,8,disambig,nonneg,Physical_appearance:154
bbq,Physical_appearance,628,157,9,ambig,neg,Physical_appearance:157
bbq,Physical_appearance,629,157,9,disambig,neg,Physical_appearance:157
bbq,Physical_appearance,630,157,9,ambig,nonneg,Physical_appearance:157
bbq,Physical_appearance,631,157,9,disambig,nonneg,Physical_appearance:157
bbq,Physical_appearance,648,162,10,ambig,neg,Physical_appearance:162
bbq,Physical_appearance,649,162,10,disambig,neg,Physical_appearance:162
bbq,Physical_appearance,650,162,10,ambig,nonneg,Physical_appearance:162
bbq,Physical_appearance,651,162,10,disambig,nonneg,Physical_appearance:162
bbq,Physical_appearance,716,179,11,ambig,neg,Physical_appearance:179
bbq,Physical_appearance,717,179,11,disambig,neg,Physical_appearance:179
bbq,Physical_appearance,718,179,11,ambig,nonneg,Physical_appearance:179
bbq,Physical_appearance,719,179,11,disambig,nonneg,Physical_appearance:179
bbq,Physical_appearance,800,200,12,ambig,neg,Physical_appearance:200
bbq,Physical_appearance,801,200,12,disambig,neg,Physical_appearance:200
bbq,Physical_appearance,802,200,12,ambig,nonneg,Physical_appearance:200
bbq,Physical_appearance,803,200,12,disambig,nonneg,Physical_appearance:200
bbq,Physical_appearance,844,211,12,ambig,neg,Physical_appearance:211
bbq,Physical_appearance,845,211,12,disambig,neg,Physical_appearance:211
bbq,Physical_appearance,846,211,12,ambig,nonneg,Physical_appearance:211
bbq,Physical_appearance,847,211,12,disambig,nonneg,Physical_appearance:211
bbq,Physical_appearance,916,229,13,ambig,neg,Physical_appearance:229
bbq,Physical_appearance,917,229,13,disambig,neg,Physical_appearance:229
bbq,Physical_appearance,918,229,13,ambig,nonneg,Physical_appearance:229
bbq,Physical_appearance,919,229,13,disambig,nonneg,Physical_appearance:229
bbq,Physical_appearance,940,235,13,ambig,neg,Physical_appearance:235
bbq,Physical_appearance,941,235,13,disambig,neg,Physical_appearance:235
bbq,Physical_appearance,942,235,13,ambig,nonneg,Physical_appearance:235
bbq,Physical_appearance,943,235,13,disambig,nonneg,Physical_appearance:235
bbq,Physical_appearance,960,240,13,ambig,neg,Physical_appearance:240
bbq,Physical_appearance,961,240,13,disambig,neg,Physical_appearance:240
bbq,Physical_appearance,962,240,13,ambig,nonneg,Physical_appearance:240
bbq,Physical_appearance,963,240,13,disambig,nonneg,Physical_appearance:240
bbq,Physical_appearance,968,242,13,ambig,neg,Physical_appearance:242
bbq,Physical_appearance,969,242,13,disambig,neg,Physical_appearance:242
bbq,Physical_appearance,970,242,13,ambig,nonneg,Physical_appearance:242
bbq,Physical_appearance,971,242,13,disambig,nonneg,Physical_appearance:242
bbq,Physical_appearance,1064,266,14,ambig,neg,Physical_appearance:266
bbq,Physical_appearance,1065,266,14,disambig,neg,Physical_appearance:266
bbq,Physical_appearance,1066,266,14,ambig,nonneg,Physical_appearance:266
bbq,Physical_appearance,1067,266,14,disambig,nonneg,Physical_appearance:266
bbq,Physical_appearance,1152,288,15,ambig,neg,Physical_appearance:288
bbq,Physical_appearance,1153,288,15,disambig,neg,Physical_appearance:288
bbq,Physical_appearance,1154,288,15,ambig,nonneg,Physical_appearance:288
bbq,Physical_appearance,1155,288,15,disambig,nonneg,Physical_appearance:288
bbq,Physical_appearance,1224,306,16,ambig,neg,Physical_appearance:306
bbq,Physical_appearance,1225,306,16,disambig,neg,Physical_appearance:306
bbq,Physical_appearance,1226,306,16,ambig,nonneg,Physical_appearance:306
bbq,Physical_appearance,1227,306,16,disambig,nonneg,Physical_appearance:306
bbq,Physical_appearance,1276,319,17,ambig,neg,Physical_appearance:319
bbq,Physical_appearance,1277,319,17,disambig,neg,Physical_appearance:319
bbq,Physical_appearance,1278,319,17,ambig,nonneg,Physical_appearance:319
bbq,Physical_appearance,1279,319,17,disambig,nonneg,Physical_appearance:319
bbq,Physical_appearance,1288,322,18,ambig,neg,Physical_appearance:322
bbq,Physical_appearance,1289,322,18,disambig,neg,Physical_appearance:322
bbq,Physical_appearance,1290,322,18,ambig,nonneg,Physical_appearance:322
bbq,Physical_appearance,1291,322,18,disambig,nonneg,Physical_appearance:322
bbq,Physical_appearance,1300,325,18,ambig,neg,Physical_appearance:325
bbq,Physical_appearance,1301,325,18,disambig,neg,Physical_appearance:325
bbq,Physical_appearance,1302,325,18,ambig,nonneg,Physical_appearance:325
bbq,Physical_appearance,1303,325,18,disambig,nonneg,Physical_appearance:325
bbq,Physical_appearance,1332,333,19,ambig,neg,Physical_appearance:333
bbq,Physical_appearance,1333,333,19,disambig,neg,Physical_appearance:333
bbq,Physical_appearance,1334,333,19,ambig,nonneg,Physical_appearance:333
bbq,Physical_appearance,1335,333,19,disambig,nonneg,Physical_appearance:333
bbq,Physical_appearance,1356,339,20,ambig,neg,Physical_appearance:339
bbq,Physical_appearance,1357,339,20,disambig,neg,Physical_appearance:339
bbq,Physical_appearance,1358,339,20,ambig,nonneg,Physical_appearance:339
bbq,Physical_appearance,1359,339,20,disambig,nonneg,Physical_appearance:339
bbq,Physical_appearance,1384,346,21,ambig,neg,Physical_appearance:346
bbq,Physical_appearance,1385,346,21,disambig,neg,Physical_appearance:346
bbq,Physical_appearance,1386,346,21,ambig,nonneg,Physical_appearance:346
bbq,Physical_appearance,1387,346,21,disambig,nonneg,Physical_appearance:346
bbq,Physical_appearance,1408,352,22,ambig,neg,Physical_appearance:352
bbq,Physical_appearance,1409,352,22,disambig,neg,Physical_appearance:352
bbq,Physical_appearance,1410,352,22,ambig,nonneg,Physical_appearance:352
bbq,Physical_appearance,1411,352,22,disambig,nonneg,Physical_appearance:352
bbq,Physical_appearance,1416,354,22,ambig,neg,Physical_appearance:354
bbq,Physical_appearance,1417,354,22,disambig,neg,Physical_appearance:354
bbq,Physical_appearance,1418,354,22,ambig,nonneg,Physical_appearance:354
bbq,Physical_appearance,1419,354,22,disambig,nonneg,Physical_appearance:354
bbq,Physical_appearance,1460,365,23,ambig,neg,Physical_appearance:365
bbq,Physical_appearance,1461,365,23,disambig,neg,Physical_appearance:365
bbq,Physical_appearance,1462,365,23,ambig,nonneg,Physical_appearance:365
bbq,Physical_appearance,1463,365,23,disambig,nonneg,Physical_appearance:365
bbq,Physical_appearance,1488,372,24,ambig,neg,Physical_appearance:372
bbq,Physical_appearance,1489,372,24,disambig,neg,Physical_appearance:372
bbq,Physical_appearance,1490,372,24,ambig,nonneg,Physical_appearance:372
bbq,Physical_appearance,1491,372,24,disambig,nonneg,Physical_appearance:372
bbq,Physical_appearance,1564,391,25,ambig,neg,Physical_appearance:391
bbq,Physical_appearance,1565,391,25,disambig,neg,Physical_appearance:391
bbq,Physical_appearance,1566,391,25,ambig,nonneg,Physical_appearance:391
bbq,Physical_appearance,1567,391,25,disambig,nonneg,Physical_appearance:391
bbq,Race_ethnicity,68,17,1,ambig,neg,Race_ethnicity:17
bbq,Race_ethnicity,69,17,1,disambig,neg,Race_ethnicity:17
bbq,Race_ethnicity,70,17,1,ambig,nonneg,Race_ethnicity:17
bbq,Race_ethnicity,71,17,1,disambig,nonneg,Race_ethnicity:17
bbq,Race_ethnicity,236,59,2,ambig,neg,Race_ethnicity:59
bbq,Race_ethnicity,237,59,2,disambig,neg,Race_ethnicity:59
bbq,Race_ethnicity,238,59,2,ambig,nonneg,Race_ethnicity:59
bbq,Race_ethnicity,239,59,2,disambig,nonneg,Race_ethnicity:59
bbq,Race_ethnicity,244,61,3,ambig,neg,Race_ethnicity:61
bbq,Race_ethnicity,245,61,3,disambig,neg,Race_ethnicity:61
bbq,Race_ethnicity,246,61,3,ambig,nonneg,Race_ethnicity:61
bbq,Race_ethnicity,247,61,3,disambig,nonneg,Race_ethnicity:61
bbq,Race_ethnicity,352,88,4,ambig,neg,Race_ethnicity:88
bbq,Race_ethnicity,353,88,4,disambig,neg,Race_ethnicity:88
bbq,Race_ethnicity,354,88,4,ambig,nonneg,Race_ethnicity:88
bbq,Race_ethnicity,355,88,4,disambig,nonneg,Race_ethnicity:88
bbq,Race_ethnicity,360,90,5,ambig,neg,Race_ethnicity:90
bbq,Race_ethnicity,361,90,5,disambig,neg,Race_ethnicity:90
bbq,Race_ethnicity,362,90,5,ambig,nonneg,Race_ethnicity:90
bbq,Race_ethnicity,363,90,5,disambig,nonneg,Race_ethnicity:90
bbq,Race_ethnicity,424,106,6,ambig,neg,Race_ethnicity:106
bbq,Race_ethnicity,425,106,6,disambig,neg,Race_ethnicity:106
bbq,Race_ethnicity,426,106,6,ambig,nonneg,Race_ethnicity:106
bbq,Race_ethnicity,427,106,6,disambig,nonneg,Race_ethnicity:106
bbq,Race_ethnicity,532,133,7,ambig,neg,Race_ethnicity:133
bbq,Race_ethnicity,533,133,7,disambig,neg,Race_ethnicity:133
bbq,Race_ethnicity,534,133,7,ambig,nonneg,Race_ethnicity:133
bbq,Race_ethnicity,535,133,7,disambig,nonneg,Race_ethnicity:133
bbq,Race_ethnicity,608,152,8,ambig,neg,Race_ethnicity:152
bbq,Race_ethnicity,609,152,8,disambig,neg,Race_ethnicity:152
bbq,Race_ethnicity,610,152,8,ambig,nonneg,Race_ethnicity:152
bbq,Race_ethnicity,611,152,8,disambig,nonneg,Race_ethnicity:152
bbq,Race_ethnicity,644,161,9,ambig,neg,Race_ethnicity:161
bbq,Race_ethnicity,645,161,9,disambig,neg,Race_ethnicity:161
bbq,Race_ethnicity,646,161,9,ambig,nonneg,Race_ethnicity:161
bbq,Race_ethnicity,647,161,9,disambig,nonneg,Race_ethnicity:161
bbq,Race_ethnicity,692,173,10,ambig,neg,Race_ethnicity:173
bbq,Race_ethnicity,693,173,10,disambig,neg,Race_ethnicity:173
bbq,Race_ethnicity,694,173,10,ambig,nonneg,Race_ethnicity:173
bbq,Race_ethnicity,695,173,10,disambig,nonneg,Race_ethnicity:173
bbq,Race_ethnicity,728,182,11,ambig,neg,Race_ethnicity:182
bbq,Race_ethnicity,729,182,11,disambig,neg,Race_ethnicity:182
bbq,Race_ethnicity,730,182,11,ambig,nonneg,Race_ethnicity:182
bbq,Race_ethnicity,731,182,11,disambig,nonneg,Race_ethnicity:182
bbq,Race_ethnicity,796,199,12,ambig,neg,Race_ethnicity:199
bbq,Race_ethnicity,797,199,12,disambig,neg,Race_ethnicity:199
bbq,Race_ethnicity,798,199,12,ambig,nonneg,Race_ethnicity:199
bbq,Race_ethnicity,799,199,12,disambig,nonneg,Race_ethnicity:199
bbq,Race_ethnicity,856,214,13,ambig,neg,Race_ethnicity:214
bbq,Race_ethnicity,857,214,13,disambig,neg,Race_ethnicity:214
bbq,Race_ethnicity,858,214,13,ambig,nonneg,Race_ethnicity:214
bbq,Race_ethnicity,859,214,13,disambig,nonneg,Race_ethnicity:214
bbq,Race_ethnicity,880,220,14,ambig,neg,Race_ethnicity:220
bbq,Race_ethnicity,881,220,14,disambig,neg,Race_ethnicity:220
bbq,Race_ethnicity,882,220,14,ambig,nonneg,Race_ethnicity:220
bbq,Race_ethnicity,883,220,14,disambig,nonneg,Race_ethnicity:220
bbq,Race_ethnicity,980,245,15,ambig,neg,Race_ethnicity:245
bbq,Race_ethnicity,981,245,15,disambig,neg,Race_ethnicity:245
bbq,Race_ethnicity,982,245,15,ambig,nonneg,Race_ethnicity:245
bbq,Race_ethnicity,983,245,15,disambig,nonneg,Race_ethnicity:245
bbq,Race_ethnicity,1000,250,16,ambig,neg,Race_ethnicity:250
bbq,Race_ethnicity,1001,250,16,disambig,neg,Race_ethnicity:250
bbq,Race_ethnicity,1002,250,16,ambig,nonneg,Race_ethnicity:250
bbq,Race_ethnicity,1003,250,16,disambig,nonneg,Race_ethnicity:250
bbq,Race_ethnicity,1084,271,17,ambig,neg,Race_ethnicity:271
bbq,Race_ethnicity,1085,271,17,disambig,neg,Race_ethnicity:271
bbq,Race_ethnicity,1086,271,17,ambig,nonneg,Race_ethnicity:271
bbq,Race_ethnicity,1087,271,17,disambig,nonneg,Race_ethnicity:271
bbq,Race_ethnicity,1216,304,18,ambig,neg,Race_ethnicity:304
bbq,Race_ethnicity,1217,304,18,disambig,neg,Race_ethnicity:304
bbq,Race_ethnicity,1218,304,18,ambig,nonneg,Race_ethnicity:304
bbq,Race_ethnicity,1219,304,18,disambig,nonneg,Race_ethnicity:304
bbq,Race_ethnicity,1388,347,19,ambig,neg,Race_ethnicity:347
bbq,Race_ethnicity,1389,347,19,disambig,neg,Race_ethnicity:347
bbq,Race_ethnicity,1390,347,19,ambig,nonneg,Race_ethnicity:347
bbq,Race_ethnicity,1391,347,19,disambig,nonneg,Race_ethnicity:347
bbq,Race_ethnicity,1448,362,20,ambig,neg,Race_ethnicity:362
bbq,Race_ethnicity,1449,362,20,disambig,neg,Race_ethnicity:362
bbq,Race_ethnicity,1450,362,20,ambig,nonneg,Race_ethnicity:362
bbq,Race_ethnicity,1451,362,20,disambig,nonneg,Race_ethnicity:362
bbq,Race_ethnicity,1596,399,21,ambig,neg,Race_ethnicity:399
bbq,Race_ethnicity,1597,399,21,disambig,neg,Race_ethnicity:399
bbq,Race_ethnicity,1598,399,21,ambig,nonneg,Race_ethnicity:399
bbq,Race_ethnicity,1599,399,21,disambig,nonneg,Race_ethnicity:399
bbq,Race_ethnicity,1600,400,22,ambig,neg,Race_ethnicity:400
bbq,Race_ethnicity,1601,400,22,disambig,neg,Race_ethnicity:400
bbq,Race_ethnicity,1602,400,22,ambig,nonneg,Race_ethnicity:400
bbq,Race_ethnicity,1603,400,22,disambig,nonneg,Race_ethnicity:400
bbq,Race_ethnicity,1704,426,23,ambig,neg,Race_ethnicity:426
bbq,Race_ethnicity,1705,426,23,disambig,neg,Race_ethnicity:426
bbq,Race_ethnicity,1706,426,23,ambig,nonneg,Race_ethnicity:426
bbq,Race_ethnicity,1707,426,23,disambig,nonneg,Race_ethnicity:426
bbq,Race_ethnicity,1792,448,24,ambig,neg,Race_ethnicity:448
bbq,Race_ethnicity,1793,448,24,disambig,neg,Race_ethnicity:448
bbq,Race_ethnicity,1794,448,24,ambig,nonneg,Race_ethnicity:448
bbq,Race_ethnicity,1795,448,24,disambig,nonneg,Race_ethnicity:448
bbq,Race_ethnicity,1872,468,25,ambig,neg,Race_ethnicity:468
bbq,Race_ethnicity,1873,468,25,disambig,neg,Race_ethnicity:468
bbq,Race_ethnicity,1874,468,25,ambig,nonneg,Race_ethnicity:468
bbq,Race_ethnicity,1875,468,25,disambig,nonneg,Race_ethnicity:468
bbq,Race_ethnicity,1988,497,26,ambig,neg,Race_ethnicity:497
bbq,Race_ethnicity,1989,497,26,disambig,neg,Race_ethnicity:497
bbq,Race_ethnicity,1990,497,26,ambig,nonneg,Race_ethnicity:497
bbq,Race_ethnicity,1991,497,26,disambig,nonneg,Race_ethnicity:497
bbq,Race_ethnicity,2284,571,28,ambig,neg,Race_ethnicity:571
bbq,Race_ethnicity,2285,571,28,disambig,neg,Race_ethnicity:571
bbq,Race_ethnicity,2286,571,28,ambig,nonneg,Race_ethnicity:571
bbq,Race_ethnicity,2287,571,28,disambig,nonneg,Race_ethnicity:571
bbq,Race_ethnicity,2660,665,29,ambig,neg,Race_ethnicity:665
bbq,Race_ethnicity,2661,665,29,disambig,neg,Race_ethnicity:665
bbq,Race_ethnicity,2662,665,29,ambig,nonneg,Race_ethnicity:665
bbq,Race_ethnicity,2663,665,29,disambig,nonneg,Race_ethnicity:665
bbq,Race_ethnicity,2816,704,30,ambig,neg,Race_ethnicity:704
bbq,Race_ethnicity,2817,704,30,disambig,neg,Race_ethnicity:704
bbq,Race_ethnicity,2818,704,30,ambig,nonneg,Race_ethnicity:704
bbq,Race_ethnicity,2819,704,30,disambig,nonneg,Race_ethnicity:704
bbq,Race_ethnicity,2896,724,31,ambig,neg,Race_ethnicity:724
bbq,Race_ethnicity,2897,724,31,disambig,neg,Race_ethnicity:724
bbq,Race_ethnicity,2898,724,31,ambig,nonneg,Race_ethnicity:724
bbq,Race_ethnicity,2899,724,31,disambig,nonneg,Race_ethnicity:724
bbq,Race_ethnicity,3104,776,32,ambig,neg,Race_ethnicity:776
bbq,Race_ethnicity,3105,776,32,disambig,neg,Race_ethnicity:776
bbq,Race_ethnicity,3106,776,32,ambig,nonneg,Race_ethnicity:776
bbq,Race_ethnicity,3107,776,32,disambig,nonneg,Race_ethnicity:776
bbq,Race_ethnicity,3400,850,33,ambig,neg,Race_ethnicity:850
bbq,Race_ethnicity,3401,850,33,disambig,neg,Race_ethnicity:850
bbq,Race_ethnicity,3402,850,33,ambig,nonneg,Race_ethnicity:850
bbq,Race_ethnicity,3403,850,33,disambig,nonneg,Race_ethnicity:850
bbq,Race_ethnicity,3644,911,34,ambig,neg,Race_ethnicity:911
bbq,Race_ethnicity,3645,911,34,disambig,neg,Race_ethnicity:911
bbq,Race_ethnicity,3646,911,34,ambig,nonneg,Race_ethnicity:911
bbq,Race_ethnicity,3647,911,34,disambig,nonneg,Race_ethnicity:911
bbq,Race_ethnicity,3708,927,35,ambig,neg,Race_ethnicity:927
bbq,Race_ethnicity,3709,927,35,disambig,neg,Race_ethnicity:927
bbq,Race_ethnicity,3710,927,35,ambig,nonneg,Race_ethnicity:927
bbq,Race_ethnicity,3711,927,35,disambig,nonneg,Race_ethnicity:927
bbq,Race_ethnicity,3912,978,36,ambig,neg,Race_ethnicity:978
bbq,Race_ethnicity,3913,978,36,disambig,neg,Race_ethnicity:978
bbq,Race_ethnicity,3914,978,36,ambig,nonneg,Race_ethnicity:978
bbq,Race_ethnicity,3915,978,36,disambig,nonneg,Race_ethnicity:978
bbq,Race_ethnicity,4200,1050,37,ambig,neg,Race_ethnicity:1050
bbq,Race_ethnicity,4201,1050,37,disambig,neg,Race_ethnicity:1050
bbq,Race_ethnicity,4202,1050,37,ambig,nonneg,Race_ethnicity:1050
bbq,Race_ethnicity,4203,1050,37,disambig,nonneg,Race_ethnicity:1050
bbq,Race_ethnicity,4280,1070,38,ambig,neg,Race_ethnicity:1070
bbq,Race_ethnicity,4281,1070,38,disambig,neg,Race_ethnicity:1070
bbq,Race_ethnicity,4282,1070,38,ambig,nonneg,Race_ethnicity:1070
bbq,Race_ethnicity,4283,1070,38,disambig,nonneg,Race_ethnicity:1070
bbq,Race_ethnicity,4592,1148,39,ambig,neg,Race_ethnicity:1148
bbq,Race_ethnicity,4593,1148,39,disambig,neg,Race_ethnicity:1148
bbq,Race_ethnicity,4594,1148,39,ambig,nonneg,Race_ethnicity:1148
bbq,Race_ethnicity,4595,1148,39,disambig,nonneg,Race_ethnicity:1148
bbq,Race_ethnicity,4848,1212,40,ambig,neg,Race_ethnicity:1212
bbq,Race_ethnicity,4849,1212,40,disambig,neg,Race_ethnicity:1212
bbq,Race_ethnicity,4850,1212,40,ambig,nonneg,Race_ethnicity:1212
bbq,Race_ethnicity,4851,1212,40,disambig,nonneg,Race_ethnicity:1212
bbq,Race_ethnicity,5088,1272,42,ambig,neg,Race_ethnicity:1272
bbq,Race_ethnicity,5089,1272,42,disambig,neg,Race_ethnicity:1272
bbq,Race_ethnicity,5090,1272,42,ambig,nonneg,Race_ethnicity:1272
bbq,Race_ethnicity,5091,1272,42,disambig,nonneg,Race_ethnicity:1272
bbq,Race_ethnicity,5372,1343,43,ambig,neg,Race_ethnicity:1343
bbq,Race_ethnicity,5373,1343,43,disambig,neg,Race_ethnicity:1343
bbq,Race_ethnicity,5374,1343,43,ambig,nonneg,Race_ethnicity:1343
bbq,Race_ethnicity,5375,1343,43,disambig,nonneg,Race_ethnicity:1343
bbq,Race_ethnicity,5596,1399,44,ambig,neg,Race_ethnicity:1399
bbq,Race_ethnicity,5597,1399,44,disambig,neg,Race_ethnicity:1399
bbq,Race_ethnicity,5598,1399,44,ambig,nonneg,Race_ethnicity:1399
bbq,Race_ethnicity,5599,1399,44,disambig,nonneg,Race_ethnicity:1399
bbq,Race_ethnicity,6064,1516,46,ambig,neg,Race_ethnicity:1516
bbq,Race_ethnicity,6065,1516,46,disambig,neg,Race_ethnicity:1516
bbq,Race_ethnicity,6066,1516,46,ambig,nonneg,Race_ethnicity:1516
bbq,Race_ethnicity,6067,1516,46,disambig,nonneg,Race_ethnicity:1516
bbq,Race_ethnicity,6128,1532,47,ambig,neg,Race_ethnicity:1532
bbq,Race_ethnicity,6129,1532,47,disambig,neg,Race_ethnicity:1532
bbq,Race_ethnicity,6130,1532,47,ambig,nonneg,Race_ethnicity:1532
bbq,Race_ethnicity,6131,1532,47,disambig,nonneg,Race_ethnicity:1532
bbq,Race_ethnicity,6412,1603,48,ambig,neg,Race_ethnicity:1603
bbq,Race_ethnicity,6413,1603,48,disambig,neg,Race_ethnicity:1603
bbq,Race_ethnicity,6414,1603,48,ambig,nonneg,Race_ethnicity:1603
bbq,Race_ethnicity,6415,1603,48,disambig,nonneg,Race_ethnicity:1603
bbq,Race_ethnicity,6576,1644,49,ambig,neg,Race_ethnicity:1644
bbq,Race_ethnicity,6577,1644,49,disambig,neg,Race_ethnicity:1644
bbq,Race_ethnicity,6578,1644,49,ambig,nonneg,Race_ethnicity:1644
bbq,Race_ethnicity,6579,1644,49,disambig,nonneg,Race_ethnicity:1644
bbq,Race_x_SES,152,38,1,ambig,neg,Race_x_SES:38
bbq,Race_x_SES,153,38,1,disambig,neg,Race_x_SES:38
bbq,Race_x_SES,154,38,1,ambig,nonneg,Race_x_SES:38
bbq,Race_x_SES,155,38,1,disambig,nonneg,Race_x_SES:38
bbq,Race_x_SES,364,91,1,ambig,neg,Race_x_SES:91
bbq,Race_x_SES,365,91,1,disambig,neg,Race_x_SES:91
bbq,Race_x_SES,366,91,1,ambig,nonneg,Race_x_SES:91
bbq,Race_x_SES,367,91,1,disambig,nonneg,Race_x_SES:91
bbq,Race_x_SES,832,208,2,ambig,neg,Race_x_SES:208
bbq,Race_x_SES,833,208,2,disambig,neg,Race_x_SES:208
bbq,Race_x_SES,834,208,2,ambig,nonneg,Race_x_SES:208
bbq,Race_x_SES,835,208,2,disambig,nonneg,Race_x_SES:208
bbq,Race_x_SES,1152,288,3,ambig,neg,Race_x_SES:288
bbq,Race_x_SES,1153,288,3,disambig,neg,Race_x_SES:288
bbq,Race_x_SES,1154,288,3,ambig,nonneg,Race_x_SES:288
bbq,Race_x_SES,1155,288,3,disambig,nonneg,Race_x_SES:288
bbq,Race_x_SES,1228,307,3,ambig,neg,Race_x_SES:307
bbq,Race_x_SES,1229,307,3,disambig,neg,Race_x_SES:307
bbq,Race_x_SES,1230,307,3,ambig,nonneg,Race_x_SES:307
bbq,Race_x_SES,1231,307,3,disambig,nonneg,Race_x_SES:307
bbq,Race_x_SES,1696,424,4,ambig,neg,Race_x_SES:424
bbq,Race_x_SES,1697,424,4,disambig,neg,Race_x_SES:424
bbq,Race_x_SES,1698,424,4,ambig,nonneg,Race_x_SES:424
bbq,Race_x_SES,1699,424,4,disambig,nonneg,Race_x_SES:424
bbq,Race_x_SES,1788,447,4,ambig,neg,Race_x_SES:447
bbq,Race_x_SES,1789,447,4,disambig,neg,Race_x_SES:447
bbq,Race_x_SES,1790,447,4,ambig,nonneg,Race_x_SES:447
bbq,Race_x_SES,1791,447,4,disambig,nonneg,Race_x_SES:447
bbq,Race_x_SES,2280,570,5,ambig,neg,Race_x_SES:570
bbq,Race_x_SES,2281,570,5,disambig,neg,Race_x_SES:570
bbq,Race_x_SES,2282,570,5,ambig,nonneg,Race_x_SES:570
bbq,Race_x_SES,2283,570,5,disambig,nonneg,Race_x_SES:570
bbq,Race_x_SES,2700,675,6,ambig,neg,Race_x_SES:675
bbq,Race_x_SES,2701,675,6,disambig,neg,Race_x_SES:675
bbq,Race_x_SES,2702,675,6,ambig,nonneg,Race_x_SES:675
bbq,Race_x_SES,2703,675,6,disambig,nonneg,Race_x_SES:675
bbq,Race_x_SES,3164,791,6,ambig,neg,Race_x_SES:791
bbq,Race_x_SES,3165,791,6,disambig,neg,Race_x_SES:791
bbq,Race_x_SES,3166,791,6,ambig,nonneg,Race_x_SES:791
bbq,Race_x_SES,3167,791,6,disambig,nonneg,Race_x_SES:791
bbq,Race_x_SES,3380,845,7,ambig,neg,Race_x_SES:845
bbq,Race_x_SES,3381,845,7,disambig,neg,Race_x_SES:845
bbq,Race_x_SES,3382,845,7,ambig,nonneg,Race_x_SES:845
bbq,Race_x_SES,3383,845,7,disambig,nonneg,Race_x_SES:845
bbq,Race_x_SES,3408,852,7,ambig,neg,Race_x_SES:852
bbq,Race_x_SES,3409,852,7,disambig,neg,Race_x_SES:852
bbq,Race_x_SES,3410,852,7,ambig,nonneg,Race_x_SES:852
bbq,Race_x_SES,3411,852,7,disambig,nonneg,Race_x_SES:852
bbq,Race_x_SES,3644,911,7,ambig,neg,Race_x_SES:911
bbq,Race_x_SES,3645,911,7,disambig,neg,Race_x_SES:911
bbq,Race_x_SES,3646,911,7,ambig,nonneg,Race_x_SES:911
bbq,Race_x_SES,3647,911,7,disambig,nonneg,Race_x_SES:911
bbq,Race_x_SES,3760,940,8,ambig,neg,Race_x_SES:940
bbq,Race_x_SES,3761,940,8,disambig,neg,Race_x_SES:940
bbq,Race_x_SES,3762,940,8,ambig,nonneg,Race_x_SES:940
bbq,Race_x_SES,3763,940,8,disambig,nonneg,Race_x_SES:940
bbq,Race_x_SES,3808,952,8,ambig,neg,Race_x_SES:952
bbq,Race_x_SES,3809,952,8,disambig,neg,Race_x_SES:952
bbq,Race_x_SES,3810,952,8,ambig,nonneg,Race_x_SES:952
bbq,Race_x_SES,3811,952,8,disambig,nonneg,Race_x_SES:952
bbq,Race_x_SES,3816,954,8,ambig,neg,Race_x_SES:954
bbq,Race_x_SES,3817,954,8,disambig,neg,Race_x_SES:954
bbq,Race_x_SES,3818,954,8,ambig,nonneg,Race_x_SES:954
bbq,Race_x_SES,3819,954,8,disambig,nonneg,Race_x_SES:954
bbq,Race_x_SES,3836,959,8,ambig,neg,Race_x_SES:959
bbq,Race_x_SES,3837,959,8,disambig,neg,Race_x_SES:959
bbq,Race_x_SES,3838,959,8,ambig,nonneg,Race_x_SES:959
bbq,Race_x_SES,3839,959,8,disambig,nonneg,Race_x_SES:959
bbq,Race_x_SES,4120,1030,8,ambig,neg,Race_x_SES:1030
bbq,Race_x_SES,4121,1030,8,disambig,neg,Race_x_SES:1030
bbq,Race_x_SES,4122,1030,8,ambig,nonneg,Race_x_SES:1030
bbq,Race_x_SES,4123,1030,8,disambig,nonneg,Race_x_SES:1030
bbq,Race_x_SES,4276,1069,8,ambig,neg,Race_x_SES:1069
bbq,Race_x_SES,4277,1069,8,disambig,neg,Race_x_SES:1069
bbq,Race_x_SES,4278,1069,8,ambig,nonneg,Race_x_SES:1069
bbq,Race_x_SES,4279,1069,8,disambig,nonneg,Race_x_SES:1069
bbq,Race_x_SES,4428,1107,9,ambig,neg,Race_x_SES:1107
bbq,Race_x_SES,4429,1107,9,disambig,neg,Race_x_SES:1107
bbq,Race_x_SES,4430,1107,9,ambig,nonneg,Race_x_SES:1107
bbq,Race_x_SES,4431,1107,9,disambig,nonneg,Race_x_SES:1107
bbq,Race_x_SES,4692,1173,10,ambig,neg,Race_x_SES:1173
bbq,Race_x_SES,4693,1173,10,disambig,neg,Race_x_SES:1173
bbq,Race_x_SES,4694,1173,10,ambig,nonneg,Race_x_SES:1173
bbq,Race_x_SES,4695,1173,10,disambig,nonneg,Race_x_SES:1173
bbq,Race_x_SES,4704,1176,10,ambig,neg,Race_x_SES:1176
bbq,Race_x_SES,4705,1176,10,disambig,neg,Race_x_SES:1176
bbq,Race_x_SES,4706,1176,10,ambig,nonneg,Race_x_SES:1176
bbq,Race_x_SES,4707,1176,10,disambig,nonneg,Race_x_SES:1176
bbq,Race_x_SES,4908,1227,10,ambig,neg,Race_x_SES:1227
bbq,Race_x_SES,4909,1227,10,disambig,neg,Race_x_SES:1227
bbq,Race_x_SES,4910,1227,10,ambig,nonneg,Race_x_SES:1227
bbq,Race_x_SES,4911,1227,10,disambig,nonneg,Race_x_SES:1227
bbq,Race_x_SES,5112,1278,11,ambig,neg,Race_x_SES:1278
bbq,Race_x_SES,5113,1278,11,disambig,neg,Race_x_SES:1278
bbq,Race_x_SES,5114,1278,11,ambig,nonneg,Race_x_SES:1278
bbq,Race_x_SES,5115,1278,11,disambig,nonneg,Race_x_SES:1278
bbq,Race_x_SES,5172,1293,12,ambig,neg,Race_x_SES:1293
bbq,Race_x_SES,5173,1293,12,disambig,neg,Race_x_SES:1293
bbq,Race_x_SES,5174,1293,12,ambig,nonneg,Race_x_SES:1293
bbq,Race_x_SES,5175,1293,12,disambig,nonneg,Race_x_SES:1293
bbq,Race_x_SES,5212,1303,12,ambig,neg,Race_x_SES:1303
bbq,Race_x_SES,5213,1303,12,disambig,neg,Race_x_SES:1303
bbq,Race_x_SES,5214,1303,12,ambig,nonneg,Race_x_SES:1303
bbq,Race_x_SES,5215,1303,12,disambig,nonneg,Race_x_SES:1303
bbq,Race_x_SES,5440,1360,12,ambig,neg,Race_x_SES:1360
bbq,Race_x_SES,5441,1360,12,disambig,neg,Race_x_SES:1360
bbq,Race_x_SES,5442,1360,12,ambig,nonneg,Race_x_SES:1360
bbq,Race_x_SES,5443,1360,12,disambig,nonneg,Race_x_SES:1360
bbq,Race_x_SES,5652,1413,12,ambig,neg,Race_x_SES:1413
bbq,Race_x_SES,5653,1413,12,disambig,neg,Race_x_SES:1413
bbq,Race_x_SES,5654,1413,12,ambig,nonneg,Race_x_SES:1413
bbq,Race_x_SES,5655,1413,12,disambig,nonneg,Race_x_SES:1413
bbq,Race_x_SES,5872,1468,13,ambig,neg,Race_x_SES:1468
bbq,Race_x_SES,5873,1468,13,disambig,neg,Race_x_SES:1468
bbq,Race_x_SES,5874,1468,13,ambig,nonneg,Race_x_SES:1468
bbq,Race_x_SES,5875,1468,13,disambig,nonneg,Race_x_SES:1468
bbq,Race_x_SES,6268,1567,14,ambig,neg,Race_x_SES:1567
bbq,Race_x_SES,6269,1567,14,disambig,neg,Race_x_SES:1567
bbq,Race_x_SES,6270,1567,14,ambig,nonneg,Race_x_SES:1567
bbq,Race_x_SES,6271,1567,14,disambig,nonneg,Race_x_SES:1567
bbq,Race_x_SES,6552,1638,15,ambig,neg,Race_x_SES:1638
bbq,Race_x_SES,6553,1638,15,disambig,neg,Race_x_SES:1638
bbq,Race_x_SES,6554,1638,15,ambig,nonneg,Race_x_SES:1638
bbq,Race_x_SES,6555,1638,15,disambig,nonneg,Race_x_SES:1638
bbq,Race_x_SES,7096,1774,16,ambig,neg,Race_x_SES:1774
bbq,Race_x_SES,7097,1774,16,disambig,neg,Race_x_SES:1774
bbq,Race_x_SES,7098,1774,16,ambig,nonneg,Race_x_SES:1774
bbq,Race_x_SES,7099,1774,16,disambig,nonneg,Race_x_SES:1774
bbq,Race_x_SES,7100,1775,16,ambig,neg,Race_x_SES:1775
bbq,Race_x_SES,7101,1775,16,disambig,neg,Race_x_SES:1775
bbq,Race_x_SES,7102,1775,16,ambig,nonneg,Race_x_SES:1775
bbq,Race_x_SES,7103,1775,16,disambig,nonneg,Race_x_SES:1775
bbq,Race_x_SES,7480,1870,17,ambig,neg,Race_x_SES:1870
bbq,Race_x_SES,7481,1870,17,disambig,neg,Race_x_SES:1870
bbq,Race_x_SES,7482,1870,17,ambig,nonneg,Race_x_SES:1870
bbq,Race_x_SES,7483,1870,17,disambig,nonneg,Race_x_SES:1870
bbq,Race_x_SES,7808,1952,18,ambig,neg,Race_x_SES:1952
bbq,Race_x_SES,7809,1952,18,disambig,neg,Race_x_SES:1952
bbq,Race_x_SES,7810,1952,18,ambig,nonneg,Race_x_SES:1952
bbq,Race_x_SES,7811,1952,18,disambig,nonneg,Race_x_SES:1952
bbq,Race_x_SES,8220,2055,19,ambig,neg,Race_x_SES:2055
bbq,Race_x_SES,8221,2055,19,disambig,neg,Race_x_SES:2055
bbq,Race_x_SES,8222,2055,19,ambig,nonneg,Race_x_SES:2055
bbq,Race_x_SES,8223,2055,19,disambig,nonneg,Race_x_SES:2055
bbq,Race_x_SES,8500,2125,20,ambig,neg,Race_x_SES:2125
bbq,Race_x_SES,8501,2125,20,disambig,neg,Race_x_SES:2125
bbq,Race_x_SES,8502,2125,20,ambig,nonneg,Race_x_SES:2125
bbq,Race_x_SES,8503,2125,20,disambig,nonneg,Race_x_SES:2125
bbq,Race_x_SES,8952,2238,20,ambig,neg,Race_x_SES:2238
bbq,Race_x_SES,8953,2238,20,disambig,neg,Race_x_SES:2238
bbq,Race_x_SES,8954,2238,20,ambig,nonneg,Race_x_SES:2238
bbq,Race_x_SES,8955,2238,20,disambig,nonneg,Race_x_SES:2238
bbq,Race_x_SES,9020,2255,21,ambig,neg,Race_x_SES:2255
bbq,Race_x_SES,9021,2255,21,disambig,neg,Race_x_SES:2255
bbq,Race_x_SES,9022,2255,21,ambig,nonneg,Race_x_SES:2255
bbq,Race_x_SES,9023,2255,21,disambig,nonneg,Race_x_SES:2255
bbq,Race_x_SES,9056,2264,21,ambig,neg,Race_x_SES:2264
bbq,Race_x_SES,9057,2264,21,disambig,neg,Race_x_SES:2264
bbq,Race_x_SES,9058,2264,21,ambig,nonneg,Race_x_SES:2264
bbq,Race_x_SES,9059,2264,21,disambig,nonneg,Race_x_SES:2264
bbq,Race_x_SES,9716,2429,22,ambig,neg,Race_x_SES:2429
bbq,Race_x_SES,9717,2429,22,disambig,neg,Race_x_SES:2429
bbq,Race_x_SES,9718,2429,22,ambig,nonneg,Race_x_SES:2429
bbq,Race_x_SES,9719,2429,22,disambig,nonneg,Race_x_SES:2429
bbq,Race_x_SES,9808,2452,23,ambig,neg,Race_x_SES:2452
bbq,Race_x_SES,9809,2452,23,disambig,neg,Race_x_SES:2452
bbq,Race_x_SES,9810,2452,23,ambig,nonneg,Race_x_SES:2452
bbq,Race_x_SES,9811,2452,23,disambig,nonneg,Race_x_SES:2452
bbq,Race_x_SES,9852,2463,24,ambig,neg,Race_x_SES:2463
bbq,Race_x_SES,9853,2463,24,disambig,neg,Race_x_SES:2463
bbq,Race_x_SES,9854,2463,24,ambig,nonneg,Race_x_SES:2463
bbq,Race_x_SES,9855,2463,24,disambig,nonneg,Race_x_SES:2463
bbq,Race_x_SES,9928,2482,24,ambig,neg,Race_x_SES:2482
bbq,Race_x_SES,9929,2482,24,disambig,neg,Race_x_SES:2482
bbq,Race_x_SES,9930,2482,24,ambig,nonneg,Race_x_SES:2482
bbq,Race_x_SES,9931,2482,24,disambig,nonneg,Race_x_SES:2482
bbq,Race_x_SES,10448,2612,25,ambig,neg,Race_x_SES:2612
bbq,Race_x_SES,10449,2612,25,disambig,neg,Race_x_SES:2612
bbq,Race_x_SES,10450,2612,25,ambig,nonneg,Race_x_SES:2612
bbq,Race_x_SES,10451,2612,25,disambig,nonneg,Race_x_SES:2612
bbq,Race_x_SES,10616,2654,26,ambig,neg,Race_x_SES:2654
bbq,Race_x_SES,10617,2654,26,disambig,neg,Race_x_SES:2654
bbq,Race_x_SES,10618,2654,26,ambig,nonneg,Race_x_SES:2654
bbq,Race_x_SES,10619,2654,26,disambig,nonneg,Race_x_SES:2654
bbq,Race_x_gender,0,0,1,ambig,neg,Race_x_gender:0
bbq,Race_x_gender,1,0,1,disambig,neg,Race_x_gender:0
bbq,Race_x_gender,2,0,1,ambig,nonneg,Race_x_gender:0
bbq,Race_x_gender,3,0,1,disambig,nonneg,Race_x_gender:0
bbq,Race_x_gender,376,94,2,ambig,neg,Race_x_gender:94
bbq,Race_x_gender,377,94,2,disambig,neg,Race_x_gender:94
bbq,Race_x_gender,378,94,2,ambig,nonneg,Race_x_gender:94
bbq,Race_x_gender,379,94,2,disambig,nonneg,Race_x_gender:94
bbq,Race_x_gender,884,221,3,ambig,neg,Race_x_gender:221
bbq,Race_x_gender,885,221,3,disambig,neg,Race_x_gender:221
bbq,Race_x_gender,886,221,3,ambig,nonneg,Race_x_gender:221
bbq,Race_x_gender,887,221,3,disambig,nonneg,Race_x_gender:221
bbq,Race_x_gender,1620,405,4,ambig,neg,Race_x_gender:405
bbq,Race_x_gender,1621,405,4,disambig,neg,Race_x_gender:405
bbq,Race_x_gender,1622,405,4,ambig,nonneg,Race_x_gender:405
bbq,Race_x_gender,1623,405,4,disambig,nonneg,Race_x_gender:405
bbq,Race_x_gender,1752,438,5,ambig,neg,Race_x_gender:438
bbq,Race_x_gender,1753,438,5,disambig,neg,Race_x_gender:438
bbq,Race_x_gender,1754,438,5,ambig,nonneg,Race_x_gender:438
bbq,Race_x_gender,1755,438,5,disambig,nonneg,Race_x_gender:438
bbq,Race_x_gender,1940,485,6,ambig,neg,Race_x_gender:485
bbq,Race_x_gender,1941,485,6,disambig,neg,Race_x_gender:485
bbq,Race_x_gender,1942,485,6,ambig,nonneg,Race_x_gender:485
bbq,Race_x_gender,1943,485,6,disambig,nonneg,Race_x_gender:485
bbq,Race_x_gender,2488,622,7,ambig,neg,Race_x_gender:622
bbq,Race_x_gender,2489,622,7,disambig,neg,Race_x_gender:622
bbq,Race_x_gender,2490,622,7,ambig,nonneg,Race_x_gender:622
bbq,Race_x_gender,2491,622,7,disambig,nonneg,Race_x_gender:622
bbq,Race_x_gender,2948,737,8,ambig,neg,Race_x_gender:737
bbq,Race_x_gender,2949,737,8,disambig,neg,Race_x_gender:737
bbq,Race_x_gender,2950,737,8,ambig,nonneg,Race_x_gender:737
bbq,Race_x_gender,2951,737,8,disambig,nonneg,Race_x_gender:737
bbq,Race_x_gender,3352,838,9,ambig,neg,Race_x_gender:838
bbq,Race_x_gender,3353,838,9,disambig,neg,Race_x_gender:838
bbq,Race_x_gender,3354,838,9,ambig,nonneg,Race_x_gender:838
bbq,Race_x_gender,3355,838,9,disambig,nonneg,Race_x_gender:838
bbq,Race_x_gender,3400,850,11,ambig,neg,Race_x_gender:850
bbq,Race_x_gender,3401,850,11,disambig,neg,Race_x_gender:850
bbq,Race_x_gender,3402,850,11,ambig,nonneg,Race_x_gender:850
bbq,Race_x_gender,3403,850,11,disambig,nonneg,Race_x_gender:850
bbq,Race_x_gender,3924,981,12,ambig,neg,Race_x_gender:981
bbq,Race_x_gender,3925,981,12,disambig,neg,Race_x_gender:981
bbq,Race_x_gender,3926,981,12,ambig,nonneg,Race_x_gender:981
bbq,Race_x_gender,3927,981,12,disambig,nonneg,Race_x_gender:981
bbq,Race_x_gender,4288,1072,13,ambig,neg,Race_x_gender:1072
bbq,Race_x_gender,4289,1072,13,disambig,neg,Race_x_gender:1072
bbq,Race_x_gender,4290,1072,13,ambig,nonneg,Race_x_gender:1072
bbq,Race_x_gender,4291,1072,13,disambig,nonneg,Race_x_gender:1072
bbq,Race_x_gender,4936,1234,14,ambig,neg,Race_x_gender:1234
bbq,Race_x_gender,4937,1234,14,disambig,neg,Race_x_gender:1234
bbq,Race_x_gender,4938,1234,14,ambig,nonneg,Race_x_gender:1234
bbq,Race_x_gender,4939,1234,14,disambig,nonneg,Race_x_gender:1234
bbq,Race_x_gender,5084,1271,15,ambig,neg,Race_x_gender:1271
bbq,Race_x_gender,5085,1271,15,disambig,neg,Race_x_gender:1271
bbq,Race_x_gender,5086,1271,15,ambig,nonneg,Race_x_gender:1271
bbq,Race_x_gender,5087,1271,15,disambig,nonneg,Race_x_gender:1271
bbq,Race_x_gender,5316,1329,17,ambig,neg,Race_x_gender:1329
bbq,Race_x_gender,5317,1329,17,disambig,neg,Race_x_gender:1329
bbq,Race_x_gender,5318,1329,17,ambig,nonneg,Race_x_gender:1329
bbq,Race_x_gender,5319,1329,17,disambig,nonneg,Race_x_gender:1329
bbq,Race_x_gender,5808,1452,18,ambig,neg,Race_x_gender:1452
bbq,Race_x_gender,5809,1452,18,disambig,neg,Race_x_gender:1452
bbq,Race_x_gender,5810,1452,18,ambig,nonneg,Race_x_gender:1452
bbq,Race_x_gender,5811,1452,18,disambig,nonneg,Race_x_gender:1452
bbq,Race_x_gender,6132,1533,19,ambig,neg,Race_x_gender:1533
bbq,Race_x_gender,6133,1533,19,disambig,neg,Race_x_gender:1533
bbq,Race_x_gender,6134,1533,19,ambig,nonneg,Race_x_gender:1533
bbq,Race_x_gender,6135,1533,19,disambig,nonneg,Race_x_gender:1533
bbq,Race_x_gender,6332,1583,20,ambig,neg,Race_x_gender:1583
bbq,Race_x_gender,6333,1583,20,disambig,neg,Race_x_gender:1583
bbq,Race_x_gender,6334,1583,20,ambig,nonneg,Race_x_gender:1583
bbq,Race_x_gender,6335,1583,20,disambig,nonneg,Race_x_gender:1583
bbq,Race_x_gender,7004,1751,21,ambig,neg,Race_x_gender:1751
bbq,Race_x_gender,7005,1751,21,disambig,neg,Race_x_gender:1751
bbq,Race_x_gender,7006,1751,21,ambig,nonneg,Race_x_gender:1751
bbq,Race_x_gender,7007,1751,21,disambig,nonneg,Race_x_gender:1751
bbq,Race_x_gender,7132,1783,22,ambig,neg,Race_x_gender:1783
bbq,Race_x_gender,7133,1783,22,disambig,neg,Race_x_gender:1783
bbq,Race_x_gender,7134,1783,22,ambig,nonneg,Race_x_gender:1783
bbq,Race_x_gender,7135,1783,22,disambig,nonneg,Race_x_gender:1783
bbq,Race_x_gender,7736,1934,23,ambig,neg,Race_x_gender:1934
bbq,Race_x_gender,7737,1934,23,disambig,neg,Race_x_gender:1934
bbq,Race_x_gender,7738,1934,23,ambig,nonneg,Race_x_gender:1934
bbq,Race_x_gender,7739,1934,23,disambig,nonneg,Race_x_gender:1934
bbq,Race_x_gender,8072,2018,24,ambig,neg,Race_x_gender:2018
bbq,Race_x_gender,8073,2018,24,disambig,neg,Race_x_gender:2018
bbq,Race_x_gender,8074,2018,24,ambig,nonneg,Race_x_gender:2018
bbq,Race_x_gender,8075,2018,24,disambig,nonneg,Race_x_gender:2018
bbq,Race_x_gender,8528,2132,25,ambig,neg,Race_x_gender:2132
bbq,Race_x_gender,8529,2132,25,disambig,neg,Race_x_gender:2132
bbq,Race_x_gender,8530,2132,25,ambig,nonneg,Race_x_gender:2132
bbq,Race_x_gender,8531,2132,25,disambig,nonneg,Race_x_gender:2132
bbq,Race_x_gender,8608,2152,25,ambig,neg,Race_x_gender:2152
bbq,Race_x_gender,8609,2152,25,disambig,neg,Race_x_gender:2152
bbq,Race_x_gender,8610,2152,25,ambig,nonneg,Race_x_gender:2152
bbq,Race_x_gender,8611,2152,25,disambig,nonneg,Race_x_gender:2152
bbq,Race_x_gender,8848,2212,26,ambig,neg,Race_x_gender:2212
bbq,Race_x_gender,8849,2212,26,disambig,neg,Race_x_gender:2212
bbq,Race_x_gender,8850,2212,26,ambig,nonneg,Race_x_gender:2212
bbq,Race_x_gender,8851,2212,26,disambig,nonneg,Race_x_gender:2212
bbq,Race_x_gender,9288,2322,27,ambig,neg,Race_x_gender:2322
bbq,Race_x_gender,9289,2322,27,disambig,neg,Race_x_gender:2322
bbq,Race_x_gender,9290,2322,27,ambig,nonneg,Race_x_gender:2322
bbq,Race_x_gender,9291,2322,27,disambig,nonneg,Race_x_gender:2322
bbq,Race_x_gender,9700,2425,28,ambig,neg,Race_x_gender:2425
bbq,Race_x_gender,9701,2425,28,disambig,neg,Race_x_gender:2425
bbq,Race_x_gender,9702,2425,28,ambig,nonneg,Race_x_gender:2425
bbq,Race_x_gender,9703,2425,28,disambig,nonneg,Race_x_gender:2425
bbq,Race_x_gender,9804,2451,29,ambig,neg,Race_x_gender:2451
bbq,Race_x_gender,9805,2451,29,disambig,neg,Race_x_gender:2451
bbq,Race_x_gender,9806,2451,29,ambig,nonneg,Race_x_gender:2451
bbq,Race_x_gender,9807,2451,29,disambig,nonneg,Race_x_gender:2451
bbq,Race_x_gender,10092,2523,29,ambig,neg,Race_x_gender:2523
bbq,Race_x_gender,10093,2523,29,disambig,neg,Race_x_gender:2523
bbq,Race_x_gender,10094,2523,29,ambig,nonneg,Race_x_gender:2523
bbq,Race_x_gender,10095,2523,29,disambig,nonneg,Race_x_gender:2523
bbq,Race_x_gender,10380,2595,30,ambig,neg,Race_x_gender:2595
bbq,Race_x_gender,10381,2595,30,disambig,neg,Race_x_gender:2595
bbq,Race_x_gender,10382,2595,30,ambig,nonneg,Race_x_gender:2595
bbq,Race_x_gender,10383,2595,30,disambig,nonneg,Race_x_gender:2595
bbq,Race_x_gender,10552,2638,31,ambig,neg,Race_x_gender:2638
bbq,Race_x_gender,10553,2638,31,disambig,neg,Race_x_gender:2638
bbq,Race_x_gender,10554,2638,31,ambig,nonneg,Race_x_gender:2638
bbq,Race_x_gender,10555,2638,31,disambig,nonneg,Race_x_gender:2638
bbq,Race_x_gender,11056,2764,32,ambig,neg,Race_x_gender:2764
bbq,Race_x_gender,11057,2764,32,disambig,neg,Race_x_gender:2764
bbq,Race_x_gender,11058,2764,32,ambig,nonneg,Race_x_gender:2764
bbq,Race_x_gender,11059,2764,32,disambig,nonneg,Race_x_gender:2764
bbq,Race_x_gender,11548,2887,33,ambig,neg,Race_x_gender:2887
bbq,Race_x_gender,11549,2887,33,disambig,neg,Race_x_gender:2887
bbq,Race_x_gender,11550,2887,33,ambig,nonneg,Race_x_gender:2887
bbq,Race_x_gender,11551,2887,33,disambig,nonneg,Race_x_gender:2887
bbq,Race_x_gender,11928,2982,34,ambig,neg,Race_x_gender:2982
bbq,Race_x_gender,11929,2982,34,disambig,neg,Race_x_gender:2982
bbq,Race_x_gender,11930,2982,34,ambig,nonneg,Race_x_gender:2982
bbq,Race_x_gender,11931,2982,34,disambig,nonneg,Race_x_gender:2982
bbq,Race_x_gender,12480,3120,35,ambig,neg,Race_x_gender:3120
bbq,Race_x_gender,12481,3120,35,disambig,neg,Race_x_gender:3120
bbq,Race_x_gender,12482,3120,35,ambig,nonneg,Race_x_gender:3120
bbq,Race_x_gender,12483,3120,35,disambig,nonneg,Race_x_gender:3120
bbq,Race_x_gender,12748,3187,36,ambig,neg,Race_x_gender:3187
bbq,Race_x_gender,12749,3187,36,disambig,neg,Race_x_gender:3187
bbq,Race_x_gender,12750,3187,36,ambig,nonneg,Race_x_gender:3187
bbq,Race_x_gender,12751,3187,36,disambig,nonneg,Race_x_gender:3187
bbq,Race_x_gender,12964,3241,37,ambig,neg,Race_x_gender:3241
bbq,Race_x_gender,12965,3241,37,disambig,neg,Race_x_gender:3241
bbq,Race_x_gender,12966,3241,37,ambig,nonneg,Race_x_gender:3241
bbq,Race_x_gender,12967,3241,37,disambig,nonneg,Race_x_gender:3241
bbq,Race_x_gender,13652,3413,38,ambig,neg,Race_x_gender:3413
bbq,Race_x_gender,13653,3413,38,disambig,neg,Race_x_gender:3413
bbq,Race_x_gender,13654,3413,38,ambig,nonneg,Race_x_gender:3413
bbq,Race_x_gender,13655,3413,38,disambig,nonneg,Race_x_gender:3413
bbq,Race_x_gender,13708,3427,39,ambig,neg,Race_x_gender:3427
bbq,Race_x_gender,13709,3427,39,disambig,neg,Race_x_gender:3427
bbq,Race_x_gender,13710,3427,39,ambig,nonneg,Race_x_gender:3427
bbq,Race_x_gender,13711,3427,39,disambig,nonneg,Race_x_gender:3427
bbq,Race_x_gender,14012,3503,40,ambig,neg,Race_x_gender:3503
bbq,Race_x_gender,14013,3503,40,disambig,neg,Race_x_gender:3503
bbq,Race_x_gender,14014,3503,40,ambig,nonneg,Race_x_gender:3503
bbq,Race_x_gender,14015,3503,40,disambig,nonneg,Race_x_gender:3503
bbq,Race_x_gender,14384,3596,40,ambig,neg,Race_x_gender:3596
bbq,Race_x_gender,14385,3596,40,disambig,neg,Race_x_gender:3596
bbq,Race_x_gender,14386,3596,40,ambig,nonneg,Race_x_gender:3596
bbq,Race_x_gender,14387,3596,40,disambig,nonneg,Race_x_gender:3596
bbq,Race_x_gender,14632,3658,41,ambig,neg,Race_x_gender:3658
bbq,Race_x_gender,14633,3658,41,disambig,neg,Race_x_gender:3658
bbq,Race_x_gender,14634,3658,41,ambig,nonneg,Race_x_gender:3658
bbq,Race_x_gender,14635,3658,41,disambig,nonneg,Race_x_gender:3658
bbq,Race_x_gender,15044,3761,42,ambig,neg,Race_x_gender:3761
bbq,Race_x_gender,15045,3761,42,disambig,neg,Race_x_gender:3761
bbq,Race_x_gender,15046,3761,42,ambig,nonneg,Race_x_gender:3761
bbq,Race_x_gender,15047,3761,42,disambig,nonneg,Race_x_gender:3761
bbq,Race_x_gender,15104,3776,42,ambig,neg,Race_x_gender:3776
bbq,Race_x_gender,15105,3776,42,disambig,neg,Race_x_gender:3776
bbq,Race_x_gender,15106,3776,42,ambig,nonneg,Race_x_gender:3776
bbq,Race_x_gender,15107,3776,42,disambig,nonneg,Race_x_gender:3776
bbq,Race_x_gender,15276,3819,43,ambig,neg,Race_x_gender:3819
bbq,Race_x_gender,15277,3819,43,disambig,neg,Race_x_gender:3819
bbq,Race_x_gender,15278,3819,43,ambig,nonneg,Race_x_gender:3819
bbq,Race_x_gender,15279,3819,43,disambig,nonneg,Race_x_gender:3819
bbq,Race_x_gender,15576,3894,44,ambig,neg,Race_x_gender:3894
bbq,Race_x_gender,15577,3894,44,disambig,neg,Race_x_gender:3894
bbq,Race_x_gender,15578,3894,44,ambig,nonneg,Race_x_gender:3894
bbq,Race_x_gender,15579,3894,44,disambig,nonneg,Race_x_gender:3894
bbq,Religion,12,3,1,ambig,neg,Religion:3
bbq,Religion,13,3,1,disambig,neg,Religion:3
bbq,Religion,14,3,1,ambig,nonneg,Religion:3
bbq,Religion,15,3,1,disambig,nonneg,Religion:3
bbq,Religion,24,6,1,ambig,neg,Religion:6
bbq,Religion,25,6,1,disambig,neg,Religion:6
bbq,Religion,26,6,1,ambig,nonneg,Religion:6
bbq,Religion,27,6,1,disambig,nonneg,Religion:6
bbq,Religion,36,9,1,ambig,neg,Religion:9
bbq,Religion,37,9,1,disambig,neg,Religion:9
bbq,Religion,38,9,1,ambig,nonneg,Religion:9
bbq,Religion,39,9,1,disambig,nonneg,Religion:9
bbq,Religion,44,11,2,ambig,neg,Religion:11
bbq,Religion,45,11,2,disambig,neg,Religion:11
bbq,Religion,46,11,2,ambig,nonneg,Religion:11
bbq,Religion,47,11,2,disambig,nonneg,Religion:11
bbq,Religion,124,31,3,ambig,neg,Religion:31
bbq,Religion,125,31,3,disambig,neg,Religion:31
bbq,Religion,126,31,3,ambig,nonneg,Religion:31
bbq,Religion,127,31,3,disambig,nonneg,Religion:31
bbq,Religion,180,45,3,ambig,neg,Religion:45
bbq,Religion,181,45,3,disambig,neg,Religion:45
bbq,Religion,182,45,3,ambig,nonneg,Religion:45
bbq,Religion,183,45,3,disambig,nonneg,Religion:45
bbq,Religion,224,56,4,ambig,neg,Religion:56
bbq,Religion,225,56,4,disambig,neg,Religion:56
bbq,Religion,226,56,4,ambig,nonneg,Religion:56
bbq,Religion,227,56,4,disambig,nonneg,Religion:56
bbq,Religion,256,64,5,ambig,neg,Religion:64
bbq,Religion,257,64,5,disambig,neg,Religion:64
bbq,Religion,258,64,5,ambig,nonneg,Religion:64
bbq,Religion,259,64,5,disambig,nonneg,Religion:64
bbq,Religion,272,68,5,ambig,neg,Religion:68
bbq,Religion,273,68,5,disambig,neg,Religion:68
bbq,Religion,274,68,5,ambig,nonneg,Religion:68
bbq,Religion,275,68,5,disambig,nonneg,Religion:68
bbq,Religion,300,75,6,ambig,neg,Religion:75
bbq,Religion,301,75,6,disambig,neg,Religion:75
bbq,Religion,302,75,6,ambig,nonneg,Religion:75
bbq,Religion,303,75,6,disambig,nonneg,Religion:75
bbq,Religion,304,76,6,ambig,neg,Religion:76
bbq,Religion,305,76,6,disambig,neg,Religion:76
bbq,Religion,306,76,6,ambig,nonneg,Religion:76
bbq,Religion,307,76,6,disambig,nonneg,Religion:76
bbq,Religion,312,78,6,ambig,neg,Religion:78
bbq,Religion,313,78,6,disambig,neg,Religion:78
bbq,Religion,314,78,6,ambig,nonneg,Religion:78
bbq,Religion,315,78,6,disambig,nonneg,Religion:78
bbq,Religion,396,99,7,ambig,neg,Religion:99
bbq,Religion,397,99,7,disambig,neg,Religion:99
bbq,Religion,398,99,7,ambig,nonneg,Religion:99
bbq,Religion,399,99,7,disambig,nonneg,Religion:99
bbq,Religion,412,103,8,ambig,neg,Religion:103
bbq,Religion,413,103,8,disambig,neg,Religion:103
bbq,Religion,414,103,8,ambig,nonneg,Religion:103
bbq,Religion,415,103,8,disambig,nonneg,Religion:103
bbq,Religion,440,110,9,ambig,neg,Religion:110
bbq,Religion,441,110,9,disambig,neg,Religion:110
bbq,Religion,442,110,9,ambig,nonneg,Religion:110
bbq,Religion,443,110,9,disambig,nonneg,Religion:110
bbq,Religion,508,127,10,ambig,neg,Religion:127
bbq,Religion,509,127,10,disambig,neg,Religion:127
bbq,Religion,510,127,10,ambig,nonneg,Religion:127
bbq,Religion,511,127,10,disambig,nonneg,Religion:127
bbq,Religion,516,129,10,ambig,neg,Religion:129
bbq,Religion,517,129,10,disambig,neg,Religion:129
bbq,Religion,518,129,10,ambig,nonneg,Religion:129
bbq,Religion,519,129,10,disambig,nonneg,Religion:129
bbq,Religion,528,132,11,ambig,neg,Religion:132
bbq,Religion,529,132,11,disambig,neg,Religion:132
bbq,Religion,530,132,11,ambig,nonneg,Religion:132
bbq,Religion,531,132,11,disambig,nonneg,Religion:132
bbq,Religion,572,143,12,ambig,neg,Religion:143
bbq,Religion,573,143,12,disambig,neg,Religion:143
bbq,Religion,574,143,12,ambig,nonneg,Religion:143
bbq,Religion,575,143,12,disambig,nonneg,Religion:143
bbq,Religion,600,150,13,ambig,neg,Religion:150
bbq,Religion,601,150,13,disambig,neg,Religion:150
bbq,Religion,602,150,13,ambig,nonneg,Religion:150
bbq,Religion,603,150,13,disambig,nonneg,Religion:150
bbq,Religion,624,156,13,ambig,neg,Religion:156
bbq,Religion,625,156,13,disambig,neg,Religion:156
bbq,Religion,626,156,13,ambig,nonneg,Religion:156
bbq,Religion,627,156,13,disambig,nonneg,Religion:156
bbq,Religion,632,158,13,ambig,neg,Religion:158
bbq,Religion,633,158,13,disambig,neg,Religion:158
bbq,Religion,634,158,13,ambig,nonneg,Religion:158
bbq,Religion,635,158,13,disambig,nonneg,Religion:158
bbq,Religion,648,162,14,ambig,neg,Religion:162
bbq,Religion,649,162,14,disambig,neg,Religion:162
bbq,Religion,650,162,14,ambig,nonneg,Religion:162
bbq,Religion,651,162,14,disambig,nonneg,Religion:162
bbq,Religion,672,168,14,ambig,neg,Religion:168
bbq,Religion,673,168,14,disambig,neg,Religion:168
bbq,Religion,674,168,14,ambig,nonneg,Religion:168
bbq,Religion,675,168,14,disambig,nonneg,Religion:168
bbq,Religion,692,173,15,ambig,neg,Religion:173
bbq,Religion,693,173,15,disambig,neg,Religion:173
bbq,Religion,694,173,15,ambig,nonneg,Religion:173
bbq,Religion,695,173,15,disambig,nonneg,Religion:173
bbq,Religion,756,189,16,ambig,neg,Religion:189
bbq,Religion,757,189,16,disambig,neg,Religion:189
bbq,Religion,758,189,16,ambig,nonneg,Religion:189
bbq,Religion,759,189,16,disambig,nonneg,Religion:189
bbq,Religion,764,191,17,ambig,neg,Religion:191
bbq,Religion,765,191,17,disambig,neg,Religion:191
bbq,Religion,766,191,17,ambig,nonneg,Religion:191
bbq,Religion,767,191,17,disambig,nonneg,Religion:191
bbq,Religion,768,192,17,ambig,neg,Religion:192
bbq,Religion,769,192,17,disambig,neg,Religion:192
bbq,Religion,770,192,17,ambig,nonneg,Religion:192
bbq,Religion,771,192,17,disambig,nonneg,Religion:192
bbq,Religion,812,203,18,ambig,neg,Religion:203
bbq,Religion,813,203,18,disambig,neg,Religion:203
bbq,Religion,814,203,18,ambig,nonneg,Religion:203
bbq,Religion,815,203,18,disambig,nonneg,Religion:203
bbq,Religion,856,214,19,ambig,neg,Religion:214
bbq,Religion,857,214,19,disambig,neg,Religion:214
bbq,Religion,858,214,19,ambig,nonneg,Religion:214
bbq,Religion,859,214,19,disambig,nonneg,Religion:214
bbq,Religion,864,216,19,ambig,neg,Religion:216
bbq,Religion,865,216,19,disambig,neg,Religion:216
bbq,Religion,866,216,19,ambig,nonneg,Religion:216
bbq,Religion,867,216,19,disambig,nonneg,Religion:216
bbq,Religion,944,236,19,ambig,neg,Religion:236
bbq,Religion,945,236,19,disambig,neg,Religion:236
bbq,Religion,946,236,19,ambig,nonneg,Religion:236
bbq,Religion,947,236,19,disambig,nonneg,Religion:236
bbq,Religion,976,244,20,ambig,neg,Religion:244
bbq,Religion,977,244,20,disambig,neg,Religion:244
bbq,Religion,978,244,20,ambig,nonneg,Religion:244
bbq,Religion,979,244,20,disambig,nonneg,Religion:244
bbq,Religion,980,245,20,ambig,neg,Religion:245
bbq,Religion,981,245,20,disambig,neg,Religion:245
bbq,Religion,982,245,20,ambig,nonneg,Religion:245
bbq,Religion,983,245,20,disambig,nonneg,Religion:245
bbq,Religion,992,248,20,ambig,neg,Religion:248
bbq,Religion,993,248,20,disambig,neg,Religion:248
bbq,Religion,994,248,20,ambig,nonneg,Religion:248
bbq,Religion,995,248,20,disambig,nonneg,Religion:248
bbq,Religion,1012,253,21,ambig,neg,Religion:253
bbq,Religion,1013,253,21,disambig,neg,Religion:253
bbq,Religion,1014,253,21,ambig,nonneg,Religion:253
bbq,Religion,1015,253,21,disambig,nonneg,Religion:253
bbq,Religion,1076,269,22,ambig,neg,Religion:269
bbq,Religion,1077,269,22,disambig,neg,Religion:269
bbq,Religion,1078,269,22,ambig,nonneg,Religion:269
bbq,Religion,1079,269,22,disambig,nonneg,Religion:269
bbq,Religion,1084,271,23,ambig,neg,Religion:271
bbq,Religion,1085,271,23,disambig,neg,Religion:271
bbq,Religion,1086,271,23,ambig,nonneg,Religion:271
bbq,Religion,1087,271,23,disambig,nonneg,Religion:271
bbq,Religion,1096,274,23,ambig,neg,Religion:274
bbq,Religion,1097,274,23,disambig,neg,Religion:274
bbq,Religion,1098,274,23,ambig,nonneg,Religion:274
bbq,Religion,1099,274,23,disambig,nonneg,Religion:274
bbq,Religion,1112,278,23,ambig,neg,Religion:278
bbq,Religion,1113,278,23,disambig,neg,Religion:278
bbq,Religion,1114,278,23,ambig,nonneg,Religion:278
bbq,Religion,1115,278,23,disambig,nonneg,Religion:278
bbq,Religion,1124,281,24,ambig,neg,Religion:281
bbq,Religion,1125,281,24,disambig,neg,Religion:281
bbq,Religion,1126,281,24,ambig,nonneg,Religion:281
bbq,Religion,1127,281,24,disambig,nonneg,Religion:281
bbq,Religion,1152,288,24,ambig,neg,Religion:288
bbq,Religion,1153,288,24,disambig,neg,Religion:288
bbq,Religion,1154,288,24,ambig,nonneg,Religion:288
bbq,Religion,1155,288,24,disambig,nonneg,Religion:288
bbq,Religion,1172,293,25,ambig,neg,Religion:293
bbq,Religion,1173,293,25,disambig,neg,Religion:293
bbq,Religion,1174,293,25,ambig,nonneg,Religion:293
bbq,Religion,1175,293,25,disambig,nonneg,Religion:293
bbq,Religion,1180,295,25,ambig,neg,Religion:295
bbq,Religion,1181,295,25,disambig,neg,Religion:295
bbq,Religion,1182,295,25,ambig,nonneg,Religion:295
bbq,Religion,1183,295,25,disambig,nonneg,Religion:295
bbq,Religion,1184,296,25,ambig,neg,Religion:296
bbq,Religion,1185,296,25,disambig,neg,Religion:296
bbq,Religion,1186,296,25,ambig,nonneg,Religion:296
bbq,Religion,1187,296,25,disambig,nonneg,Religion:296
bbq,SES,40,10,1,ambig,neg,SES:10
bbq,SES,41,10,1,disambig,neg,SES:10
bbq,SES,42,10,1,ambig,nonneg,SES:10
bbq,SES,43,10,1,disambig,nonneg,SES:10
bbq,SES,64,16,2,ambig,neg,SES:16
bbq,SES,65,16,2,disambig,neg,SES:16
bbq,SES,66,16,2,ambig,nonneg,SES:16
bbq,SES,67,16,2,disambig,nonneg,SES:16
bbq,SES,96,24,3,ambig,neg,SES:24
bbq,SES,97,24,3,disambig,neg,SES:24
bbq,SES,98,24,3,ambig,nonneg,SES:24
bbq,SES,99,24,3,disambig,nonneg,SES:24
bbq,SES,100,25,3,ambig,neg,SES:25
bbq,SES,101,25,3,disambig,neg,SES:25
bbq,SES,102,25,3,ambig,nonneg,SES:25
bbq,SES,103,25,3,disambig,nonneg,SES:25
bbq,SES,236,59,4,ambig,neg,SES:59
bbq,SES,237,59,4,disambig,neg,SES:59
bbq,SES,238,59,4,ambig,nonneg,SES:59
bbq,SES,239,59,4,disambig,nonneg,SES:59
bbq,SES,756,189,5,ambig,neg,SES:189
bbq,SES,757,189,5,disambig,neg,SES:189
bbq,SES,758,189,5,ambig,nonneg,SES:189
bbq,SES,759,189,5,disambig,nonneg,SES:189
bbq,SES,784,196,5,ambig,neg,SES:196
bbq,SES,785,196,5,disambig,neg,SES:196
bbq,SES,786,196,5,ambig,nonneg,SES:196
bbq,SES,787,196,5,disambig,nonneg,SES:196
bbq,SES,1148,287,6,ambig,neg,SES:287
bbq,SES,1149,287,6,disambig,neg,SES:287
bbq,SES,1150,287,6,ambig,nonneg,SES:287
bbq,SES,1151,287,6,disambig,nonneg,SES:287
bbq,SES,1152,288,7,ambig,neg,SES:288
bbq,SES,1153,288,7,disambig,neg,SES:288
bbq,SES,1154,288,7,ambig,nonneg,SES:288
bbq,SES,1155,288,7,disambig,nonneg,SES:288
bbq,SES,1312,328,8,ambig,neg,SES:328
bbq,SES,1313,328,8,disambig,neg,SES:328
bbq,SES,1314,328,8,ambig,nonneg,SES:328
bbq,SES,1315,328,8,disambig,nonneg,SES:328
bbq,SES,1492,373,8,ambig,neg,SES:373
bbq,SES,1493,373,8,disambig,neg,SES:373
bbq,SES,1494,373,8,ambig,nonneg,SES:373
bbq,SES,1495,373,8,disambig,nonneg,SES:373
bbq,SES,1712,428,9,ambig,neg,SES:428
bbq,SES,1713,428,9,disambig,neg,SES:428
bbq,SES,1714,428,9,ambig,nonneg,SES:428
bbq,SES,1715,428,9,disambig,nonneg,SES:428
bbq,SES,1764,441,10,ambig,neg,SES:441
bbq,SES,1765,441,10,disambig,neg,SES:441
bbq,SES,1766,441,10,ambig,nonneg,SES:441
bbq,SES,1767,441,10,disambig,nonneg,SES:441
bbq,SES,1920,480,11,ambig,neg,SES:480
bbq,SES,1921,480,11,disambig,neg,SES:480
bbq,SES,1922,480,11,ambig,nonneg,SES:480
bbq,SES,1923,480,11,disambig,nonneg,SES:480
bbq,SES,2404,601,12,ambig,neg,SES:601
bbq,SES,2405,601,12,disambig,neg,SES:601
bbq,SES,2406,601,12,ambig,nonneg,SES:601
bbq,SES,2407,601,12,disambig,nonneg,SES:601
bbq,SES,2520,630,12,ambig,neg,SES:630
bbq,SES,2521,630,12,disambig,neg,SES:630
bbq,SES,2522,630,12,ambig,nonneg,SES:630
bbq,SES,2523,630,12,disambig,nonneg,SES:630
bbq,SES,2908,727,13,ambig,neg,SES:727
bbq,SES,2909,727,13,disambig,neg,SES:727
bbq,SES,2910,727,13,ambig,nonneg,SES:727
bbq,SES,2911,727,13,disambig,nonneg,SES:727
bbq,SES,3472,868,14,ambig,neg,SES:868
bbq,SES,3473,868,14,disambig,neg,SES:868
bbq,SES,3474,868,14,ambig,nonneg,SES:868
bbq,SES,3475,868,14,disambig,nonneg,SES:868
bbq,SES,3556,889,14,ambig,neg,SES:889
bbq,SES,3557,889,14,disambig,neg,SES:889
bbq,SES,3558,889,14,ambig,nonneg,SES:889
bbq,SES,3559,889,14,disambig,nonneg,SES:889
bbq,SES,3588,897,14,ambig,neg,SES:897
bbq,SES,3589,897,14,disambig,neg,SES:897
bbq,SES,3590,897,14,ambig,nonneg,SES:897
bbq,SES,3591,897,14,disambig,nonneg,SES:897
bbq,SES,3624,906,14,ambig,neg,SES:906
bbq,SES,3625,906,14,disambig,neg,SES:906
bbq,SES,3626,906,14,ambig,nonneg,SES:906
bbq,SES,3627,906,14,disambig,nonneg,SES:906
bbq,SES,3716,929,14,ambig,neg,SES:929
bbq,SES,3717,929,14,disambig,neg,SES:929
bbq,SES,3718,929,14,ambig,nonneg,SES:929
bbq,SES,3719,929,14,disambig,nonneg,SES:929
bbq,SES,3768,942,15,ambig,neg,SES:942
bbq,SES,3769,942,15,disambig,neg,SES:942
bbq,SES,3770,942,15,ambig,nonneg,SES:942
bbq,SES,3771,942,15,disambig,nonneg,SES:942
bbq,SES,4248,1062,16,ambig,neg,SES:1062
bbq,SES,4249,1062,16,disambig,neg,SES:1062
bbq,SES,4250,1062,16,ambig,nonneg,SES:1062
bbq,SES,4251,1062,16,disambig,nonneg,SES:1062
bbq,SES,4292,1073,17,ambig,neg,SES:1073
bbq,SES,4293,1073,17,disambig,neg,SES:1073
bbq,SES,4294,1073,17,ambig,nonneg,SES:1073
bbq,SES,4295,1073,17,disambig,nonneg,SES:1073
bbq,SES,4348,1087,18,ambig,neg,SES:1087
bbq,SES,4349,1087,18,disambig,neg,SES:1087
bbq,SES,4350,1087,18,ambig,nonneg,SES:1087
bbq,SES,4351,1087,18,disambig,nonneg,SES:1087
bbq,SES,4372,1093,19,ambig,neg,SES:1093
bbq,SES,4373,1093,19,disambig,neg,SES:1093
bbq,SES,4374,1093,19,ambig,nonneg,SES:1093
bbq,SES,4375,1093,19,disambig,nonneg,SES:1093
bbq,SES,4456,1114,19,ambig,neg,SES:1114
bbq,SES,4457,1114,19,disambig,neg,SES:1114
bbq,SES,4458,1114,19,ambig,nonneg,SES:1114
bbq,SES,4459,1114,19,disambig,nonneg,SES:1114
bbq,SES,4528,1132,19,ambig,neg,SES:1132
bbq,SES,4529,1132,19,disambig,neg,SES:1132
bbq,SES,4530,1132,19,ambig,nonneg,SES:1132
bbq,SES,4531,1132,19,disambig,nonneg,SES:1132
bbq,SES,4712,1178,19,ambig,neg,SES:1178
bbq,SES,4713,1178,19,disambig,neg,SES:1178
bbq,SES,4714,1178,19,ambig,nonneg,SES:1178
bbq,SES,4715,1178,19,disambig,nonneg,SES:1178
bbq,SES,4984,1246,20,ambig,neg,SES:1246
bbq,SES,4985,1246,20,disambig,neg,SES:1246
bbq,SES,4986,1246,20,ambig,nonneg,SES:1246
bbq,SES,4987,1246,20,disambig,nonneg,SES:1246
bbq,SES,5032,1258,20,ambig,neg,SES:1258
bbq,SES,5033,1258,20,disambig,neg,SES:1258
bbq,SES,5034,1258,20,ambig,nonneg,SES:1258
bbq,SES,5035,1258,20,disambig,nonneg,SES:1258
bbq,SES,5148,1287,20,ambig,neg,SES:1287
bbq,SES,5149,1287,20,disambig,neg,SES:1287
bbq,SES,5150,1287,20,ambig,nonneg,SES:1287
bbq,SES,5151,1287,20,disambig,nonneg,SES:1287
bbq,SES,5252,1313,20,ambig,neg,SES:1313
bbq,SES,5253,1313,20,disambig,neg,SES:1313
bbq,SES,5254,1313,20,ambig,nonneg,SES:1313
bbq,SES,5255,1313,20,disambig,nonneg,SES:1313
bbq,SES,5272,1318,20,ambig,neg,SES:1318
bbq,SES,5273,1318,20,disambig,neg,SES:1318
bbq,SES,5274,1318,20,ambig,nonneg,SES:1318
bbq,SES,5275,1318,20,disambig,nonneg,SES:1318
bbq,SES,5432,1358,21,ambig,neg,SES:1358
bbq,SES,5433,1358,21,disambig,neg,SES:1358
bbq,SES,5434,1358,21,ambig,nonneg,SES:1358
bbq,SES,5435,1358,21,disambig,nonneg,SES:1358
bbq,SES,5644,1411,21,ambig,neg,SES:1411
bbq,SES,5645,1411,21,disambig,neg,SES:1411
bbq,SES,5646,1411,21,ambig,nonneg,SES:1411
bbq,SES,5647,1411,21,disambig,nonneg,SES:1411
bbq,SES,5772,1443,21,ambig,neg,SES:1443
bbq,SES,5773,1443,21,disambig,neg,SES:1443
bbq,SES,5774,1443,21,ambig,nonneg,SES:1443
bbq,SES,5775,1443,21,disambig,nonneg,SES:1443
bbq,SES,5852,1463,22,ambig,neg,SES:1463
bbq,SES,5853,1463,22,disambig,neg,SES:1463
bbq,SES,5854,1463,22,ambig,nonneg,SES:1463
bbq,SES,5855,1463,22,disambig,nonneg,SES:1463
bbq,SES,5928,1482,22,ambig,neg,SES:1482
bbq,SES,5929,1482,22,disambig,neg,SES:1482
bbq,SES,5930,1482,22,ambig,nonneg,SES:1482
bbq,SES,5931,1482,22,disambig,nonneg,SES:1482
bbq,SES,6032,1508,22,ambig,neg,SES:1508
bbq,SES,6033,1508,22,disambig,neg,SES:1508
bbq,SES,6034,1508,22,ambig,nonneg,SES:1508
bbq,SES,6035,1508,22,disambig,nonneg,SES:1508
bbq,SES,6444,1611,23,ambig,neg,SES:1611
bbq,SES,6445,1611,23,disambig,neg,SES:1611
bbq,SES,6446,1611,23,ambig,nonneg,SES:1611
bbq,SES,6447,1611,23,disambig,nonneg,SES:1611
bbq,SES,6572,1643,23,ambig,neg,SES:1643
bbq,SES,6573,1643,23,disambig,neg,SES:1643
bbq,SES,6574,1643,23,ambig,nonneg,SES:1643
bbq,SES,6575,1643,23,disambig,nonneg,SES:1643
bbq,SES,6660,1665,23,ambig,neg,SES:1665
bbq,SES,6661,1665,23,disambig,neg,SES:1665
bbq,SES,6662,1665,23,ambig,nonneg,SES:1665
bbq,SES,6663,1665,23,disambig,nonneg,SES:1665
bbq,SES,6776,1694,24,ambig,neg,SES:1694
bbq,SES,6777,1694,24,disambig,neg,SES:1694
bbq,SES,6778,1694,24,ambig,nonneg,SES:1694
bbq,SES,6779,1694,24,disambig,nonneg,SES:1694
bbq,SES,6860,1715,25,ambig,neg,SES:1715
bbq,SES,6861,1715,25,disambig,neg,SES:1715
bbq,SES,6862,1715,25,ambig,nonneg,SES:1715
bbq,SES,6863,1715,25,disambig,nonneg,SES:1715
bbq,Sexual_orientation,8,2,1,ambig,neg,Sexual_orientation:2
bbq,Sexual_orientation,9,2,1,disambig,neg,Sexual_orientation:2
bbq,Sexual_orientation,10,2,1,ambig,nonneg,Sexual_orientation:2
bbq,Sexual_orientation,11,2,1,disambig,nonneg,Sexual_orientation:2
bbq,Sexual_orientation,24,6,1,ambig,neg,Sexual_orientation:6
bbq,Sexual_orientation,25,6,1,disambig,neg,Sexual_orientation:6
bbq,Sexual_orientation,26,6,1,ambig,nonneg,Sexual_orientation:6
bbq,Sexual_orientation,27,6,1,disambig,nonneg,Sexual_orientation:6
bbq,Sexual_orientation,32,8,2,ambig,neg,Sexual_orientation:8
bbq,Sexual_orientation,33,8,2,disambig,neg,Sexual_orientation:8
bbq,Sexual_orientation,34,8,2,ambig,nonneg,Sexual_orientation:8
bbq,Sexual_orientation,35,8,2,disambig,nonneg,Sexual_orientation:8
bbq,Sexual_orientation,60,15,2,ambig,neg,Sexual_orientation:15
bbq,Sexual_orientation,61,15,2,disambig,neg,Sexual_orientation:15
bbq,Sexual_orientation,62,15,2,ambig,nonneg,Sexual_orientation:15
bbq,Sexual_orientation,63,15,2,disambig,nonneg,Sexual_orientation:15
bbq,Sexual_orientation,64,16,3,ambig,neg,Sexual_orientation:16
bbq,Sexual_orientation,65,16,3,disambig,neg,Sexual_orientation:16
bbq,Sexual_orientation,66,16,3,ambig,nonneg,Sexual_orientation:16
bbq,Sexual_orientation,67,16,3,disambig,nonneg,Sexual_orientation:16
bbq,Sexual_orientation,92,23,3,ambig,neg,Sexual_orientation:23
bbq,Sexual_orientation,93,23,3,disambig,neg,Sexual_orientation:23
bbq,Sexual_orientation,94,23,3,ambig,nonneg,Sexual_orientation:23
bbq,Sexual_orientation,95,23,3,disambig,nonneg,Sexual_orientation:23
bbq,Sexual_orientation,104,26,4,ambig,neg,Sexual_orientation:26
bbq,Sexual_orientation,105,26,4,disambig,neg,Sexual_orientation:26
bbq,Sexual_orientation,106,26,4,ambig,nonneg,Sexual_orientation:26
bbq,Sexual_orientation,107,26,4,disambig,nonneg,Sexual_orientation:26
bbq,Sexual_orientation,120,30,4,ambig,neg,Sexual_orientation:30
bbq,Sexual_orientation,121,30,4,disambig,neg,Sexual_orientation:30
bbq,Sexual_orientation,122,30,4,ambig,nonneg,Sexual_orientation:30
bbq,Sexual_orientation,123,30,4,disambig,nonneg,Sexual_orientation:30
bbq,Sexual_orientation,128,32,5,ambig,neg,Sexual_orientation:32
bbq,Sexual_orientation,129,32,5,disambig,neg,Sexual_orientation:32
bbq,Sexual_orientation,130,32,5,ambig,nonneg,Sexual_orientation:32
bbq,Sexual_orientation,131,32,5,disambig,nonneg,Sexual_orientation:32
bbq,Sexual_orientation,164,41,6,ambig,neg,Sexual_orientation:41
bbq,Sexual_orientation,165,41,6,disambig,neg,Sexual_orientation:41
bbq,Sexual_orientation,166,41,6,ambig,nonneg,Sexual_orientation:41
bbq,Sexual_orientation,167,41,6,disambig,nonneg,Sexual_orientation:41
bbq,Sexual_orientation,184,46,6,ambig,neg,Sexual_orientation:46
bbq,Sexual_orientation,185,46,6,disambig,neg,Sexual_orientation:46
bbq,Sexual_orientation,186,46,6,ambig,nonneg,Sexual_orientation:46
bbq,Sexual_orientation,187,46,6,disambig,nonneg,Sexual_orientation:46
bbq,Sexual_orientation,196,49,7,ambig,neg,Sexual_orientation:49
bbq,Sexual_orientation,197,49,7,disambig,neg,Sexual_orientation:49
bbq,Sexual_orientation,198,49,7,ambig,nonneg,Sexual_orientation:49
bbq,Sexual_orientation,199,49,7,disambig,nonneg,Sexual_orientation:49
bbq,Sexual_orientation,264,66,8,ambig,neg,Sexual_orientation:66
bbq,Sexual_orientation,265,66,8,disambig,neg,Sexual_orientation:66
bbq,Sexual_orientation,266,66,8,ambig,nonneg,Sexual_orientation:66
bbq,Sexual_orientation,267,66,8,disambig,nonneg,Sexual_orientation:66
bbq,Sexual_orientation,276,69,9,ambig,neg,Sexual_orientation:69
bbq,Sexual_orientation,277,69,9,disambig,neg,Sexual_orientation:69
bbq,Sexual_orientation,278,69,9,ambig,nonneg,Sexual_orientation:69
bbq,Sexual_orientation,279,69,9,disambig,nonneg,Sexual_orientation:69
bbq,Sexual_orientation,300,75,9,ambig,neg,Sexual_orientation:75
bbq,Sexual_orientation,301,75,9,disambig,neg,Sexual_orientation:75
bbq,Sexual_orientation,302,75,9,ambig,nonneg,Sexual_orientation:75
bbq,Sexual_orientation,303,75,9,disambig,nonneg,Sexual_orientation:75
bbq,Sexual_orientation,304,76,10,ambig,neg,Sexual_orientation:76
bbq,Sexual_orientation,305,76,10,disambig,neg,Sexual_orientation:76
bbq,Sexual_orientation,306,76,10,ambig,nonneg,Sexual_orientation:76
bbq,Sexual_orientation,307,76,10,disambig,nonneg,Sexual_orientation:76
bbq,Sexual_orientation,316,79,10,ambig,neg,Sexual_orientation:79
bbq,Sexual_orientation,317,79,10,disambig,neg,Sexual_orientation:79
bbq,Sexual_orientation,318,79,10,ambig,nonneg,Sexual_orientation:79
bbq,Sexual_orientation,319,79,10,disambig,nonneg,Sexual_orientation:79
bbq,Sexual_orientation,320,80,10,ambig,neg,Sexual_orientation:80
bbq,Sexual_orientation,321,80,10,disambig,neg,Sexual_orientation:80
bbq,Sexual_orientation,322,80,10,ambig,nonneg,Sexual_orientation:80
bbq,Sexual_orientation,323,80,10,disambig,nonneg,Sexual_orientation:80
bbq,Sexual_orientation,328,82,10,ambig,neg,Sexual_orientation:82
bbq,Sexual_orientation,329,82,10,disambig,neg,Sexual_orientation:82
bbq,Sexual_orientation,330,82,10,ambig,nonneg,Sexual_orientation:82
bbq,Sexual_orientation,331,82,10,disambig,nonneg,Sexual_orientation:82
bbq,Sexual_orientation,344,86,11,ambig,neg,Sexual_orientation:86
bbq,Sexual_orientation,345,86,11,disambig,neg,Sexual_orientation:86
bbq,Sexual_orientation,346,86,11,ambig,nonneg,Sexual_orientation:86
bbq,Sexual_orientation,347,86,11,disambig,nonneg,Sexual_orientation:86
bbq,Sexual_orientation,368,92,11,ambig,neg,Sexual_orientation:92
bbq,Sexual_orientation,369,92,11,disambig,neg,Sexual_orientation:92
bbq,Sexual_orientation,370,92,11,ambig,nonneg,Sexual_orientation:92
bbq,Sexual_orientation,371,92,11,disambig,nonneg,Sexual_orientation:92
bbq,Sexual_orientation,392,98,12,ambig,neg,Sexual_orientation:98
bbq,Sexual_orientation,393,98,12,disambig,neg,Sexual_orientation:98
bbq,Sexual_orientation,394,98,12,ambig,nonneg,Sexual_orientation:98
bbq,Sexual_orientation,395,98,12,disambig,nonneg,Sexual_orientation:98
bbq,Sexual_orientation,400,100,12,ambig,neg,Sexual_orientation:100
bbq,Sexual_orientation,401,100,12,disambig,neg,Sexual_orientation:100
bbq,Sexual_orientation,402,100,12,ambig,nonneg,Sexual_orientation:100
bbq,Sexual_orientation,403,100,12,disambig,nonneg,Sexual_orientation:100
bbq,Sexual_orientation,408,102,12,ambig,neg,Sexual_orientation:102
bbq,Sexual_orientation,409,102,12,disambig,neg,Sexual_orientation:102
bbq,Sexual_orientation,410,102,12,ambig,nonneg,Sexual_orientation:102
bbq,Sexual_orientation,411,102,12,disambig,nonneg,Sexual_orientation:102
bbq,Sexual_orientation,444,111,13,ambig,neg,Sexual_orientation:111
bbq,Sexual_orientation,445,111,13,disambig,neg,Sexual_orientation:111
bbq,Sexual_orientation,446,111,13,ambig,nonneg,Sexual_orientation:111
bbq,Sexual_orientation,447,111,13,disambig,nonneg,Sexual_orientation:111
bbq,Sexual_orientation,468,117,14,ambig,neg,Sexual_orientation:117
bbq,Sexual_orientation,469,117,14,disambig,neg,Sexual_orientation:117
bbq,Sexual_orientation,470,117,14,ambig,nonneg,Sexual_orientation:117
bbq,Sexual_orientation,471,117,14,disambig,nonneg,Sexual_orientation:117
bbq,Sexual_orientation,472,118,14,ambig,neg,Sexual_orientation:118
bbq,Sexual_orientation,473,118,14,disambig,neg,Sexual_orientation:118
bbq,Sexual_orientation,474,118,14,ambig,nonneg,Sexual_orientation:118
bbq,Sexual_orientation,475,118,14,disambig,nonneg,Sexual_orientation:118
bbq,Sexual_orientation,488,122,15,ambig,neg,Sexual_orientation:122
bbq,Sexual_orientation,489,122,15,disambig,neg,Sexual_orientation:122
bbq,Sexual_orientation,490,122,15,ambig,nonneg,Sexual_orientation:122
bbq,Sexual_orientation,491,122,15,disambig,nonneg,Sexual_orientation:122
bbq,Sexual_orientation,508,127,15,ambig,neg,Sexual_orientation:127
bbq,Sexual_orientation,509,127,15,disambig,neg,Sexual_orientation:127
bbq,Sexual_orientation,510,127,15,ambig,nonneg,Sexual_orientation:127
bbq,Sexual_orientation,511,127,15,disambig,nonneg,Sexual_orientation:127
bbq,Sexual_orientation,520,130,16,ambig,neg,Sexual_orientation:130
bbq,Sexual_orientation,521,130,16,disambig,neg,Sexual_orientation:130
bbq,Sexual_orientation,522,130,16,ambig,nonneg,Sexual_orientation:130
bbq,Sexual_orientation,523,130,16,disambig,nonneg,Sexual_orientation:130
bbq,Sexual_orientation,532,133,16,ambig,neg,Sexual_orientation:133
bbq,Sexual_orientation,533,133,16,disambig,neg,Sexual_orientation:133
bbq,Sexual_orientation,534,133,16,ambig,nonneg,Sexual_orientation:133
bbq,Sexual_orientation,535,133,16,disambig,nonneg,Sexual_orientation:133
bbq,Sexual_orientation,568,142,17,ambig,neg,Sexual_orientation:142
bbq,Sexual_orientation,569,142,17,disambig,neg,Sexual_orientation:142
bbq,Sexual_orientation,570,142,17,ambig,nonneg,Sexual_orientation:142
bbq,Sexual_orientation,571,142,17,disambig,nonneg,Sexual_orientation:142
bbq,Sexual_orientation,572,143,17,ambig,neg,Sexual_orientation:143
bbq,Sexual_orientation,573,143,17,disambig,neg,Sexual_orientation:143
bbq,Sexual_orientation,574,143,17,ambig,nonneg,Sexual_orientation:143
bbq,Sexual_orientation,575,143,17,disambig,nonneg,Sexual_orientation:143
bbq,Sexual_orientation,596,149,18,ambig,neg,Sexual_orientation:149
bbq,Sexual_orientation,597,149,18,disambig,neg,Sexual_orientation:149
bbq,Sexual_orientation,598,149,18,ambig,nonneg,Sexual_orientation:149
bbq,Sexual_orientation,599,149,18,disambig,nonneg,Sexual_orientation:149
bbq,Sexual_orientation,612,153,19,ambig,neg,Sexual_orientation:153
bbq,Sexual_orientation,613,153,19,disambig,neg,Sexual_orientation:153
bbq,Sexual_orientation,614,153,19,ambig,nonneg,Sexual_orientation:153
bbq,Sexual_orientation,615,153,19,disambig,nonneg,Sexual_orientation:153
bbq,Sexual_orientation,624,156,19,ambig,neg,Sexual_orientation:156
bbq,Sexual_orientation,625,156,19,disambig,neg,Sexual_orientation:156
bbq,Sexual_orientation,626,156,19,ambig,nonneg,Sexual_orientation:156
bbq,Sexual_orientation,627,156,19,disambig,nonneg,Sexual_orientation:156
bbq,Sexual_orientation,644,161,20,ambig,neg,Sexual_orientation:161
bbq,Sexual_orientation,645,161,20,disambig,neg,Sexual_orientation:161
bbq,Sexual_orientation,646,161,20,ambig,nonneg,Sexual_orientation:161
bbq,Sexual_orientation,647,161,20,disambig,nonneg,Sexual_orientation:161
bbq,Sexual_orientation,700,175,21,ambig,neg,Sexual_orientation:175
bbq,Sexual_orientation,701,175,21,disambig,neg,Sexual_orientation:175
bbq,Sexual_orientation,702,175,21,ambig,nonneg,Sexual_orientation:175
bbq,Sexual_orientation,703,175,21,disambig,nonneg,Sexual_orientation:175
bbq,Sexual_orientation,740,185,22,ambig,neg,Sexual_orientation:185
bbq,Sexual_orientation,741,185,22,disambig,neg,Sexual_orientation:185
bbq,Sexual_orientation,742,185,22,ambig,nonneg,Sexual_orientation:185
bbq,Sexual_orientation,743,185,22,disambig,nonneg,Sexual_orientation:185
bbq,Sexual_orientation,748,187,22,ambig,neg,Sexual_orientation:187
bbq,Sexual_orientation,749,187,22,disambig,neg,Sexual_orientation:187
bbq,Sexual_orientation,750,187,22,ambig,nonneg,Sexual_orientation:187
bbq,Sexual_orientation,751,187,22,disambig,nonneg,Sexual_orientation:187
bbq,Sexual_orientation,772,193,23,ambig,neg,Sexual_orientation:193
bbq,Sexual_orientation,773,193,23,disambig,neg,Sexual_orientation:193
bbq,Sexual_orientation,774,193,23,ambig,nonneg,Sexual_orientation:193
bbq,Sexual_orientation,775,193,23,disambig,nonneg,Sexual_orientation:193
bbq,Sexual_orientation,788,197,23,ambig,neg,Sexual_orientation:197
bbq,Sexual_orientation,789,197,23,disambig,neg,Sexual_orientation:197
bbq,Sexual_orientation,790,197,23,ambig,nonneg,Sexual_orientation:197
bbq,Sexual_orientation,791,197,23,disambig,nonneg,Sexual_orientation:197
bbq,Sexual_orientation,792,198,23,ambig,neg,Sexual_orientation:198
bbq,Sexual_orientation,793,198,23,disambig,neg,Sexual_orientation:198
bbq,Sexual_orientation,794,198,23,ambig,nonneg,Sexual_orientation:198
bbq,Sexual_orientation,795,198,23,disambig,nonneg,Sexual_orientation:198
bbq,Sexual_orientation,812,203,24,ambig,neg,Sexual_orientation:203
bbq,Sexual_orientation,813,203,24,disambig,neg,Sexual_orientation:203
bbq,Sexual_orientation,814,203,24,ambig,nonneg,Sexual_orientation:203
bbq,Sexual_orientation,815,203,24,disambig,nonneg,Sexual_orientation:203
bbq,Sexual_orientation,844,211,25,ambig,neg,Sexual_orientation:211
bbq,Sexual_orientation,845,211,25,disambig,neg,Sexual_orientation:211
bbq,Sexual_orientation,846,211,25,ambig,nonneg,Sexual_orientation:211
bbq,Sexual_orientation,847,211,25,disambig,nonneg,Sexual_orientation:211
